actor,target,type
edison1105,sxzz,COMMENT_ON_ISSUE_OR_PR
edison1105,sxzz,COMMENT_ON_ISSUE_OR_PR
edison1105,sxzz,ISSUE_CLOSED_BY_OTHER
xqin,songshuangshuang2,COMMENT_ON_ISSUE_OR_PR
dxxta,songshuangshuang2,COMMENT_ON_ISSUE_OR_PR
ziyinAtEnboarder,songshuangshuang2,COMMENT_ON_ISSUE_OR_PR
zfz329114474,songshuangshuang2,COMMENT_ON_ISSUE_OR_PR
zcw1994,songshuangshuang2,COMMENT_ON_ISSUE_OR_PR
Lanchili,songshuangshuang2,COMMENT_ON_ISSUE_OR_PR
co2color,songshuangshuang2,COMMENT_ON_ISSUE_OR_PR
yangxu52,songshuangshuang2,COMMENT_ON_ISSUE_OR_PR
gaokun,songshuangshuang2,COMMENT_ON_ISSUE_OR_PR
iskw9973,songshuangshuang2,COMMENT_ON_ISSUE_OR_PR
june-618,songshuangshuang2,COMMENT_ON_ISSUE_OR_PR
edison1105,songshuangshuang2,COMMENT_ON_ISSUE_OR_PR
Kocal,songshuangshuang2,COMMENT_ON_ISSUE_OR_PR
edison1105,songshuangshuang2,ISSUE_CLOSED_BY_OTHER
edison1105,guyutongxue,ISSUE_CLOSED_BY_OTHER
edison1105,Jungzl,COMMENT_ON_ISSUE_OR_PR
edison1105,Jungzl,ISSUE_CLOSED_BY_OTHER
edison1105,adnesvetaev,ISSUE_CLOSED_BY_OTHER
linzhe141,mbergen,COMMENT_ON_ISSUE_OR_PR
edison1105,yangmingshan,ISSUE_CLOSED_BY_OTHER
edison1105,wsi18n,ISSUE_CLOSED_BY_OTHER
edison1105,hadakadenkyu,ISSUE_CLOSED_BY_OTHER
edison1105,pont1s,ISSUE_CLOSED_BY_OTHER
edison1105,tiagoroldao,COMMENT_ON_ISSUE_OR_PR
edison1105,tiagoroldao,ISSUE_CLOSED_BY_OTHER
edison1105,hadakadenkyu,ISSUE_CLOSED_BY_OTHER
edison1105,rsauget,ISSUE_CLOSED_BY_OTHER
edison1105,Milkjuiceman,ISSUE_CLOSED_BY_OTHER
edison1105,jackma9604,ISSUE_CLOSED_BY_OTHER
edison1105,jackma9604,ISSUE_CLOSED_BY_OTHER
KazariEX,raldone01,ISSUE_CLOSED_BY_OTHER
edison1105,rdhelms,COMMENT_ON_ISSUE_OR_PR
edison1105,rdhelms,ISSUE_CLOSED_BY_OTHER
edison1105,Kaidesuyoo,COMMENT_ON_ISSUE_OR_PR
edison1105,Kaidesuyoo,COMMENT_ON_ISSUE_OR_PR
edison1105,justinbeaty,ISSUE_CLOSED_BY_OTHER
edison1105,Mini-ghost,ISSUE_CLOSED_BY_OTHER
edison1105,justinbeaty,COMMENT_ON_ISSUE_OR_PR
edison1105,justinbeaty,ISSUE_CLOSED_BY_OTHER
edison1105,axtho,COMMENT_ON_ISSUE_OR_PR
edison1105,Flo0806,ISSUE_CLOSED_BY_OTHER
edison1105,Captainpast,COMMENT_ON_ISSUE_OR_PR
edison1105,Captainpast,ISSUE_CLOSED_BY_OTHER
edison1105,kcmeven,COMMENT_ON_ISSUE_OR_PR
edison1105,kcmeven,ISSUE_CLOSED_BY_OTHER
KtDune,rzzf,COMMENT_ON_ISSUE_OR_PR
KtDune,rzzf,COMMENT_ON_ISSUE_OR_PR
linzhe141,rzzf,COMMENT_ON_ISSUE_OR_PR
edison1105,rzzf,COMMENT_ON_ISSUE_OR_PR
edison1105,rzzf,ISSUE_CLOSED_BY_OTHER
edison1105,cernymatej,ISSUE_CLOSED_BY_OTHER
edison1105,wuchunxu,COMMENT_ON_ISSUE_OR_PR
ashishkr96,wuchunxu,COMMENT_ON_ISSUE_OR_PR
edison1105,wuchunxu,ISSUE_CLOSED_BY_OTHER
edison1105,cosmincartas,COMMENT_ON_ISSUE_OR_PR
edison1105,cosmincartas,COMMENT_ON_ISSUE_OR_PR
beanscg,cosmincartas,COMMENT_ON_ISSUE_OR_PR
edison1105,jackma9604,COMMENT_ON_ISSUE_OR_PR
edison1105,jackma9604,ISSUE_CLOSED_BY_OTHER
edison1105,brc-dd,ISSUE_CLOSED_BY_OTHER
edison1105,jackma9604,COMMENT_ON_ISSUE_OR_PR
edison1105,jackma9604,COMMENT_ON_ISSUE_OR_PR
edison1105,jackma9604,COMMENT_ON_ISSUE_OR_PR
edison1105,jackma9604,ISSUE_CLOSED_BY_OTHER
edison1105,bgarcias-cp,COMMENT_ON_ISSUE_OR_PR
edison1105,bgarcias-cp,ISSUE_CLOSED_BY_OTHER
edison1105,lichunju1,ISSUE_CLOSED_BY_OTHER
edison1105,gitlibingchen,COMMENT_ON_ISSUE_OR_PR
absidue,bitbytebit1,COMMENT_ON_ISSUE_OR_PR
edison1105,bitbytebit1,COMMENT_ON_ISSUE_OR_PR
edison1105,bitbytebit1,ISSUE_CLOSED_BY_OTHER
edison1105,ZacharyBear,COMMENT_ON_ISSUE_OR_PR
edison1105,jenjen75,ISSUE_CLOSED_BY_OTHER
edison1105,cernymatej,ISSUE_CLOSED_BY_OTHER
edison1105,jackma9604,COMMENT_ON_ISSUE_OR_PR
edison1105,jackma9604,ISSUE_CLOSED_BY_OTHER
edison1105,jackma9604,COMMENT_ON_ISSUE_OR_PR
edison1105,jackma9604,ISSUE_CLOSED_BY_OTHER
edison1105,jackma9604,COMMENT_ON_ISSUE_OR_PR
edison1105,jackma9604,COMMENT_ON_ISSUE_OR_PR
edison1105,jackma9604,ISSUE_CLOSED_BY_OTHER
edison1105,Gabriel-SPassos,ISSUE_CLOSED_BY_OTHER
edison1105,jods4,ISSUE_CLOSED_BY_OTHER
edison1105,f3oall,ISSUE_CLOSED_BY_OTHER
skirtles-code,cernymatej,COMMENT_ON_ISSUE_OR_PR
edison1105,raldone01,COMMENT_ON_ISSUE_OR_PR
edison1105,raldone01,COMMENT_ON_ISSUE_OR_PR
edison1105,raldone01,ISSUE_CLOSED_BY_OTHER
edison1105,CrazyboyQCD,COMMENT_ON_ISSUE_OR_PR
edison1105,CrazyboyQCD,ISSUE_CLOSED_BY_OTHER
l246804,WJ0527,COMMENT_ON_ISSUE_OR_PR
edison1105,WJ0527,COMMENT_ON_ISSUE_OR_PR
l246804,WJ0527,COMMENT_ON_ISSUE_OR_PR
l246804,WJ0527,COMMENT_ON_ISSUE_OR_PR
l246804,WJ0527,COMMENT_ON_ISSUE_OR_PR
l246804,WJ0527,COMMENT_ON_ISSUE_OR_PR
edison1105,WJ0527,ISSUE_CLOSED_BY_OTHER
edison1105,raldone01,ISSUE_CLOSED_BY_OTHER
world01102,bitbytebit1,COMMENT_ON_ISSUE_OR_PR
edison1105,bitbytebit1,COMMENT_ON_ISSUE_OR_PR
edison1105,bitbytebit1,ISSUE_CLOSED_BY_OTHER
edison1105,hooray,ISSUE_CLOSED_BY_OTHER
edison1105,jackma9604,COMMENT_ON_ISSUE_OR_PR
edison1105,jackma9604,COMMENT_ON_ISSUE_OR_PR
edison1105,jackma9604,ISSUE_CLOSED_BY_OTHER
edison1105,GeoffreyParrier,ISSUE_CLOSED_BY_OTHER
edison1105,GeoffreyParrier,COMMENT_ON_ISSUE_OR_PR
edison1105,GeoffreyParrier,ISSUE_CLOSED_BY_OTHER
haoqunjiang,oodavid,COMMENT_ON_ISSUE_OR_PR
haoqunjiang,oodavid,ISSUE_CLOSED_BY_OTHER
edison1105,cernymatej,ISSUE_CLOSED_BY_OTHER
edison1105,zlotnika,COMMENT_ON_ISSUE_OR_PR
haoqunjiang,zlotnika,COMMENT_ON_ISSUE_OR_PR
haoqunjiang,zlotnika,ISSUE_CLOSED_BY_OTHER
edison1105,jackma9604,COMMENT_ON_ISSUE_OR_PR
edison1105,jackma9604,ISSUE_CLOSED_BY_OTHER
edison1105,jackma9604,COMMENT_ON_ISSUE_OR_PR
edison1105,jackma9604,COMMENT_ON_ISSUE_OR_PR
edison1105,jackma9604,ISSUE_CLOSED_BY_OTHER
edison1105,duowb,COMMENT_ON_ISSUE_OR_PR
edison1105,duowb,ISSUE_CLOSED_BY_OTHER
edison1105,jackma9604,COMMENT_ON_ISSUE_OR_PR
edison1105,jackma9604,ISSUE_CLOSED_BY_OTHER
Mini-ghost,indykoning,COMMENT_ON_ISSUE_OR_PR
edison1105,indykoning,COMMENT_ON_ISSUE_OR_PR
edison1105,indykoning,ISSUE_CLOSED_BY_OTHER
edison1105,clemdee,ISSUE_CLOSED_BY_OTHER
edison1105,IGx89,ISSUE_CLOSED_BY_OTHER
edison1105,l246804,COMMENT_ON_ISSUE_OR_PR
edison1105,l246804,ISSUE_CLOSED_BY_OTHER
edison1105,makedopamine,COMMENT_ON_ISSUE_OR_PR
edison1105,makedopamine,ISSUE_CLOSED_BY_OTHER
edison1105,jackma9604,COMMENT_ON_ISSUE_OR_PR
edison1105,jackma9604,ISSUE_CLOSED_BY_OTHER
edison1105,oodavid,ISSUE_CLOSED_BY_OTHER
edison1105,zhiyuanzmj,COMMENT_ON_ISSUE_OR_PR
edison1105,zhiyuanzmj,ISSUE_CLOSED_BY_OTHER
edison1105,jackma9604,COMMENT_ON_ISSUE_OR_PR
edison1105,jackma9604,ISSUE_CLOSED_BY_OTHER
edison1105,paul-rouse,COMMENT_ON_ISSUE_OR_PR
edison1105,paul-rouse,ISSUE_CLOSED_BY_OTHER
unshame,bysoft-unai,COMMENT_ON_ISSUE_OR_PR
Justineo,bysoft-unai,COMMENT_ON_ISSUE_OR_PR
Justineo,bysoft-unai,ISSUE_CLOSED_BY_OTHER
absidue,stefanonepanedap,COMMENT_ON_ISSUE_OR_PR
edison1105,stefanonepanedap,COMMENT_ON_ISSUE_OR_PR
edison1105,stefanonepanedap,ISSUE_CLOSED_BY_OTHER
edison1105,MisterIsaak,COMMENT_ON_ISSUE_OR_PR
edison1105,MisterIsaak,ISSUE_CLOSED_BY_OTHER
edison1105,Timbuktu1982,COMMENT_ON_ISSUE_OR_PR
edison1105,Timbuktu1982,COMMENT_ON_ISSUE_OR_PR
edison1105,Timbuktu1982,ISSUE_CLOSED_BY_OTHER
edison1105,lfhenrl,COMMENT_ON_ISSUE_OR_PR
edison1105,lfhenrl,ISSUE_CLOSED_BY_OTHER
edison1105,unshame,COMMENT_ON_ISSUE_OR_PR
edison1105,unshame,ISSUE_CLOSED_BY_OTHER
edison1105,andreww2012,COMMENT_ON_ISSUE_OR_PR
edison1105,andreww2012,COMMENT_ON_ISSUE_OR_PR
edison1105,andreww2012,ISSUE_CLOSED_BY_OTHER
edison1105,Xli33,ISSUE_CLOSED_BY_OTHER
beanscg,zhiyuanzmj,COMMENT_ON_ISSUE_OR_PR
edison1105,lutdev,COMMENT_ON_ISSUE_OR_PR
edison1105,lutdev,ISSUE_CLOSED_BY_OTHER
edison1105,niksy,COMMENT_ON_ISSUE_OR_PR
edison1105,niksy,COMMENT_ON_ISSUE_OR_PR
edison1105,niksy,ISSUE_CLOSED_BY_OTHER
edison1105,jackma9604,COMMENT_ON_ISSUE_OR_PR
edison1105,jackma9604,ISSUE_CLOSED_BY_OTHER
prince-kunwar-xcelore,DamianGlowala,COMMENT_ON_ISSUE_OR_PR
linzhe141,jods4,COMMENT_ON_ISSUE_OR_PR
edison1105,jods4,COMMENT_ON_ISSUE_OR_PR
edison1105,jods4,ISSUE_CLOSED_BY_OTHER
linzhe141,ZhuBenshan,COMMENT_ON_ISSUE_OR_PR
Justineo,ZhuBenshan,COMMENT_ON_ISSUE_OR_PR
edison1105,ZhuBenshan,COMMENT_ON_ISSUE_OR_PR
edison1105,ZhuBenshan,ISSUE_CLOSED_BY_OTHER
edison1105,bitbytebit1,COMMENT_ON_ISSUE_OR_PR
edison1105,bitbytebit1,ISSUE_CLOSED_BY_OTHER
edison1105,jackma9604,COMMENT_ON_ISSUE_OR_PR
edison1105,jackma9604,COMMENT_ON_ISSUE_OR_PR
edison1105,jackma9604,COMMENT_ON_ISSUE_OR_PR
edison1105,jackma9604,ISSUE_CLOSED_BY_OTHER
edison1105,dsine-de,COMMENT_ON_ISSUE_OR_PR
edison1105,dsine-de,ISSUE_CLOSED_BY_OTHER
edison1105,TiBianMod,COMMENT_ON_ISSUE_OR_PR
edison1105,TiBianMod,COMMENT_ON_ISSUE_OR_PR
edison1105,houd1ni,COMMENT_ON_ISSUE_OR_PR
edison1105,houd1ni,COMMENT_ON_ISSUE_OR_PR
edison1105,houd1ni,COMMENT_ON_ISSUE_OR_PR
edison1105,boga001,COMMENT_ON_ISSUE_OR_PR
edison1105,boga001,ISSUE_CLOSED_BY_OTHER
edison1105,webfanzc,COMMENT_ON_ISSUE_OR_PR
edison1105,webfanzc,COMMENT_ON_ISSUE_OR_PR
edison1105,webfanzc,COMMENT_ON_ISSUE_OR_PR
edison1105,webfanzc,ISSUE_CLOSED_BY_OTHER
edison1105,serkodev,ISSUE_CLOSED_BY_OTHER
edison1105,mrleblanc101,COMMENT_ON_ISSUE_OR_PR
edison1105,mrleblanc101,COMMENT_ON_ISSUE_OR_PR
theurzil,DerZade,COMMENT_ON_ISSUE_OR_PR
beanscg,DerZade,COMMENT_ON_ISSUE_OR_PR
edison1105,AlexRen94,ISSUE_CLOSED_BY_OTHER
edison1105,tianjian-sky,COMMENT_ON_ISSUE_OR_PR
edison1105,tianjian-sky,ISSUE_CLOSED_BY_OTHER
edison1105,aakudinov28,ISSUE_CLOSED_BY_OTHER
edison1105,Idle02,COMMENT_ON_ISSUE_OR_PR
edison1105,Idle02,ISSUE_CLOSED_BY_OTHER
edison1105,d1820,COMMENT_ON_ISSUE_OR_PR
edison1105,d1820,COMMENT_ON_ISSUE_OR_PR
edison1105,OpenBST,COMMENT_ON_ISSUE_OR_PR
edison1105,OpenBST,ISSUE_CLOSED_BY_OTHER
edison1105,cexbrayat,COMMENT_ON_ISSUE_OR_PR
edison1105,cexbrayat,ISSUE_CLOSED_BY_OTHER
edison1105,scottbedard,COMMENT_ON_ISSUE_OR_PR
edison1105,scottbedard,ISSUE_CLOSED_BY_OTHER
linzhe141,FanetheDivine,COMMENT_ON_ISSUE_OR_PR
edison1105,FanetheDivine,ISSUE_CLOSED_BY_OTHER
edison1105,github-linong,COMMENT_ON_ISSUE_OR_PR
edison1105,rak-phillip,ISSUE_CLOSED_BY_OTHER
edison1105,EvgeniyShigartsov,ISSUE_CLOSED_BY_OTHER
Gianthard-cyh,Capybara12344321,COMMENT_ON_ISSUE_OR_PR
edison1105,Capybara12344321,COMMENT_ON_ISSUE_OR_PR
edison1105,Capybara12344321,COMMENT_ON_ISSUE_OR_PR
edison1105,Capybara12344321,ISSUE_CLOSED_BY_OTHER
seekskyworld,auvred,COMMENT_ON_ISSUE_OR_PR
edison1105,skirtles-code,COMMENT_ON_ISSUE_OR_PR
edison1105,skirtles-code,ISSUE_CLOSED_BY_OTHER
edison1105,kingyue737,COMMENT_ON_ISSUE_OR_PR
danielroe,kingyue737,COMMENT_ON_ISSUE_OR_PR
Justineo,kingyue737,COMMENT_ON_ISSUE_OR_PR
edison1105,kingyue737,COMMENT_ON_ISSUE_OR_PR
edison1105,kingyue737,ISSUE_CLOSED_BY_OTHER
Justineo,huaixunanzhong,COMMENT_ON_ISSUE_OR_PR
Justineo,huaixunanzhong,ISSUE_CLOSED_BY_OTHER
edison1105,skirtles-code,COMMENT_ON_ISSUE_OR_PR
edison1105,skirtles-code,ISSUE_CLOSED_BY_OTHER
edison1105,skirtles-code,COMMENT_ON_ISSUE_OR_PR
edison1105,skirtles-code,ISSUE_CLOSED_BY_OTHER
edison1105,OpenBST,COMMENT_ON_ISSUE_OR_PR
edison1105,OpenBST,ISSUE_CLOSED_BY_OTHER
edison1105,igorexa34314,ISSUE_CLOSED_BY_OTHER
edison1105,qql2,COMMENT_ON_ISSUE_OR_PR
edison1105,qql2,ISSUE_CLOSED_BY_OTHER
edison1105,Hibi-10000,COMMENT_ON_ISSUE_OR_PR
edison1105,Hibi-10000,ISSUE_CLOSED_BY_OTHER
edison1105,lin52025iq,COMMENT_ON_ISSUE_OR_PR
edison1105,lin52025iq,ISSUE_CLOSED_BY_OTHER
coderabbitai[bot],Rednas83,COMMENT_ON_ISSUE_OR_PR
edison1105,Rednas83,COMMENT_ON_ISSUE_OR_PR
edison1105,Rednas83,COMMENT_ON_ISSUE_OR_PR
edison1105,Rednas83,ISSUE_CLOSED_BY_OTHER
coderabbitai[bot],auvred,COMMENT_ON_ISSUE_OR_PR
guda-art,auvred,COMMENT_ON_ISSUE_OR_PR
edison1105,auvred,COMMENT_ON_ISSUE_OR_PR
edison1105,auvred,ISSUE_CLOSED_BY_OTHER
absidue,rudyxu1102,COMMENT_ON_ISSUE_OR_PR
edison1105,guda-art,ISSUE_CLOSED_BY_OTHER
edison1105,huangxiuqi,ISSUE_CLOSED_BY_OTHER
edison1105,filimon-danopoulos-stratsys,COMMENT_ON_ISSUE_OR_PR
edison1105,jahnli,ISSUE_CLOSED_BY_OTHER
edison1105,hkobay,ISSUE_CLOSED_BY_OTHER
edison1105,justinbeaty,ISSUE_CLOSED_BY_OTHER
edison1105,b-valdez,COMMENT_ON_ISSUE_OR_PR
edison1105,b-valdez,ISSUE_CLOSED_BY_OTHER
sanwalsulehri,Sanderovich,COMMENT_ON_ISSUE_OR_PR
KazariEX,ratijas,COMMENT_ON_ISSUE_OR_PR
KazariEX,ratijas,COMMENT_ON_ISSUE_OR_PR
KazariEX,ratijas,COMMENT_ON_ISSUE_OR_PR
edison1105,ratijas,COMMENT_ON_ISSUE_OR_PR
edison1105,ratijas,ISSUE_CLOSED_BY_OTHER
Tofandel,koelnconcert,COMMENT_ON_ISSUE_OR_PR
edison1105,koelnconcert,ISSUE_CLOSED_BY_OTHER
edison1105,q269384828,ISSUE_CLOSED_BY_OTHER
edison1105,leondeklerkfenetre,COMMENT_ON_ISSUE_OR_PR
edison1105,leondeklerkfenetre,ISSUE_CLOSED_BY_OTHER
edison1105,productdevbook,COMMENT_ON_ISSUE_OR_PR
DutchGerman,productdevbook,COMMENT_ON_ISSUE_OR_PR
edison1105,productdevbook,ISSUE_CLOSED_BY_OTHER
edison1105,lacherogwu,COMMENT_ON_ISSUE_OR_PR
edison1105,lacherogwu,ISSUE_CLOSED_BY_OTHER
linzhe141,guda-art,COMMENT_ON_ISSUE_OR_PR
edison1105,guda-art,COMMENT_ON_ISSUE_OR_PR
edison1105,guda-art,ISSUE_CLOSED_BY_OTHER
guda-art,Fan-iX,COMMENT_ON_ISSUE_OR_PR
edison1105,Fan-iX,COMMENT_ON_ISSUE_OR_PR
edison1105,Fan-iX,ISSUE_CLOSED_BY_OTHER
edison1105,camsteffen,COMMENT_ON_ISSUE_OR_PR
edison1105,camsteffen,ISSUE_CLOSED_BY_OTHER
skirtles-code,pouyam79i,COMMENT_ON_ISSUE_OR_PR
edison1105,pouyam79i,ISSUE_CLOSED_BY_OTHER
edison1105,nholtman,COMMENT_ON_ISSUE_OR_PR
edison1105,nholtman,ISSUE_CLOSED_BY_OTHER
KazariEX,FineArchs,COMMENT_ON_ISSUE_OR_PR
edison1105,FineArchs,COMMENT_ON_ISSUE_OR_PR
edison1105,FineArchs,ISSUE_CLOSED_BY_OTHER
edison1105,Roan-Elven,ISSUE_CLOSED_BY_OTHER
edison1105,serkodev,ISSUE_CLOSED_BY_OTHER
ooyyh,sirxemic,COMMENT_ON_ISSUE_OR_PR
edison1105,sirxemic,COMMENT_ON_ISSUE_OR_PR
edison1105,sirxemic,ISSUE_CLOSED_BY_OTHER
edison1105,burgyl,COMMENT_ON_ISSUE_OR_PR
edison1105,burgyl,ISSUE_CLOSED_BY_OTHER
edison1105,Fi2zz,COMMENT_ON_ISSUE_OR_PR
edison1105,Fi2zz,ISSUE_CLOSED_BY_OTHER
edison1105,heiko1234,COMMENT_ON_ISSUE_OR_PR
github-actions[bot],heiko1234,ISSUE_CLOSED_BY_OTHER
Justineo,araney,COMMENT_ON_ISSUE_OR_PR
Justineo,araney,COMMENT_ON_ISSUE_OR_PR
Justineo,araney,ISSUE_CLOSED_BY_OTHER
edison1105,XuXYong,COMMENT_ON_ISSUE_OR_PR
liulinboyi,XuXYong,COMMENT_ON_ISSUE_OR_PR
edison1105,roshnimridha04,COMMENT_ON_ISSUE_OR_PR
edison1105,eamd-wq,COMMENT_ON_ISSUE_OR_PR
edison1105,eamd-wq,ISSUE_CLOSED_BY_OTHER
edison1105,whaijungit,ISSUE_CLOSED_BY_OTHER
edison1105,whaijungit,COMMENT_ON_ISSUE_OR_PR
edison1105,whaijungit,ISSUE_CLOSED_BY_OTHER
edison1105,whaijungit,COMMENT_ON_ISSUE_OR_PR
edison1105,whaijungit,ISSUE_CLOSED_BY_OTHER
edison1105,wang1plus,COMMENT_ON_ISSUE_OR_PR
edison1105,wang1plus,ISSUE_CLOSED_BY_OTHER
edison1105,cernymatej,COMMENT_ON_ISSUE_OR_PR
edison1105,cernymatej,COMMENT_ON_ISSUE_OR_PR
edison1105,cernymatej,ISSUE_CLOSED_BY_OTHER
edison1105,trrk,COMMENT_ON_ISSUE_OR_PR
edison1105,trrk,ISSUE_CLOSED_BY_OTHER
fratzinger,MysterCat,COMMENT_ON_ISSUE_OR_PR
linzhe141,MysterCat,COMMENT_ON_ISSUE_OR_PR
edison1105,MysterCat,ISSUE_CLOSED_BY_OTHER
edison1105,odzhychko,COMMENT_ON_ISSUE_OR_PR
f820602h,odzhychko,COMMENT_ON_ISSUE_OR_PR
edison1105,odzhychko,ISSUE_CLOSED_BY_OTHER
mat813,cyberalien,COMMENT_ON_ISSUE_OR_PR
AaronDewes,cyberalien,COMMENT_ON_ISSUE_OR_PR
AaronDewes,cyberalien,COMMENT_ON_ISSUE_OR_PR
bram-pkg,cyberalien,COMMENT_ON_ISSUE_OR_PR
negezor,cyberalien,COMMENT_ON_ISSUE_OR_PR
AaronDewes,cyberalien,COMMENT_ON_ISSUE_OR_PR
negezor,cyberalien,COMMENT_ON_ISSUE_OR_PR
zhiyuanzmj,cyberalien,COMMENT_ON_ISSUE_OR_PR
scottbedard,cyberalien,COMMENT_ON_ISSUE_OR_PR
edison1105,cyberalien,ISSUE_CLOSED_BY_OTHER
coderabbitai[bot],jevin98,COMMENT_ON_ISSUE_OR_PR
edison1105,jevin98,ISSUE_CLOSED_BY_OTHER
coderabbitai[bot],dotlogix,COMMENT_ON_ISSUE_OR_PR
edison1105,dotlogix,COMMENT_ON_ISSUE_OR_PR
edison1105,Starlord48,COMMENT_ON_ISSUE_OR_PR
edison1105,L-ZJoker,COMMENT_ON_ISSUE_OR_PR
edison1105,L-ZJoker,COMMENT_ON_ISSUE_OR_PR
edison1105,L-ZJoker,ISSUE_CLOSED_BY_OTHER
edison1105,indykoning,COMMENT_ON_ISSUE_OR_PR
edison1105,indykoning,ISSUE_CLOSED_BY_OTHER
edison1105,wuiyang,COMMENT_ON_ISSUE_OR_PR
edison1105,wuiyang,ISSUE_CLOSED_BY_OTHER
edison1105,michaelcozzolino,COMMENT_ON_ISSUE_OR_PR
edison1105,michaelcozzolino,ISSUE_CLOSED_BY_OTHER
edison1105,costinLi,COMMENT_ON_ISSUE_OR_PR
edison1105,costinLi,ISSUE_CLOSED_BY_OTHER
Justineo,LovePlayCode,COMMENT_ON_ISSUE_OR_PR
Justineo,LovePlayCode,ISSUE_CLOSED_BY_OTHER
edison1105,rzzf,ISSUE_CLOSED_BY_OTHER
edison1105,chuilee,COMMENT_ON_ISSUE_OR_PR
edison1105,chuilee,ISSUE_CLOSED_BY_OTHER
skirtles-code,auvred,COMMENT_ON_ISSUE_OR_PR
edison1105,SpanManX,COMMENT_ON_ISSUE_OR_PR
KazariEX,fcecilie,COMMENT_ON_ISSUE_OR_PR
KazariEX,fcecilie,COMMENT_ON_ISSUE_OR_PR
edison1105,boobam22,COMMENT_ON_ISSUE_OR_PR
edison1105,boobam22,ISSUE_CLOSED_BY_OTHER
KazariEX,kirk-loretz-fsn,ISSUE_CLOSED_BY_OTHER
skirtles-code,noellelevydialpad,COMMENT_ON_ISSUE_OR_PR
edison1105,noellelevydialpad,ISSUE_CLOSED_BY_OTHER
skirtles-code,mingleax,COMMENT_ON_ISSUE_OR_PR
skirtles-code,maxfrees,COMMENT_ON_ISSUE_OR_PR
edison1105,maxfrees,ISSUE_CLOSED_BY_OTHER
edison1105,ElYaiko,COMMENT_ON_ISSUE_OR_PR
edison1105,ElYaiko,ISSUE_CLOSED_BY_OTHER
xiaocainiao633,zfeher,COMMENT_ON_ISSUE_OR_PR
wangcch,zfeher,COMMENT_ON_ISSUE_OR_PR
xiaocainiao633,zfeher,COMMENT_ON_ISSUE_OR_PR
xiaocainiao633,zfeher,COMMENT_ON_ISSUE_OR_PR
8797110103-8955,zfeher,COMMENT_ON_ISSUE_OR_PR
edison1105,kangwuyi,COMMENT_ON_ISSUE_OR_PR
edison1105,kangwuyi,ISSUE_CLOSED_BY_OTHER
edison1105,Szymon-dziewonski,COMMENT_ON_ISSUE_OR_PR
johnazule,Szymon-dziewonski,COMMENT_ON_ISSUE_OR_PR
Dsaquel,Szymon-dziewonski,COMMENT_ON_ISSUE_OR_PR
edison1105,rzzf,ISSUE_CLOSED_BY_OTHER
edison1105,canciodev,ISSUE_CLOSED_BY_OTHER
yaxingson,hengistchan,COMMENT_ON_ISSUE_OR_PR
skirtles-code,hengistchan,COMMENT_ON_ISSUE_OR_PR
edison1105,lbineau,COMMENT_ON_ISSUE_OR_PR
edison1105,lbineau,ISSUE_CLOSED_BY_OTHER
edison1105,tomasz-pucka,ISSUE_CLOSED_BY_OTHER
jiejie-color,RGdevz,COMMENT_ON_ISSUE_OR_PR
sadlrxn,RGdevz,COMMENT_ON_ISSUE_OR_PR
sergeybruhin,RGdevz,COMMENT_ON_ISSUE_OR_PR
tiru-r,RGdevz,COMMENT_ON_ISSUE_OR_PR
skirtles-code,syimyuzya,COMMENT_ON_ISSUE_OR_PR
edison1105,syimyuzya,ISSUE_CLOSED_BY_OTHER
edison1105,benjamin-larsen,COMMENT_ON_ISSUE_OR_PR
skirtles-code,benjamin-larsen,COMMENT_ON_ISSUE_OR_PR
edison1105,benjamin-larsen,COMMENT_ON_ISSUE_OR_PR
edison1105,benjamin-larsen,ISSUE_CLOSED_BY_OTHER
absidue,MakhBeth,COMMENT_ON_ISSUE_OR_PR
patroza,MakhBeth,COMMENT_ON_ISSUE_OR_PR
edison1105,MakhBeth,ISSUE_CLOSED_BY_OTHER
edison1105,FreeLiC,COMMENT_ON_ISSUE_OR_PR
edison1105,FreeLiC,ISSUE_CLOSED_BY_OTHER
edison1105,roydukkey,COMMENT_ON_ISSUE_OR_PR
edison1105,roydukkey,ISSUE_CLOSED_BY_OTHER
edison1105,arfedulov,ISSUE_CLOSED_BY_OTHER
edison1105,lozinsky,COMMENT_ON_ISSUE_OR_PR
edison1105,lozinsky,ISSUE_CLOSED_BY_OTHER
edison1105,canciodev,ISSUE_CLOSED_BY_OTHER
KazariEX,11Alone11,COMMENT_ON_ISSUE_OR_PR
mattersj,11Alone11,COMMENT_ON_ISSUE_OR_PR
KazariEX,jss-tg,COMMENT_ON_ISSUE_OR_PR
edison1105,benjamin-larsen,COMMENT_ON_ISSUE_OR_PR
guda-art,benjamin-larsen,COMMENT_ON_ISSUE_OR_PR
edison1105,JasonKid,COMMENT_ON_ISSUE_OR_PR
edison1105,JasonKid,ISSUE_CLOSED_BY_OTHER
linzhe141,cangSDARM,COMMENT_ON_ISSUE_OR_PR
LinusBorg,DamianGlowala,COMMENT_ON_ISSUE_OR_PR
LinusBorg,DamianGlowala,COMMENT_ON_ISSUE_OR_PR
vad1ym,incutonez,COMMENT_ON_ISSUE_OR_PR
vad1ym,incutonez,COMMENT_ON_ISSUE_OR_PR
KazariEX,FrontEndDog,COMMENT_ON_ISSUE_OR_PR
edison1105,FrontEndDog,ISSUE_CLOSED_BY_OTHER
edison1105,MisicDemone,ISSUE_CLOSED_BY_OTHER
edison1105,zusorio,ISSUE_CLOSED_BY_OTHER
edison1105,dbohn,ISSUE_CLOSED_BY_OTHER
edison1105,eric-gitta-moore,COMMENT_ON_ISSUE_OR_PR
edison1105,eric-gitta-moore,ISSUE_CLOSED_BY_OTHER
edison1105,Flame-00,COMMENT_ON_ISSUE_OR_PR
edison1105,Flame-00,ISSUE_CLOSED_BY_OTHER
Justineo,webvs2,COMMENT_ON_ISSUE_OR_PR
Justineo,webvs2,ISSUE_CLOSED_BY_OTHER
floatDreamWithSong,JiangBei007,COMMENT_ON_ISSUE_OR_PR
Justineo,JiangBei007,COMMENT_ON_ISSUE_OR_PR
Justineo,JiangBei007,ISSUE_CLOSED_BY_OTHER
edison1105,cj1128,COMMENT_ON_ISSUE_OR_PR
edison1105,cj1128,COMMENT_ON_ISSUE_OR_PR
edison1105,cj1128,ISSUE_CLOSED_BY_OTHER
jiverson,metaone01,COMMENT_ON_ISSUE_OR_PR
edison1105,blacelle,COMMENT_ON_ISSUE_OR_PR
edison1105,blacelle,ISSUE_CLOSED_BY_OTHER
edison1105,jackma9604,ISSUE_CLOSED_BY_OTHER
edison1105,ByScripts,COMMENT_ON_ISSUE_OR_PR
absidue,ByScripts,COMMENT_ON_ISSUE_OR_PR
edison1105,ByScripts,COMMENT_ON_ISSUE_OR_PR
absidue,ByScripts,COMMENT_ON_ISSUE_OR_PR
linzhe141,ramamimu,COMMENT_ON_ISSUE_OR_PR
edison1105,ramamimu,ISSUE_CLOSED_BY_OTHER
edison1105,changjiaqio,COMMENT_ON_ISSUE_OR_PR
edison1105,changjiaqio,COMMENT_ON_ISSUE_OR_PR
edison1105,changjiaqio,COMMENT_ON_ISSUE_OR_PR
edison1105,changjiaqio,ISSUE_CLOSED_BY_OTHER
edison1105,Saul-Mirone,COMMENT_ON_ISSUE_OR_PR
edison1105,Saul-Mirone,COMMENT_ON_ISSUE_OR_PR
edison1105,Saul-Mirone,COMMENT_ON_ISSUE_OR_PR
edison1105,Saul-Mirone,ISSUE_CLOSED_BY_OTHER
edison1105,jimmylab,COMMENT_ON_ISSUE_OR_PR
edison1105,jimmylab,ISSUE_CLOSED_BY_OTHER
edison1105,okineadev,COMMENT_ON_ISSUE_OR_PR
edison1105,okineadev,ISSUE_CLOSED_BY_OTHER
edison1105,korewang,COMMENT_ON_ISSUE_OR_PR
edison1105,korewang,COMMENT_ON_ISSUE_OR_PR
edison1105,korewang,ISSUE_CLOSED_BY_OTHER
edison1105,larsrickert,COMMENT_ON_ISSUE_OR_PR
Justineo,larsrickert,COMMENT_ON_ISSUE_OR_PR
Justineo,larsrickert,COMMENT_ON_ISSUE_OR_PR
edison1105,yuanzengding-1234,COMMENT_ON_ISSUE_OR_PR
Melon0527,yuanzengding-1234,COMMENT_ON_ISSUE_OR_PR
edison1105,yuanzengding-1234,COMMENT_ON_ISSUE_OR_PR
Melon0527,yuanzengding-1234,COMMENT_ON_ISSUE_OR_PR
edison1105,yuanzengding-1234,COMMENT_ON_ISSUE_OR_PR
edison1105,yuanzengding-1234,COMMENT_ON_ISSUE_OR_PR
edison1105,yuanzengding-1234,COMMENT_ON_ISSUE_OR_PR
edison1105,yuanzengding-1234,COMMENT_ON_ISSUE_OR_PR
edison1105,yuanzengding-1234,COMMENT_ON_ISSUE_OR_PR
Melon0527,yuanzengding-1234,COMMENT_ON_ISSUE_OR_PR
trcat,yuanzengding-1234,COMMENT_ON_ISSUE_OR_PR
edison1105,yuanzengding-1234,COMMENT_ON_ISSUE_OR_PR
facy4,yuanzengding-1234,COMMENT_ON_ISSUE_OR_PR
edison1105,chenjiandmw,COMMENT_ON_ISSUE_OR_PR
jacekkarczmarczyk,chenjiandmw,COMMENT_ON_ISSUE_OR_PR
edison1105,chenjiandmw,COMMENT_ON_ISSUE_OR_PR
brandon942,chenjiandmw,COMMENT_ON_ISSUE_OR_PR
xiaoxustudio,chenjiandmw,COMMENT_ON_ISSUE_OR_PR
CzBiX,chenjiandmw,COMMENT_ON_ISSUE_OR_PR
absidue,wl-007,COMMENT_ON_ISSUE_OR_PR
edison1105,wl-007,COMMENT_ON_ISSUE_OR_PR
edison1105,wl-007,COMMENT_ON_ISSUE_OR_PR
edison1105,wl-007,ISSUE_CLOSED_BY_OTHER
absidue,czhlin,COMMENT_ON_ISSUE_OR_PR
edison1105,czhlin,ISSUE_CLOSED_BY_OTHER
NikolayValev,Calvin-LL,COMMENT_ON_ISSUE_OR_PR
NikolayValev,Calvin-LL,COMMENT_ON_ISSUE_OR_PR
MrpZellen,Calvin-LL,COMMENT_ON_ISSUE_OR_PR
fimion,Calvin-LL,COMMENT_ON_ISSUE_OR_PR
edison1105,libondev,ISSUE_CLOSED_BY_OTHER
edison1105,Otto-J,COMMENT_ON_ISSUE_OR_PR
edison1105,Otto-J,ISSUE_CLOSED_BY_OTHER
edison1105,Otto-J,COMMENT_ON_ISSUE_OR_PR
edison1105,Otto-J,ISSUE_CLOSED_BY_OTHER
edison1105,Otto-J,COMMENT_ON_ISSUE_OR_PR
edison1105,Otto-J,ISSUE_CLOSED_BY_OTHER
edison1105,jss-tg,ISSUE_CLOSED_BY_OTHER
edison1105,czhlin,ISSUE_CLOSED_BY_OTHER
kkqy,WangJincheng4869,COMMENT_ON_ISSUE_OR_PR
kkqy,WangJincheng4869,COMMENT_ON_ISSUE_OR_PR
alex-snezhko,WangJincheng4869,COMMENT_ON_ISSUE_OR_PR
yogwang,WangJincheng4869,COMMENT_ON_ISSUE_OR_PR
edison1105,yinfoyuan,COMMENT_ON_ISSUE_OR_PR
Justineo,wjxxx0201,COMMENT_ON_ISSUE_OR_PR
edison1105,aroseen,ISSUE_CLOSED_BY_OTHER
edison1105,yuanzengding-1234,COMMENT_ON_ISSUE_OR_PR
edison1105,yuanzengding-1234,ISSUE_CLOSED_BY_OTHER
edison1105,RylanBueckert-Broadsign,ISSUE_CLOSED_BY_OTHER
edison1105,tesla3327,COMMENT_ON_ISSUE_OR_PR
edison1105,tesla3327,ISSUE_CLOSED_BY_OTHER
edison1105,hpxiaohao,COMMENT_ON_ISSUE_OR_PR
agracia-foticos,hpxiaohao,COMMENT_ON_ISSUE_OR_PR
edison1105,hpxiaohao,COMMENT_ON_ISSUE_OR_PR
lutejka,hpxiaohao,COMMENT_ON_ISSUE_OR_PR
edison1105,hpxiaohao,COMMENT_ON_ISSUE_OR_PR
edison1105,hpxiaohao,ISSUE_CLOSED_BY_OTHER
jacekkarczmarczyk,manuelarte,COMMENT_ON_ISSUE_OR_PR
edison1105,equt,ISSUE_CLOSED_BY_OTHER
qp666,agileago,COMMENT_ON_ISSUE_OR_PR
LinusBorg,agileago,COMMENT_ON_ISSUE_OR_PR
Justineo,agileago,COMMENT_ON_ISSUE_OR_PR
Justineo,agileago,COMMENT_ON_ISSUE_OR_PR
edison1105,agileago,COMMENT_ON_ISSUE_OR_PR
edison1105,agileago,ISSUE_CLOSED_BY_OTHER
LinusBorg,alethetwin,COMMENT_ON_ISSUE_OR_PR
edison1105,alethetwin,ISSUE_CLOSED_BY_OTHER
edison1105,xvaara,COMMENT_ON_ISSUE_OR_PR
edison1105,xvaara,ISSUE_CLOSED_BY_OTHER
skirtles-code,FeVeR-Store,COMMENT_ON_ISSUE_OR_PR
edison1105,FeVeR-Store,ISSUE_CLOSED_BY_OTHER
OlTrenin,mattheww-skyward,COMMENT_ON_ISSUE_OR_PR
dakota-kallas,mattheww-skyward,COMMENT_ON_ISSUE_OR_PR
OlTrenin,mattheww-skyward,COMMENT_ON_ISSUE_OR_PR
edison1105,awaken1ng,ISSUE_CLOSED_BY_OTHER
edison1105,Rusinas,ISSUE_CLOSED_BY_OTHER
linzhe141,Ray-D-Song,COMMENT_ON_ISSUE_OR_PR
LinusBorg,Ray-D-Song,COMMENT_ON_ISSUE_OR_PR
LinusBorg,Ray-D-Song,ISSUE_CLOSED_BY_OTHER
skirtles-code,maximepvrt,COMMENT_ON_ISSUE_OR_PR
github-actions[bot],maximepvrt,ISSUE_CLOSED_BY_OTHER
Gianthard-cyh,TheAlexLichter,COMMENT_ON_ISSUE_OR_PR
hkochniss,TheAlexLichter,COMMENT_ON_ISSUE_OR_PR
edison1105,TheAlexLichter,COMMENT_ON_ISSUE_OR_PR
hkochniss,TheAlexLichter,COMMENT_ON_ISSUE_OR_PR
edison1105,TheAlexLichter,ISSUE_CLOSED_BY_OTHER
Saeid-Za,LittleSound,COMMENT_ON_ISSUE_OR_PR
edison1105,LittleSound,COMMENT_ON_ISSUE_OR_PR
MuratovBektur,LittleSound,COMMENT_ON_ISSUE_OR_PR
edison1105,Veclea,COMMENT_ON_ISSUE_OR_PR
edison1105,Veclea,ISSUE_CLOSED_BY_OTHER
edison1105,shshouse,COMMENT_ON_ISSUE_OR_PR
edison1105,shshouse,ISSUE_CLOSED_BY_OTHER
Justineo,Allamss,COMMENT_ON_ISSUE_OR_PR
Justineo,Allamss,ISSUE_CLOSED_BY_OTHER
jacekkarczmarczyk,hzfi,COMMENT_ON_ISSUE_OR_PR
edison1105,hzfi,COMMENT_ON_ISSUE_OR_PR
edison1105,hzfi,ISSUE_CLOSED_BY_OTHER
edison1105,alex-snezhko,COMMENT_ON_ISSUE_OR_PR
edison1105,alex-snezhko,ISSUE_CLOSED_BY_OTHER
edison1105,Ragnar-Oock,COMMENT_ON_ISSUE_OR_PR
GeoffreyParrier,Ragnar-Oock,COMMENT_ON_ISSUE_OR_PR
edison1105,Ragnar-Oock,ISSUE_CLOSED_BY_OTHER
skirtles-code,Ragnar-Oock,COMMENT_ON_ISSUE_OR_PR
edison1105,Ragnar-Oock,COMMENT_ON_ISSUE_OR_PR
edison1105,Ragnar-Oock,ISSUE_CLOSED_BY_OTHER
skirtles-code,OneProgrammerMore,COMMENT_ON_ISSUE_OR_PR
edison1105,OneProgrammerMore,COMMENT_ON_ISSUE_OR_PR
edison1105,OneProgrammerMore,ISSUE_CLOSED_BY_OTHER
edison1105,sakura-flutter,ISSUE_CLOSED_BY_OTHER
edison1105,LittleSound,COMMENT_ON_ISSUE_OR_PR
edison1105,LittleSound,ISSUE_CLOSED_BY_OTHER
skirtles-code,Junnis0123,COMMENT_ON_ISSUE_OR_PR
linzhe141,NHenzen,COMMENT_ON_ISSUE_OR_PR
joepvdstaaij,NHenzen,COMMENT_ON_ISSUE_OR_PR
LinusBorg,NHenzen,COMMENT_ON_ISSUE_OR_PR
edison1105,NHenzen,COMMENT_ON_ISSUE_OR_PR
edison1105,NHenzen,ISSUE_CLOSED_BY_OTHER
skirtles-code,ShadeDream,COMMENT_ON_ISSUE_OR_PR
edison1105,ShadeDream,ISSUE_CLOSED_BY_OTHER
KPRAHUL1,ggodlewski,COMMENT_ON_ISSUE_OR_PR
edison1105,ggodlewski,ISSUE_CLOSED_BY_OTHER
Gianthard-cyh,craigrileyuk,COMMENT_ON_ISSUE_OR_PR
Gianthard-cyh,craigrileyuk,COMMENT_ON_ISSUE_OR_PR
ShenQingchuan,craigrileyuk,COMMENT_ON_ISSUE_OR_PR
grtsinry43,craigrileyuk,COMMENT_ON_ISSUE_OR_PR
edison1105,craigrileyuk,COMMENT_ON_ISSUE_OR_PR
edison1105,craigrileyuk,ISSUE_CLOSED_BY_OTHER
Notmanik,LoTwT,COMMENT_ON_ISSUE_OR_PR
edison1105,LoTwT,COMMENT_ON_ISSUE_OR_PR
Notmanik,LoTwT,COMMENT_ON_ISSUE_OR_PR
edison1105,LoTwT,ISSUE_CLOSED_BY_OTHER
edison1105,linbingquan,COMMENT_ON_ISSUE_OR_PR
edison1105,linbingquan,ISSUE_CLOSED_BY_OTHER
alex-snezhko,unpseudocomplique,COMMENT_ON_ISSUE_OR_PR
edison1105,unpseudocomplique,COMMENT_ON_ISSUE_OR_PR
edison1105,unpseudocomplique,ISSUE_CLOSED_BY_OTHER
jacekkarczmarczyk,RylanBueckert-Broadsign,COMMENT_ON_ISSUE_OR_PR
absidue,RylanBueckert-Broadsign,COMMENT_ON_ISSUE_OR_PR
edison1105,RylanBueckert-Broadsign,COMMENT_ON_ISSUE_OR_PR
edison1105,RylanBueckert-Broadsign,ISSUE_CLOSED_BY_OTHER
Gianthard-cyh,david-pw,COMMENT_ON_ISSUE_OR_PR
edison1105,david-pw,COMMENT_ON_ISSUE_OR_PR
Gianthard-cyh,david-pw,COMMENT_ON_ISSUE_OR_PR
davidglezz,david-pw,COMMENT_ON_ISSUE_OR_PR
edison1105,david-pw,COMMENT_ON_ISSUE_OR_PR
Gianthard-cyh,david-pw,COMMENT_ON_ISSUE_OR_PR
Gianthard-cyh,david-pw,COMMENT_ON_ISSUE_OR_PR
edison1105,david-pw,ISSUE_CLOSED_BY_OTHER
skirtles-code,ferferga,COMMENT_ON_ISSUE_OR_PR
skirtles-code,hyoilll,COMMENT_ON_ISSUE_OR_PR
LinusBorg,hyoilll,ISSUE_CLOSED_BY_OTHER
edison1105,laurens94,ISSUE_CLOSED_BY_OTHER
amachang,Aymkdn,COMMENT_ON_ISSUE_OR_PR
amachang,Aymkdn,COMMENT_ON_ISSUE_OR_PR
edison1105,dan9b6,COMMENT_ON_ISSUE_OR_PR
github-actions[bot],dan9b6,ISSUE_CLOSED_BY_OTHER
edison1105,superchangme,COMMENT_ON_ISSUE_OR_PR
edison1105,Dylancyclone,ISSUE_CLOSED_BY_OTHER
jacekkarczmarczyk,secoengram,COMMENT_ON_ISSUE_OR_PR
KazariEX,secoengram,ISSUE_CLOSED_BY_OTHER
Gianthard-cyh,kalvenschraut,COMMENT_ON_ISSUE_OR_PR
edison1105,kalvenschraut,COMMENT_ON_ISSUE_OR_PR
edison1105,kalvenschraut,COMMENT_ON_ISSUE_OR_PR
edison1105,kalvenschraut,COMMENT_ON_ISSUE_OR_PR
edison1105,hLinx,COMMENT_ON_ISSUE_OR_PR
edison1105,hLinx,COMMENT_ON_ISSUE_OR_PR
edison1105,michalzaq12,ISSUE_CLOSED_BY_OTHER
Thunder7991,Ali-ovo,COMMENT_ON_ISSUE_OR_PR
rzzf,Ali-ovo,COMMENT_ON_ISSUE_OR_PR
Thunder7991,Ali-ovo,COMMENT_ON_ISSUE_OR_PR
edison1105,Ali-ovo,COMMENT_ON_ISSUE_OR_PR
edison1105,Ali-ovo,ISSUE_CLOSED_BY_OTHER
kama7,fgarit-te,COMMENT_ON_ISSUE_OR_PR
Srammark,lukemovement,COMMENT_ON_ISSUE_OR_PR
xiaocainiao633,lukemovement,COMMENT_ON_ISSUE_OR_PR
edison1105,xvaara,ISSUE_CLOSED_BY_OTHER
xuyimingwork,peey,COMMENT_ON_ISSUE_OR_PR
xuyimingwork,peey,COMMENT_ON_ISSUE_OR_PR
edison1105,tanyong-dev,COMMENT_ON_ISSUE_OR_PR
edison1105,tanyong-dev,ISSUE_CLOSED_BY_OTHER
edison1105,JustSxm,COMMENT_ON_ISSUE_OR_PR
FragsterAt,JustSxm,COMMENT_ON_ISSUE_OR_PR
F0rsaken,JustSxm,COMMENT_ON_ISSUE_OR_PR
edison1105,JustSxm,ISSUE_CLOSED_BY_OTHER
KazariEX,rasmus0201,COMMENT_ON_ISSUE_OR_PR
edison1105,rasmus0201,ISSUE_CLOSED_BY_OTHER
jh-leong,JulianCataldo,COMMENT_ON_ISSUE_OR_PR
edison1105,niksy,COMMENT_ON_ISSUE_OR_PR
edison1105,niksy,ISSUE_CLOSED_BY_OTHER
jh-leong,JanesenGit,COMMENT_ON_ISSUE_OR_PR
github-actions[bot],JanesenGit,ISSUE_CLOSED_BY_OTHER
edison1105,c-harding,ISSUE_CLOSED_BY_OTHER
edison1105,ColonelThirtyTwo,COMMENT_ON_ISSUE_OR_PR
kat3su,ColonelThirtyTwo,COMMENT_ON_ISSUE_OR_PR
jh-leong,miroljub1995,COMMENT_ON_ISSUE_OR_PR
jh-leong,miroljub1995,ISSUE_CLOSED_BY_OTHER
edison1105,n0099,COMMENT_ON_ISSUE_OR_PR
edison1105,n0099,ISSUE_CLOSED_BY_OTHER
xu1132,EwenDC,COMMENT_ON_ISSUE_OR_PR
edison1105,EwenDC,ISSUE_CLOSED_BY_OTHER
edison1105,gweesin,COMMENT_ON_ISSUE_OR_PR
edison1105,gweesin,ISSUE_CLOSED_BY_OTHER
gweesin,eveningwater,COMMENT_ON_ISSUE_OR_PR
edison1105,eveningwater,COMMENT_ON_ISSUE_OR_PR
edison1105,eveningwater,COMMENT_ON_ISSUE_OR_PR
edison1105,eveningwater,COMMENT_ON_ISSUE_OR_PR
edison1105,eveningwater,ISSUE_CLOSED_BY_OTHER
skirtles-code,neuronetio,COMMENT_ON_ISSUE_OR_PR
Justineo,neuronetio,COMMENT_ON_ISSUE_OR_PR
Justineo,neuronetio,COMMENT_ON_ISSUE_OR_PR
Justineo,neuronetio,ISSUE_CLOSED_BY_OTHER
KazariEX,zaalbarxx,COMMENT_ON_ISSUE_OR_PR
edison1105,zaalbarxx,ISSUE_CLOSED_BY_OTHER
skirtles-code,uandco,COMMENT_ON_ISSUE_OR_PR
edison1105,uandco,COMMENT_ON_ISSUE_OR_PR
edison1105,uandco,ISSUE_CLOSED_BY_OTHER
LinusBorg,ihardyslide,COMMENT_ON_ISSUE_OR_PR
LinusBorg,zhangenming,COMMENT_ON_ISSUE_OR_PR
LinusBorg,zhangenming,ISSUE_CLOSED_BY_OTHER
edison1105,hao-kuai,COMMENT_ON_ISSUE_OR_PR
edison1105,hao-kuai,COMMENT_ON_ISSUE_OR_PR
edison1105,hao-kuai,ISSUE_CLOSED_BY_OTHER
edison1105,OrbisK,COMMENT_ON_ISSUE_OR_PR
danielroe,OrbisK,COMMENT_ON_ISSUE_OR_PR
edison1105,OrbisK,COMMENT_ON_ISSUE_OR_PR
jacekkarczmarczyk,zc-tired,COMMENT_ON_ISSUE_OR_PR
jh-leong,zc-tired,COMMENT_ON_ISSUE_OR_PR
jh-leong,zc-tired,ISSUE_CLOSED_BY_OTHER
xu1132,Tarocch1,COMMENT_ON_ISSUE_OR_PR
edison1105,Tarocch1,ISSUE_CLOSED_BY_OTHER
edison1105,Captainpast,COMMENT_ON_ISSUE_OR_PR
edison1105,Trinovantes,ISSUE_CLOSED_BY_OTHER
KazariEX,arkandias,COMMENT_ON_ISSUE_OR_PR
ThomasBerneHCSE,arkandias,COMMENT_ON_ISSUE_OR_PR
edison1105,arkandias,ISSUE_CLOSED_BY_OTHER
edison1105,platon-rov,COMMENT_ON_ISSUE_OR_PR
edison1105,platon-rov,ISSUE_CLOSED_BY_OTHER
edison1105,JonasVon,COMMENT_ON_ISSUE_OR_PR
edison1105,JonasVon,COMMENT_ON_ISSUE_OR_PR
edison1105,JonasVon,ISSUE_CLOSED_BY_OTHER
edison1105,skirtles-code,COMMENT_ON_ISSUE_OR_PR
skirtles-code,louisiukas,COMMENT_ON_ISSUE_OR_PR
edison1105,louisiukas,ISSUE_CLOSED_BY_OTHER
KazariEX,alexchexes,COMMENT_ON_ISSUE_OR_PR
KazariEX,alexchexes,COMMENT_ON_ISSUE_OR_PR
edison1105,jessevanassen,COMMENT_ON_ISSUE_OR_PR
skirtles-code,jessevanassen,COMMENT_ON_ISSUE_OR_PR
edison1105,jessevanassen,ISSUE_CLOSED_BY_OTHER
edison1105,bojardo,COMMENT_ON_ISSUE_OR_PR
edison1105,bojardo,COMMENT_ON_ISSUE_OR_PR
edison1105,bojardo,ISSUE_CLOSED_BY_OTHER
edison1105,skirtles-code,ISSUE_CLOSED_BY_OTHER
jacekkarczmarczyk,MissFlower,COMMENT_ON_ISSUE_OR_PR
edison1105,MissFlower,COMMENT_ON_ISSUE_OR_PR
edison1105,MissFlower,ISSUE_CLOSED_BY_OTHER
edison1105,ajuvonen,COMMENT_ON_ISSUE_OR_PR
jessevanassen,ajuvonen,COMMENT_ON_ISSUE_OR_PR
jessevanassen,ajuvonen,COMMENT_ON_ISSUE_OR_PR
edison1105,ajuvonen,COMMENT_ON_ISSUE_OR_PR
edison1105,ajuvonen,ISSUE_CLOSED_BY_OTHER
skirtles-code,folks-samuel-cb,COMMENT_ON_ISSUE_OR_PR
Justineo,folks-samuel-cb,COMMENT_ON_ISSUE_OR_PR
Justineo,folks-samuel-cb,ISSUE_CLOSED_BY_OTHER
edison1105,Simon-He95,COMMENT_ON_ISSUE_OR_PR
edison1105,Simon-He95,ISSUE_CLOSED_BY_OTHER
edison1105,dukaiidu,ISSUE_CLOSED_BY_OTHER
edison1105,alex-snezhko,ISSUE_CLOSED_BY_OTHER
edison1105,FanetheDivine,COMMENT_ON_ISSUE_OR_PR
teleskop150750,FanetheDivine,COMMENT_ON_ISSUE_OR_PR
oom-,danielroe,COMMENT_ON_ISSUE_OR_PR
edison1105,danielroe,ISSUE_CLOSED_BY_OTHER
KazariEX,milliemole,COMMENT_ON_ISSUE_OR_PR
github-actions[bot],milliemole,ISSUE_CLOSED_BY_OTHER
linzhe141,Huangxianli,COMMENT_ON_ISSUE_OR_PR
n-rowe,XiaoyingLiuChina,COMMENT_ON_ISSUE_OR_PR
edison1105,XiaoyingLiuChina,COMMENT_ON_ISSUE_OR_PR
jh-leong,l246804,COMMENT_ON_ISSUE_OR_PR
jh-leong,l246804,COMMENT_ON_ISSUE_OR_PR
jh-leong,l246804,ISSUE_CLOSED_BY_OTHER
edison1105,ZhouYC404,COMMENT_ON_ISSUE_OR_PR
edison1105,ZhouYC404,ISSUE_CLOSED_BY_OTHER
edison1105,Sinc63,COMMENT_ON_ISSUE_OR_PR
KazariEX,Sinc63,COMMENT_ON_ISSUE_OR_PR
edison1105,oodavid,ISSUE_CLOSED_BY_OTHER
edison1105,TalexDreamSoul,COMMENT_ON_ISSUE_OR_PR
edison1105,TalexDreamSoul,COMMENT_ON_ISSUE_OR_PR
edison1105,TalexDreamSoul,ISSUE_CLOSED_BY_OTHER
edison1105,Calvin-Ling,COMMENT_ON_ISSUE_OR_PR
edison1105,Calvin-Ling,ISSUE_CLOSED_BY_OTHER
edison1105,dgrayvold,ISSUE_CLOSED_BY_OTHER
skirtles-code,FreeLiC,COMMENT_ON_ISSUE_OR_PR
edison1105,FreeLiC,ISSUE_CLOSED_BY_OTHER
edison1105,Teages,COMMENT_ON_ISSUE_OR_PR
edison1105,Teages,ISSUE_CLOSED_BY_OTHER
edison1105,zsoldosp,COMMENT_ON_ISSUE_OR_PR
runyasak,zsoldosp,COMMENT_ON_ISSUE_OR_PR
edison1105,paulmer,COMMENT_ON_ISSUE_OR_PR
Justineo,paulmer,COMMENT_ON_ISSUE_OR_PR
rijenkii,craigrileyuk,COMMENT_ON_ISSUE_OR_PR
Justineo,craigrileyuk,COMMENT_ON_ISSUE_OR_PR
rijenkii,craigrileyuk,COMMENT_ON_ISSUE_OR_PR
rijenkii,l-herz-rewe,COMMENT_ON_ISSUE_OR_PR
rijenkii,l-herz-rewe,COMMENT_ON_ISSUE_OR_PR
rijenkii,l-herz-rewe,COMMENT_ON_ISSUE_OR_PR
rijenkii,l-herz-rewe,COMMENT_ON_ISSUE_OR_PR
edison1105,l-herz-rewe,COMMENT_ON_ISSUE_OR_PR
edison1105,l-herz-rewe,ISSUE_CLOSED_BY_OTHER
edison1105,AriPerkkio,COMMENT_ON_ISSUE_OR_PR
edison1105,AriPerkkio,ISSUE_CLOSED_BY_OTHER
edison1105,AriPerkkio,COMMENT_ON_ISSUE_OR_PR
edison1105,AriPerkkio,ISSUE_CLOSED_BY_OTHER
edison1105,leookun,COMMENT_ON_ISSUE_OR_PR
edison1105,maxsjoblomws,ISSUE_CLOSED_BY_OTHER
edison1105,philipp-michelfeit,COMMENT_ON_ISSUE_OR_PR
edison1105,philipp-michelfeit,ISSUE_CLOSED_BY_OTHER
jvxiao,AQS-DTheuke,COMMENT_ON_ISSUE_OR_PR
edison1105,AQS-DTheuke,COMMENT_ON_ISSUE_OR_PR
edison1105,AQS-DTheuke,ISSUE_CLOSED_BY_OTHER
edison1105,Yiximail,ISSUE_CLOSED_BY_OTHER
jh-leong,JokerWanders,COMMENT_ON_ISSUE_OR_PR
jh-leong,JokerWanders,ISSUE_CLOSED_BY_OTHER
linzhe141,glimfjord,COMMENT_ON_ISSUE_OR_PR
skirtles-code,glimfjord,COMMENT_ON_ISSUE_OR_PR
edison1105,glimfjord,ISSUE_CLOSED_BY_OTHER
QuentiumYT,wolandec,COMMENT_ON_ISSUE_OR_PR
edison1105,EranosyanEduard,ISSUE_CLOSED_BY_OTHER
edison1105,zhangenming,COMMENT_ON_ISSUE_OR_PR
edison1105,zhangenming,ISSUE_CLOSED_BY_OTHER
jacekkarczmarczyk,Gwynerva,COMMENT_ON_ISSUE_OR_PR
yyx990803,makedopamine,ISSUE_CLOSED_BY_OTHER
johnsoncodehk,wardenfeng,COMMENT_ON_ISSUE_OR_PR
johnsoncodehk,wardenfeng,ISSUE_CLOSED_BY_OTHER
Sanderovich,jessevanassen,COMMENT_ON_ISSUE_OR_PR
edison1105,jessevanassen,COMMENT_ON_ISSUE_OR_PR
edison1105,jessevanassen,ISSUE_CLOSED_BY_OTHER
edison1105,makedopamine,COMMENT_ON_ISSUE_OR_PR
yyx990803,makedopamine,ISSUE_CLOSED_BY_OTHER
yyx990803,makedopamine,ISSUE_CLOSED_BY_OTHER
KazariEX,tankosinn,COMMENT_ON_ISSUE_OR_PR
edison1105,markrian,ISSUE_CLOSED_BY_OTHER
jh-leong,sapuz1508,COMMENT_ON_ISSUE_OR_PR
jh-leong,sapuz1508,ISSUE_CLOSED_BY_OTHER
edison1105,xinnian999,COMMENT_ON_ISSUE_OR_PR
edison1105,xinnian999,COMMENT_ON_ISSUE_OR_PR
edison1105,xinnian999,COMMENT_ON_ISSUE_OR_PR
edison1105,wolandec,ISSUE_CLOSED_BY_OTHER
edison1105,typed-sigterm,ISSUE_CLOSED_BY_OTHER
edison1105,alexeyvokin,COMMENT_ON_ISSUE_OR_PR
edison1105,alexeyvokin,COMMENT_ON_ISSUE_OR_PR
edison1105,alexeyvokin,ISSUE_CLOSED_BY_OTHER
cv-r,elliotmoose,COMMENT_ON_ISSUE_OR_PR
skirtles-code,elliotmoose,COMMENT_ON_ISSUE_OR_PR
edison1105,elliotmoose,ISSUE_CLOSED_BY_OTHER
edison1105,orimay,COMMENT_ON_ISSUE_OR_PR
Justineo,orimay,COMMENT_ON_ISSUE_OR_PR
edison1105,fcl999,COMMENT_ON_ISSUE_OR_PR
MaximSedov,fcl999,COMMENT_ON_ISSUE_OR_PR
edison1105,s-montigny-desautels,COMMENT_ON_ISSUE_OR_PR
jvxiao,s-montigny-desautels,COMMENT_ON_ISSUE_OR_PR
alex-snezhko,s-montigny-desautels,COMMENT_ON_ISSUE_OR_PR
KazariEX,s-montigny-desautels,COMMENT_ON_ISSUE_OR_PR
edison1105,alexeyvokin,COMMENT_ON_ISSUE_OR_PR
dariasavinova,alexeyvokin,COMMENT_ON_ISSUE_OR_PR
yyx990803,alexeyvokin,ISSUE_CLOSED_BY_OTHER
jh-leong,qp666,COMMENT_ON_ISSUE_OR_PR
edison1105,qp666,COMMENT_ON_ISSUE_OR_PR
github-actions[bot],qp666,ISSUE_CLOSED_BY_OTHER
KazariEX,pwang2,COMMENT_ON_ISSUE_OR_PR
edison1105,tomtheisen,COMMENT_ON_ISSUE_OR_PR
edison1105,tomtheisen,ISSUE_CLOSED_BY_OTHER
edison1105,AOMANDESHANGXIAO,COMMENT_ON_ISSUE_OR_PR
edison1105,AOMANDESHANGXIAO,ISSUE_CLOSED_BY_OTHER
edison1105,avinean,COMMENT_ON_ISSUE_OR_PR
AndrewBogdanovTSS,avinean,COMMENT_ON_ISSUE_OR_PR
edison1105,avinean,COMMENT_ON_ISSUE_OR_PR
edison1105,alexchexes,ISSUE_CLOSED_BY_OTHER
jh-leong,MeesterDev,COMMENT_ON_ISSUE_OR_PR
qp666,rick-hup,COMMENT_ON_ISSUE_OR_PR
edison1105,rick-hup,ISSUE_CLOSED_BY_OTHER
dylanmccall,juner,COMMENT_ON_ISSUE_OR_PR
edison1105,fimion,COMMENT_ON_ISSUE_OR_PR
RobinWM,fimion,COMMENT_ON_ISSUE_OR_PR
beanscg,fimion,COMMENT_ON_ISSUE_OR_PR
jh-leong,sofuxro,COMMENT_ON_ISSUE_OR_PR
edison1105,claudiaballano,COMMENT_ON_ISSUE_OR_PR
arturmiglio,claudiaballano,COMMENT_ON_ISSUE_OR_PR
alex-snezhko,claudiaballano,COMMENT_ON_ISSUE_OR_PR
alex-snezhko,claudiaballano,COMMENT_ON_ISSUE_OR_PR
ARZarkesh,claudiaballano,COMMENT_ON_ISSUE_OR_PR
edison1105,jimei416,COMMENT_ON_ISSUE_OR_PR
edison1105,jimei416,ISSUE_CLOSED_BY_OTHER
edison1105,jenjen75,COMMENT_ON_ISSUE_OR_PR
edison1105,jenjen75,ISSUE_CLOSED_BY_OTHER
linzhe141,niancraft,COMMENT_ON_ISSUE_OR_PR
jh-leong,niancraft,COMMENT_ON_ISSUE_OR_PR
jh-leong,niancraft,ISSUE_CLOSED_BY_OTHER
xiaocainiao633,zcf0508,COMMENT_ON_ISSUE_OR_PR
edison1105,FeBe95,ISSUE_CLOSED_BY_OTHER
jh-leong,Himavanta,COMMENT_ON_ISSUE_OR_PR
GeoffreyParrier,nestorrente,COMMENT_ON_ISSUE_OR_PR
LinusBorg,nestorrente,COMMENT_ON_ISSUE_OR_PR
LinusBorg,nestorrente,ISSUE_CLOSED_BY_OTHER
jh-leong,atox996,COMMENT_ON_ISSUE_OR_PR
jh-leong,atox996,ISSUE_CLOSED_BY_OTHER
edison1105,vemonet,COMMENT_ON_ISSUE_OR_PR
jacekkarczmarczyk,seul15,COMMENT_ON_ISSUE_OR_PR
edison1105,MiniDigger,COMMENT_ON_ISSUE_OR_PR
edison1105,MiniDigger,ISSUE_CLOSED_BY_OTHER
edison1105,bigwigal,COMMENT_ON_ISSUE_OR_PR
ray007,bigwigal,COMMENT_ON_ISSUE_OR_PR
jh-leong,markieo1,COMMENT_ON_ISSUE_OR_PR
jacekkarczmarczyk,geoffgscott,COMMENT_ON_ISSUE_OR_PR
jh-leong,geoffgscott,COMMENT_ON_ISSUE_OR_PR
jh-leong,geoffgscott,ISSUE_CLOSED_BY_OTHER
Alfred-Skyblue,fuxing2024,COMMENT_ON_ISSUE_OR_PR
Justineo,fuxing2024,COMMENT_ON_ISSUE_OR_PR
Alfred-Skyblue,fuxing2024,ISSUE_CLOSED_BY_OTHER
edison1105,ahmadshahwan,COMMENT_ON_ISSUE_OR_PR
yyx990803,ahmadshahwan,ISSUE_CLOSED_BY_OTHER
dariasavinova,michalkolek,COMMENT_ON_ISSUE_OR_PR
skirtles-code,michalkolek,COMMENT_ON_ISSUE_OR_PR
edison1105,michalkolek,ISSUE_CLOSED_BY_OTHER
edison1105,atox996,COMMENT_ON_ISSUE_OR_PR
edison1105,atox996,ISSUE_CLOSED_BY_OTHER
jacekkarczmarczyk,spatialbits,COMMENT_ON_ISSUE_OR_PR
edison1105,spatialbits,COMMENT_ON_ISSUE_OR_PR
absidue,spatialbits,COMMENT_ON_ISSUE_OR_PR
edison1105,spatialbits,ISSUE_CLOSED_BY_OTHER
edison1105,cscxj,COMMENT_ON_ISSUE_OR_PR
edison1105,cscxj,COMMENT_ON_ISSUE_OR_PR
edison1105,cscxj,ISSUE_CLOSED_BY_OTHER
edison1105,hooray,ISSUE_CLOSED_BY_OTHER
linzhe141,Kaifuny,COMMENT_ON_ISSUE_OR_PR
jh-leong,KiKoRepub,COMMENT_ON_ISSUE_OR_PR
github-actions[bot],KiKoRepub,ISSUE_CLOSED_BY_OTHER
jh-leong,KiKoRepub,COMMENT_ON_ISSUE_OR_PR
jh-leong,KiKoRepub,ISSUE_CLOSED_BY_OTHER
vonBrax,padcom,COMMENT_ON_ISSUE_OR_PR
edison1105,padcom,COMMENT_ON_ISSUE_OR_PR
Justineo,codeflorist,COMMENT_ON_ISSUE_OR_PR
Justineo,codeflorist,COMMENT_ON_ISSUE_OR_PR
edison1105,codeflorist,COMMENT_ON_ISSUE_OR_PR
ZKunZhang,codeflorist,COMMENT_ON_ISSUE_OR_PR
ZKunZhang,codeflorist,COMMENT_ON_ISSUE_OR_PR
jh-leong,woodsmade,COMMENT_ON_ISSUE_OR_PR
jh-leong,woodsmade,ISSUE_CLOSED_BY_OTHER
yangxiuxiu1115,Coreight98,COMMENT_ON_ISSUE_OR_PR
jh-leong,Coreight98,COMMENT_ON_ISSUE_OR_PR
edison1105,Coreight98,ISSUE_CLOSED_BY_OTHER
yangxiuxiu1115,ALmnoo,COMMENT_ON_ISSUE_OR_PR
edison1105,ALmnoo,COMMENT_ON_ISSUE_OR_PR
edison1105,ALmnoo,ISSUE_CLOSED_BY_OTHER
KazariEX,grindpride,COMMENT_ON_ISSUE_OR_PR
edison1105,grindpride,ISSUE_CLOSED_BY_OTHER
coderwei99,zaalbarxx,COMMENT_ON_ISSUE_OR_PR
yangxiuxiu1115,zaalbarxx,COMMENT_ON_ISSUE_OR_PR
edison1105,zaalbarxx,COMMENT_ON_ISSUE_OR_PR
edison1105,zaalbarxx,ISSUE_CLOSED_BY_OTHER
jh-leong,hero8080,COMMENT_ON_ISSUE_OR_PR
jh-leong,hero8080,ISSUE_CLOSED_BY_OTHER
jh-leong,tronghiant,COMMENT_ON_ISSUE_OR_PR
jh-leong,tronghiant,ISSUE_CLOSED_BY_OTHER
edison1105,Disservin,ISSUE_CLOSED_BY_OTHER
edison1105,nailfar,COMMENT_ON_ISSUE_OR_PR
edison1105,nailfar,ISSUE_CLOSED_BY_OTHER
KazariEX,NonSpicyBurrito,ISSUE_CLOSED_BY_OTHER
jh-leong,willcom95,ISSUE_CLOSED_BY_OTHER
edison1105,sebbayer,COMMENT_ON_ISSUE_OR_PR
Justineo,sebbayer,COMMENT_ON_ISSUE_OR_PR
edison1105,sebbayer,COMMENT_ON_ISSUE_OR_PR
WebMechanic,sebbayer,COMMENT_ON_ISSUE_OR_PR
edison1105,serkodev,COMMENT_ON_ISSUE_OR_PR
edison1105,serkodev,ISSUE_CLOSED_BY_OTHER
edison1105,jevin98,ISSUE_CLOSED_BY_OTHER
edison1105,codeflorist,COMMENT_ON_ISSUE_OR_PR
edison1105,codeflorist,ISSUE_CLOSED_BY_OTHER
edison1105,Bl00D4NGEL,COMMENT_ON_ISSUE_OR_PR
edison1105,Bl00D4NGEL,ISSUE_CLOSED_BY_OTHER
edison1105,michaelcozzolino,COMMENT_ON_ISSUE_OR_PR
edison1105,michaelcozzolino,ISSUE_CLOSED_BY_OTHER
edison1105,shuwenjunn,ISSUE_CLOSED_BY_OTHER
jacekkarczmarczyk,Fuzzyma,COMMENT_ON_ISSUE_OR_PR
posva,Fuzzyma,ISSUE_CLOSED_BY_OTHER
edison1105,Maxim-Mazurok,COMMENT_ON_ISSUE_OR_PR
edison1105,danielroe,COMMENT_ON_ISSUE_OR_PR
edison1105,CedrikNikita,COMMENT_ON_ISSUE_OR_PR
giuliohome,CedrikNikita,COMMENT_ON_ISSUE_OR_PR
edison1105,CedrikNikita,ISSUE_CLOSED_BY_OTHER
edison1105,padcom,ISSUE_CLOSED_BY_OTHER
edison1105,joao-souza-costa,COMMENT_ON_ISSUE_OR_PR
edison1105,joao-souza-costa,ISSUE_CLOSED_BY_OTHER
VaheBarbaryan,Stan-BK,COMMENT_ON_ISSUE_OR_PR
edison1105,Trandx,COMMENT_ON_ISSUE_OR_PR
ywenhao,Trandx,COMMENT_ON_ISSUE_OR_PR
edison1105,Trandx,ISSUE_CLOSED_BY_OTHER
edison1105,mrleblanc101,COMMENT_ON_ISSUE_OR_PR
edison1105,mrleblanc101,ISSUE_CLOSED_BY_OTHER
edison1105,scitech,COMMENT_ON_ISSUE_OR_PR
edison1105,scitech,ISSUE_CLOSED_BY_OTHER
edison1105,arkandias,COMMENT_ON_ISSUE_OR_PR
edison1105,arkandias,ISSUE_CLOSED_BY_OTHER
KazariEX,Kyrie-Irving,COMMENT_ON_ISSUE_OR_PR
jh-leong,Kyrie-Irving,COMMENT_ON_ISSUE_OR_PR
jh-leong,Kyrie-Irving,ISSUE_CLOSED_BY_OTHER
edison1105,mihaon,COMMENT_ON_ISSUE_OR_PR
edison1105,mihaon,ISSUE_CLOSED_BY_OTHER
RylanBueckert-Broadsign,Rikk010,COMMENT_ON_ISSUE_OR_PR
OnlyWick,rlsz,COMMENT_ON_ISSUE_OR_PR
edison1105,ksenkso,COMMENT_ON_ISSUE_OR_PR
gurgeous,ksenkso,COMMENT_ON_ISSUE_OR_PR
edison1105,ksenkso,ISSUE_CLOSED_BY_OTHER
jh-leong,jadepam,ISSUE_CLOSED_BY_OTHER
Ryan202603,yuanruixin,COMMENT_ON_ISSUE_OR_PR
edison1105,yuanruixin,COMMENT_ON_ISSUE_OR_PR
rkh,thecodewarrior,COMMENT_ON_ISSUE_OR_PR
edison1105,thecodewarrior,COMMENT_ON_ISSUE_OR_PR
kleinfreund,thecodewarrior,COMMENT_ON_ISSUE_OR_PR
skirtles-code,gerteck,COMMENT_ON_ISSUE_OR_PR
edison1105,vincesp,COMMENT_ON_ISSUE_OR_PR
edison1105,vincesp,ISSUE_CLOSED_BY_OTHER
edison1105,yinhangfeng,ISSUE_CLOSED_BY_OTHER
jh-leong,abczdefg,COMMENT_ON_ISSUE_OR_PR
jh-leong,abczdefg,ISSUE_CLOSED_BY_OTHER
jh-leong,Tzyito,COMMENT_ON_ISSUE_OR_PR
jh-leong,Tzyito,ISSUE_CLOSED_BY_OTHER
edison1105,CaiWenlie,COMMENT_ON_ISSUE_OR_PR
linzhe141,CaiWenlie,COMMENT_ON_ISSUE_OR_PR
jh-leong,CaiWenlie,COMMENT_ON_ISSUE_OR_PR
jh-leong,CaiWenlie,ISSUE_CLOSED_BY_OTHER
jh-leong,fazulk,COMMENT_ON_ISSUE_OR_PR
jh-leong,DamianGlowala,COMMENT_ON_ISSUE_OR_PR
hcg1023,DamianGlowala,COMMENT_ON_ISSUE_OR_PR
jh-leong,DamianGlowala,COMMENT_ON_ISSUE_OR_PR
larsrickert,JoCa96,COMMENT_ON_ISSUE_OR_PR
edison1105,JoCa96,COMMENT_ON_ISSUE_OR_PR
larsrickert,JoCa96,COMMENT_ON_ISSUE_OR_PR
edison1105,JoCa96,ISSUE_CLOSED_BY_OTHER
absidue,martinszeltins,COMMENT_ON_ISSUE_OR_PR
edison1105,martinszeltins,COMMENT_ON_ISSUE_OR_PR
edison1105,Muspcn,COMMENT_ON_ISSUE_OR_PR
yyx990803,Muspcn,ISSUE_CLOSED_BY_OTHER
HotCherryPie,amritk,COMMENT_ON_ISSUE_OR_PR
skirtles-code,MKbird1,COMMENT_ON_ISSUE_OR_PR
jh-leong,MKbird1,ISSUE_CLOSED_BY_OTHER
edison1105,lejunyang,ISSUE_CLOSED_BY_OTHER
KazariEX,bee1an,COMMENT_ON_ISSUE_OR_PR
yakudik,bee1an,COMMENT_ON_ISSUE_OR_PR
edison1105,bee1an,COMMENT_ON_ISSUE_OR_PR
edison1105,bee1an,COMMENT_ON_ISSUE_OR_PR
yakudik,bee1an,COMMENT_ON_ISSUE_OR_PR
edison1105,bee1an,COMMENT_ON_ISSUE_OR_PR
edison1105,bee1an,COMMENT_ON_ISSUE_OR_PR
yakudik,bee1an,COMMENT_ON_ISSUE_OR_PR
char101,bee1an,COMMENT_ON_ISSUE_OR_PR
zhouxianjun,bee1an,COMMENT_ON_ISSUE_OR_PR
joygqz,bee1an,COMMENT_ON_ISSUE_OR_PR
edison1105,bee1an,ISSUE_CLOSED_BY_OTHER
edison1105,thecodewarrior,COMMENT_ON_ISSUE_OR_PR
johnsoncodehk,thecodewarrior,COMMENT_ON_ISSUE_OR_PR
johnsoncodehk,thecodewarrior,ISSUE_CLOSED_BY_OTHER
edison1105,BobWithHair,COMMENT_ON_ISSUE_OR_PR
edison1105,nuagecen,COMMENT_ON_ISSUE_OR_PR
edison1105,martinszeltins,COMMENT_ON_ISSUE_OR_PR
edison1105,ozzyfromspace,COMMENT_ON_ISSUE_OR_PR
edison1105,ozzyfromspace,ISSUE_CLOSED_BY_OTHER
edison1105,laineus,COMMENT_ON_ISSUE_OR_PR
edison1105,laineus,COMMENT_ON_ISSUE_OR_PR
edison1105,L33Z22L11,COMMENT_ON_ISSUE_OR_PR
edison1105,SFM61319,ISSUE_CLOSED_BY_OTHER
jh-leong,thomasaull,COMMENT_ON_ISSUE_OR_PR
RylanBueckert-Broadsign,thomasaull,COMMENT_ON_ISSUE_OR_PR
KazariEX,thomasaull,COMMENT_ON_ISSUE_OR_PR
RylanBueckert-Broadsign,thomasaull,COMMENT_ON_ISSUE_OR_PR
KazariEX,thomasaull,COMMENT_ON_ISSUE_OR_PR
RylanBueckert-Broadsign,thomasaull,COMMENT_ON_ISSUE_OR_PR
edison1105,thomasaull,ISSUE_CLOSED_BY_OTHER
yyx990803,nunoraposo33,ISSUE_CLOSED_BY_OTHER
edison1105,Proxx07,COMMENT_ON_ISSUE_OR_PR
edison1105,Proxx07,ISSUE_CLOSED_BY_OTHER
skirtles-code,markbrockhoff,COMMENT_ON_ISSUE_OR_PR
edison1105,markbrockhoff,ISSUE_CLOSED_BY_OTHER
edison1105,cernymatej,COMMENT_ON_ISSUE_OR_PR
edison1105,cernymatej,ISSUE_CLOSED_BY_OTHER
edison1105,Marchcn-Ben,COMMENT_ON_ISSUE_OR_PR
edison1105,Marchcn-Ben,ISSUE_CLOSED_BY_OTHER
edison1105,serkodev,ISSUE_CLOSED_BY_OTHER
edison1105,hugoattal,COMMENT_ON_ISSUE_OR_PR
edison1105,hugoattal,ISSUE_CLOSED_BY_OTHER
edison1105,windsonR,ISSUE_CLOSED_BY_OTHER
fbontin,lejunyang,COMMENT_ON_ISSUE_OR_PR
jacekkarczmarczyk,matthew-dean,COMMENT_ON_ISSUE_OR_PR
absidue,matthew-dean,COMMENT_ON_ISSUE_OR_PR
alextana,matthew-dean,COMMENT_ON_ISSUE_OR_PR
edison1105,matthew-dean,ISSUE_CLOSED_BY_OTHER
edison1105,joshuaeobrian,ISSUE_CLOSED_BY_OTHER
babu-ch,typed-sigterm,COMMENT_ON_ISSUE_OR_PR
edison1105,huang-julien,COMMENT_ON_ISSUE_OR_PR
edison1105,huang-julien,ISSUE_CLOSED_BY_OTHER
jamesnakagawa,youri-spendcloud,COMMENT_ON_ISSUE_OR_PR
edison1105,youri-spendcloud,COMMENT_ON_ISSUE_OR_PR
edison1105,youri-spendcloud,ISSUE_CLOSED_BY_OTHER
edison1105,titouandk,COMMENT_ON_ISSUE_OR_PR
jh-leong,cernymatej,ISSUE_CLOSED_BY_OTHER
danyadev,cernymatej,COMMENT_ON_ISSUE_OR_PR
jh-leong,aixiaodeyanjin,COMMENT_ON_ISSUE_OR_PR
jh-leong,aixiaodeyanjin,ISSUE_CLOSED_BY_OTHER
edison1105,roydukkey,COMMENT_ON_ISSUE_OR_PR
edison1105,roydukkey,ISSUE_CLOSED_BY_OTHER
edison1105,markbrockhoff,COMMENT_ON_ISSUE_OR_PR
KazariEX,bgoscinski,COMMENT_ON_ISSUE_OR_PR
edison1105,bgoscinski,ISSUE_CLOSED_BY_OTHER
Deckluhm,zhaoyuqiqi,COMMENT_ON_ISSUE_OR_PR
edison1105,zhaoyuqiqi,ISSUE_CLOSED_BY_OTHER
skirtles-code,clemator,COMMENT_ON_ISSUE_OR_PR
danolu,clemator,COMMENT_ON_ISSUE_OR_PR
ics90,clemator,COMMENT_ON_ISSUE_OR_PR
edison1105,clemator,ISSUE_CLOSED_BY_OTHER
absidue,HafisCZ,COMMENT_ON_ISSUE_OR_PR
MstrVLT,HafisCZ,COMMENT_ON_ISSUE_OR_PR
edison1105,Hulkmaster,COMMENT_ON_ISSUE_OR_PR
edison1105,123outsider,COMMENT_ON_ISSUE_OR_PR
edison1105,jousi592,COMMENT_ON_ISSUE_OR_PR
edison1105,jousi592,COMMENT_ON_ISSUE_OR_PR
KazariEX,jousi592,COMMENT_ON_ISSUE_OR_PR
edison1105,HaiRongHaHA,COMMENT_ON_ISSUE_OR_PR
edison1105,attila8192,ISSUE_CLOSED_BY_OTHER
edison1105,milcery,COMMENT_ON_ISSUE_OR_PR
edison1105,mertcb,ISSUE_CLOSED_BY_OTHER
xfontr,ferferga,COMMENT_ON_ISSUE_OR_PR
skirtles-code,ferferga,COMMENT_ON_ISSUE_OR_PR
edison1105,ferferga,COMMENT_ON_ISSUE_OR_PR
edison1105,ferferga,COMMENT_ON_ISSUE_OR_PR
xfontr,markbrockhoff,COMMENT_ON_ISSUE_OR_PR
edison1105,markbrockhoff,COMMENT_ON_ISSUE_OR_PR
alex-snezhko,markbrockhoff,COMMENT_ON_ISSUE_OR_PR
edison1105,markbrockhoff,COMMENT_ON_ISSUE_OR_PR
alex-snezhko,markbrockhoff,COMMENT_ON_ISSUE_OR_PR
edison1105,markbrockhoff,COMMENT_ON_ISSUE_OR_PR
guda-art,markbrockhoff,COMMENT_ON_ISSUE_OR_PR
rzzf,markbrockhoff,COMMENT_ON_ISSUE_OR_PR
edison1105,wuzhibo0902,COMMENT_ON_ISSUE_OR_PR
edison1105,wuzhibo0902,ISSUE_CLOSED_BY_OTHER
edison1105,melasculla,COMMENT_ON_ISSUE_OR_PR
linzhe141,melasculla,COMMENT_ON_ISSUE_OR_PR
edison1105,melasculla,COMMENT_ON_ISSUE_OR_PR
edison1105,melasculla,ISSUE_CLOSED_BY_OTHER
edison1105,zaalbarxx,COMMENT_ON_ISSUE_OR_PR
edison1105,zaalbarxx,COMMENT_ON_ISSUE_OR_PR
edison1105,hlxvi,COMMENT_ON_ISSUE_OR_PR
edison1105,hlxvi,COMMENT_ON_ISSUE_OR_PR
edison1105,sakship2204,COMMENT_ON_ISSUE_OR_PR
edison1105,hooray,COMMENT_ON_ISSUE_OR_PR
edison1105,hooray,ISSUE_CLOSED_BY_OTHER
edison1105,markrian,ISSUE_CLOSED_BY_OTHER
linzhe141,mingpepe,COMMENT_ON_ISSUE_OR_PR
edison1105,mingpepe,COMMENT_ON_ISSUE_OR_PR
edison1105,mingpepe,ISSUE_CLOSED_BY_OTHER
strix-og,geferon,COMMENT_ON_ISSUE_OR_PR
edison1105,geferon,ISSUE_CLOSED_BY_OTHER
edison1105,medranocalvo,ISSUE_CLOSED_BY_OTHER
edison1105,youranreus,COMMENT_ON_ISSUE_OR_PR
edison1105,zLikeMario,COMMENT_ON_ISSUE_OR_PR
edison1105,zLikeMario,ISSUE_CLOSED_BY_OTHER
Bayn-Web,c-harding,COMMENT_ON_ISSUE_OR_PR
edison1105,c-harding,COMMENT_ON_ISSUE_OR_PR
edison1105,c-harding,ISSUE_CLOSED_BY_OTHER
edison1105,decademoon,COMMENT_ON_ISSUE_OR_PR
yyx990803,decademoon,ISSUE_CLOSED_BY_OTHER
edison1105,canciodev,COMMENT_ON_ISSUE_OR_PR
edison1105,canciodev,COMMENT_ON_ISSUE_OR_PR
edison1105,canciodev,COMMENT_ON_ISSUE_OR_PR
JoJk0,canciodev,COMMENT_ON_ISSUE_OR_PR
edison1105,canciodev,ISSUE_CLOSED_BY_OTHER
edison1105,wattanx,COMMENT_ON_ISSUE_OR_PR
edison1105,wattanx,ISSUE_CLOSED_BY_OTHER
edison1105,tianhenmei,COMMENT_ON_ISSUE_OR_PR
github-actions[bot],tianhenmei,ISSUE_CLOSED_BY_OTHER
edison1105,ChinaChenMingQuan,COMMENT_ON_ISSUE_OR_PR
edison1105,ChinaChenMingQuan,COMMENT_ON_ISSUE_OR_PR
edison1105,ChinaChenMingQuan,ISSUE_CLOSED_BY_OTHER
edison1105,kingyue737,COMMENT_ON_ISSUE_OR_PR
noootwo,kingyue737,COMMENT_ON_ISSUE_OR_PR
edison1105,kingyue737,COMMENT_ON_ISSUE_OR_PR
noootwo,kingyue737,COMMENT_ON_ISSUE_OR_PR
edison1105,kingyue737,ISSUE_CLOSED_BY_OTHER
catsmeatman,hanshy1,COMMENT_ON_ISSUE_OR_PR
edison1105,hanshy1,COMMENT_ON_ISSUE_OR_PR
edison1105,hanshy1,ISSUE_CLOSED_BY_OTHER
Maxim-Mazurok,MZ-Dlovely,COMMENT_ON_ISSUE_OR_PR
rootwalla,MZ-Dlovely,COMMENT_ON_ISSUE_OR_PR
noellelevydialpad,MZ-Dlovely,COMMENT_ON_ISSUE_OR_PR
kubajmarek,MZ-Dlovely,COMMENT_ON_ISSUE_OR_PR
edison1105,MZ-Dlovely,ISSUE_CLOSED_BY_OTHER
yangliguo7,masterYi2333,COMMENT_ON_ISSUE_OR_PR
edison1105,masterYi2333,COMMENT_ON_ISSUE_OR_PR
d-ryabtsev,masterYi2333,COMMENT_ON_ISSUE_OR_PR
chrisjansky,ludwig801,COMMENT_ON_ISSUE_OR_PR
edison1105,ludwig801,ISSUE_CLOSED_BY_OTHER
edison1105,Clareyang213,COMMENT_ON_ISSUE_OR_PR
edison1105,Clareyang213,ISSUE_CLOSED_BY_OTHER
edison1105,huang-julien,COMMENT_ON_ISSUE_OR_PR
cernymatej,huang-julien,COMMENT_ON_ISSUE_OR_PR
danielroe,huang-julien,COMMENT_ON_ISSUE_OR_PR
edison1105,huang-julien,COMMENT_ON_ISSUE_OR_PR
linzhe141,llxq,COMMENT_ON_ISSUE_OR_PR
edison1105,llxq,COMMENT_ON_ISSUE_OR_PR
edison1105,llxq,ISSUE_CLOSED_BY_OTHER
edison1105,LoveVin,COMMENT_ON_ISSUE_OR_PR
lejunyang,LoveVin,COMMENT_ON_ISSUE_OR_PR
kleinfreund,LoveVin,COMMENT_ON_ISSUE_OR_PR
roydukkey,LoveVin,COMMENT_ON_ISSUE_OR_PR
roydukkey,LoveVin,COMMENT_ON_ISSUE_OR_PR
roydukkey,LoveVin,COMMENT_ON_ISSUE_OR_PR
xvvhang,n0liu,COMMENT_ON_ISSUE_OR_PR
cexbrayat,n0liu,COMMENT_ON_ISSUE_OR_PR
cexbrayat,n0liu,ISSUE_CLOSED_BY_OTHER
edison1105,Doeke,COMMENT_ON_ISSUE_OR_PR
linzhe141,Doeke,COMMENT_ON_ISSUE_OR_PR
alex-snezhko,Doeke,COMMENT_ON_ISSUE_OR_PR
edison1105,707169145,COMMENT_ON_ISSUE_OR_PR
edison1105,707169145,ISSUE_CLOSED_BY_OTHER
noootwo,Gwynerva,COMMENT_ON_ISSUE_OR_PR
noootwo,Gwynerva,COMMENT_ON_ISSUE_OR_PR
noootwo,Gwynerva,COMMENT_ON_ISSUE_OR_PR
noootwo,Gwynerva,COMMENT_ON_ISSUE_OR_PR
edison1105,Gwynerva,COMMENT_ON_ISSUE_OR_PR
edison1105,Gwynerva,COMMENT_ON_ISSUE_OR_PR
edison1105,Gwynerva,COMMENT_ON_ISSUE_OR_PR
edison1105,Gwynerva,COMMENT_ON_ISSUE_OR_PR
edison1105,Gwynerva,COMMENT_ON_ISSUE_OR_PR
edison1105,Gwynerva,COMMENT_ON_ISSUE_OR_PR
edison1105,Gwynerva,COMMENT_ON_ISSUE_OR_PR
edison1105,Gwynerva,COMMENT_ON_ISSUE_OR_PR
edison1105,Gwynerva,COMMENT_ON_ISSUE_OR_PR
edison1105,Gwynerva,COMMENT_ON_ISSUE_OR_PR
edison1105,Gwynerva,COMMENT_ON_ISSUE_OR_PR
edison1105,Gwynerva,COMMENT_ON_ISSUE_OR_PR
sebbayer,Gwynerva,COMMENT_ON_ISSUE_OR_PR
edison1105,morowind,COMMENT_ON_ISSUE_OR_PR
edison1105,codeCodCo,COMMENT_ON_ISSUE_OR_PR
github-actions[bot],codeCodCo,ISSUE_CLOSED_BY_OTHER
edison1105,zangbianxuegu,COMMENT_ON_ISSUE_OR_PR
edison1105,zangbianxuegu,ISSUE_CLOSED_BY_OTHER
KazariEX,rstoenescu,COMMENT_ON_ISSUE_OR_PR
edison1105,rstoenescu,COMMENT_ON_ISSUE_OR_PR
edison1105,rstoenescu,ISSUE_CLOSED_BY_OTHER
jacekkarczmarczyk,CaiWenlie,COMMENT_ON_ISSUE_OR_PR
jh-leong,CaiWenlie,ISSUE_CLOSED_BY_OTHER
edison1105,Nathan7139,COMMENT_ON_ISSUE_OR_PR
jh-leong,cernymatej,COMMENT_ON_ISSUE_OR_PR
jh-leong,cernymatej,ISSUE_CLOSED_BY_OTHER
KazariEX,benwiley4000,ISSUE_CLOSED_BY_OTHER
jh-leong,eatfishs,COMMENT_ON_ISSUE_OR_PR
jh-leong,eatfishs,ISSUE_CLOSED_BY_OTHER
edison1105,icodejoo,COMMENT_ON_ISSUE_OR_PR
edison1105,icodejoo,ISSUE_CLOSED_BY_OTHER
edison1105,danielroe,COMMENT_ON_ISSUE_OR_PR
Gwynerva,danielroe,COMMENT_ON_ISSUE_OR_PR
edison1105,danielroe,COMMENT_ON_ISSUE_OR_PR
Gwynerva,danielroe,COMMENT_ON_ISSUE_OR_PR
edison1105,danielroe,COMMENT_ON_ISSUE_OR_PR
Justineo,danielroe,COMMENT_ON_ISSUE_OR_PR
Gwynerva,danielroe,COMMENT_ON_ISSUE_OR_PR
Gwynerva,danielroe,COMMENT_ON_ISSUE_OR_PR
Gwynerva,danielroe,COMMENT_ON_ISSUE_OR_PR
edison1105,danielroe,COMMENT_ON_ISSUE_OR_PR
Gwynerva,danielroe,COMMENT_ON_ISSUE_OR_PR
Ghosterbeef,danielroe,COMMENT_ON_ISSUE_OR_PR
Gwynerva,danielroe,COMMENT_ON_ISSUE_OR_PR
Ghosterbeef,danielroe,COMMENT_ON_ISSUE_OR_PR
Gwynerva,danielroe,COMMENT_ON_ISSUE_OR_PR
Ghosterbeef,danielroe,COMMENT_ON_ISSUE_OR_PR
Gwynerva,danielroe,COMMENT_ON_ISSUE_OR_PR
edison1105,danielroe,COMMENT_ON_ISSUE_OR_PR
Gwynerva,danielroe,COMMENT_ON_ISSUE_OR_PR
Gwynerva,danielroe,COMMENT_ON_ISSUE_OR_PR
parkerisme,danielroe,COMMENT_ON_ISSUE_OR_PR
Gwynerva,danielroe,COMMENT_ON_ISSUE_OR_PR
parkerisme,danielroe,COMMENT_ON_ISSUE_OR_PR
Gwynerva,danielroe,COMMENT_ON_ISSUE_OR_PR
svmrw,danielroe,COMMENT_ON_ISSUE_OR_PR
edison1105,ynqq,COMMENT_ON_ISSUE_OR_PR
edison1105,ynqq,ISSUE_CLOSED_BY_OTHER
KazariEX,madogiwa0124,COMMENT_ON_ISSUE_OR_PR
edison1105,madogiwa0124,COMMENT_ON_ISSUE_OR_PR
edison1105,madogiwa0124,ISSUE_CLOSED_BY_OTHER
edison1105,rMonell,COMMENT_ON_ISSUE_OR_PR
edison1105,rMonell,ISSUE_CLOSED_BY_OTHER
edison1105,ihardyslide,COMMENT_ON_ISSUE_OR_PR
alex-snezhko,ihardyslide,COMMENT_ON_ISSUE_OR_PR
yangxiuxiu1115,wang-panfeng,COMMENT_ON_ISSUE_OR_PR
edison1105,wang-panfeng,COMMENT_ON_ISSUE_OR_PR
yangxiuxiu1115,FreeLiC,COMMENT_ON_ISSUE_OR_PR
Bayn-Web,FreeLiC,COMMENT_ON_ISSUE_OR_PR
edison1105,FreeLiC,COMMENT_ON_ISSUE_OR_PR
edison1105,FreeLiC,ISSUE_CLOSED_BY_OTHER
yangxiuxiu1115,Muspcn,COMMENT_ON_ISSUE_OR_PR
jh-leong,Muspcn,COMMENT_ON_ISSUE_OR_PR
yangxiuxiu1115,Muspcn,COMMENT_ON_ISSUE_OR_PR
jh-leong,Muspcn,ISSUE_CLOSED_BY_OTHER
edison1105,707169145,COMMENT_ON_ISSUE_OR_PR
edison1105,707169145,ISSUE_CLOSED_BY_OTHER
edison1105,jhillacre,COMMENT_ON_ISSUE_OR_PR
jh-leong,VaCameos,COMMENT_ON_ISSUE_OR_PR
jh-leong,VaCameos,ISSUE_CLOSED_BY_OTHER
edison1105,sarkiroka,COMMENT_ON_ISSUE_OR_PR
edison1105,sarkiroka,ISSUE_CLOSED_BY_OTHER
edison1105,cellador,COMMENT_ON_ISSUE_OR_PR
edison1105,lejunyang,ISSUE_CLOSED_BY_OTHER
jh-leong,Oleksii14,COMMENT_ON_ISSUE_OR_PR
jh-leong,Oleksii14,ISSUE_CLOSED_BY_OTHER
edison1105,dos1in,COMMENT_ON_ISSUE_OR_PR
edison1105,dos1in,ISSUE_CLOSED_BY_OTHER
Sh1-5,NaN-nan8,COMMENT_ON_ISSUE_OR_PR
Sh1-5,NaN-nan8,COMMENT_ON_ISSUE_OR_PR
Gianthard-cyh,NaN-nan8,COMMENT_ON_ISSUE_OR_PR
Justineo,NaN-nan8,COMMENT_ON_ISSUE_OR_PR
Justineo,NaN-nan8,ISSUE_CLOSED_BY_OTHER
Robind-ev,CaiWenlie,COMMENT_ON_ISSUE_OR_PR
edison1105,CaiWenlie,ISSUE_CLOSED_BY_OTHER
edison1105,jods4,COMMENT_ON_ISSUE_OR_PR
linzhe141,jods4,COMMENT_ON_ISSUE_OR_PR
edison1105,lejunyang,COMMENT_ON_ISSUE_OR_PR
edison1105,lejunyang,ISSUE_CLOSED_BY_OTHER
HaNdTriX,danieldasilva-smake,COMMENT_ON_ISSUE_OR_PR
edison1105,danieldasilva-smake,ISSUE_CLOSED_BY_OTHER
edison1105,miroljub1995,COMMENT_ON_ISSUE_OR_PR
edison1105,miroljub1995,ISSUE_CLOSED_BY_OTHER
edison1105,ZhangWillYu,COMMENT_ON_ISSUE_OR_PR
edison1105,ZhangWillYu,ISSUE_CLOSED_BY_OTHER
edison1105,farcry550,COMMENT_ON_ISSUE_OR_PR
edison1105,farcry550,ISSUE_CLOSED_BY_OTHER
Kanade-Lu,decademoon,COMMENT_ON_ISSUE_OR_PR
edison1105,decademoon,ISSUE_CLOSED_BY_OTHER
th1m0,adamdehaven,COMMENT_ON_ISSUE_OR_PR
edison1105,adamdehaven,ISSUE_CLOSED_BY_OTHER
yyx990803,danielroe,ISSUE_CLOSED_BY_OTHER
yangxiuxiu1115,GuangTom,COMMENT_ON_ISSUE_OR_PR
edison1105,GuangTom,COMMENT_ON_ISSUE_OR_PR
edison1105,GuangTom,ISSUE_CLOSED_BY_OTHER
edison1105,upschk,COMMENT_ON_ISSUE_OR_PR
cernymatej,upschk,COMMENT_ON_ISSUE_OR_PR
mikehwagz,upschk,COMMENT_ON_ISSUE_OR_PR
DanyloIvashev,upschk,COMMENT_ON_ISSUE_OR_PR
Akryum,upschk,COMMENT_ON_ISSUE_OR_PR
Justineo,adamdehaven,COMMENT_ON_ISSUE_OR_PR
Justineo,adamdehaven,COMMENT_ON_ISSUE_OR_PR
Justineo,adamdehaven,COMMENT_ON_ISSUE_OR_PR
edison1105,adamdehaven,ISSUE_CLOSED_BY_OTHER
edison1105,paveloom,COMMENT_ON_ISSUE_OR_PR
edison1105,paveloom,ISSUE_CLOSED_BY_OTHER
jacekkarczmarczyk,jonas-eiselt-fk,COMMENT_ON_ISSUE_OR_PR
edison1105,jonas-eiselt-fk,COMMENT_ON_ISSUE_OR_PR
edison1105,jonas-eiselt-fk,ISSUE_CLOSED_BY_OTHER
edison1105,ilyary,COMMENT_ON_ISSUE_OR_PR
edison1105,ilyary,ISSUE_CLOSED_BY_OTHER
edison1105,luukvnes,COMMENT_ON_ISSUE_OR_PR
edison1105,luukvnes,ISSUE_CLOSED_BY_OTHER
noootwo,billyct,COMMENT_ON_ISSUE_OR_PR
edison1105,jeongtae,COMMENT_ON_ISSUE_OR_PR
alex-snezhko,jeongtae,COMMENT_ON_ISSUE_OR_PR
edison1105,jeongtae,ISSUE_CLOSED_BY_OTHER
edison1105,lejunyang,COMMENT_ON_ISSUE_OR_PR
HaNdTriX,lejunyang,COMMENT_ON_ISSUE_OR_PR
noootwo,SergeiMinaev,COMMENT_ON_ISSUE_OR_PR
edison1105,SergeiMinaev,ISSUE_CLOSED_BY_OTHER
TechQuery,lejunyang,COMMENT_ON_ISSUE_OR_PR
edison1105,lejunyang,ISSUE_CLOSED_BY_OTHER
skirtles-code,tcastelly,COMMENT_ON_ISSUE_OR_PR
zh-lx,GrantGryczan,COMMENT_ON_ISSUE_OR_PR
edison1105,GrantGryczan,COMMENT_ON_ISSUE_OR_PR
yyx990803,GrantGryczan,COMMENT_ON_ISSUE_OR_PR
dukhevych,GrantGryczan,COMMENT_ON_ISSUE_OR_PR
dariasavinova,YiMo1,COMMENT_ON_ISSUE_OR_PR
edison1105,ablipan,COMMENT_ON_ISSUE_OR_PR
edison1105,ablipan,ISSUE_CLOSED_BY_OTHER
babu-ch,office-allow,COMMENT_ON_ISSUE_OR_PR
edison1105,office-allow,ISSUE_CLOSED_BY_OTHER
yyx990803,tirojal,ISSUE_CLOSED_BY_OTHER
edison1105,haykkh,COMMENT_ON_ISSUE_OR_PR
yyx990803,haykkh,ISSUE_CLOSED_BY_OTHER
edison1105,xuncanzhe,COMMENT_ON_ISSUE_OR_PR
edison1105,xuncanzhe,COMMENT_ON_ISSUE_OR_PR
edison1105,xuncanzhe,COMMENT_ON_ISSUE_OR_PR
edison1105,xuncanzhe,ISSUE_CLOSED_BY_OTHER
Alfred-Skyblue,TryChai,COMMENT_ON_ISSUE_OR_PR
Alfred-Skyblue,TryChai,ISSUE_CLOSED_BY_OTHER
edison1105,zhiyuanzmj,ISSUE_CLOSED_BY_OTHER
edison1105,DobbyFanbase,COMMENT_ON_ISSUE_OR_PR
edison1105,DobbyFanbase,COMMENT_ON_ISSUE_OR_PR
edison1105,DobbyFanbase,COMMENT_ON_ISSUE_OR_PR
FxLsoft,Llois41,COMMENT_ON_ISSUE_OR_PR
edison1105,Llois41,COMMENT_ON_ISSUE_OR_PR
FxLsoft,Llois41,COMMENT_ON_ISSUE_OR_PR
edison1105,Llois41,COMMENT_ON_ISSUE_OR_PR
FxLsoft,Llois41,COMMENT_ON_ISSUE_OR_PR
edison1105,Llois41,COMMENT_ON_ISSUE_OR_PR
FxLsoft,Llois41,COMMENT_ON_ISSUE_OR_PR
yyx990803,Llois41,ISSUE_CLOSED_BY_OTHER
skirtles-code,huodoushigemi,COMMENT_ON_ISSUE_OR_PR
yyx990803,huodoushigemi,COMMENT_ON_ISSUE_OR_PR
yyx990803,huodoushigemi,ISSUE_CLOSED_BY_OTHER
edison1105,voidfeng,COMMENT_ON_ISSUE_OR_PR
edison1105,voidfeng,ISSUE_CLOSED_BY_OTHER
yyx990803,aKzenT,ISSUE_CLOSED_BY_OTHER
KazariEX,dabernathy89,COMMENT_ON_ISSUE_OR_PR
jh-leong,florian-g2,COMMENT_ON_ISSUE_OR_PR
jh-leong,florian-g2,ISSUE_CLOSED_BY_OTHER
edison1105,chenendian,COMMENT_ON_ISSUE_OR_PR
edison1105,chenendian,COMMENT_ON_ISSUE_OR_PR
edison1105,chenendian,ISSUE_CLOSED_BY_OTHER
edison1105,p3k,COMMENT_ON_ISSUE_OR_PR
edison1105,p3k,ISSUE_CLOSED_BY_OTHER
edison1105,Mini-ghost,COMMENT_ON_ISSUE_OR_PR
yyx990803,Mini-ghost,ISSUE_CLOSED_BY_OTHER
sqal,hfyZone,COMMENT_ON_ISSUE_OR_PR
edison1105,hfyZone,COMMENT_ON_ISSUE_OR_PR
edison1105,hfyZone,ISSUE_CLOSED_BY_OTHER
edison1105,ZhenyaUsenko,COMMENT_ON_ISSUE_OR_PR
edison1105,ZhenyaUsenko,COMMENT_ON_ISSUE_OR_PR
edison1105,ZhenyaUsenko,ISSUE_CLOSED_BY_OTHER
edison1105,HaceraI,COMMENT_ON_ISSUE_OR_PR
YiMo1,guaijie,COMMENT_ON_ISSUE_OR_PR
johnsoncodehk,Snack-X,COMMENT_ON_ISSUE_OR_PR
johnsoncodehk,Snack-X,ISSUE_CLOSED_BY_OTHER
edison1105,femans,COMMENT_ON_ISSUE_OR_PR
YiMo1,femans,COMMENT_ON_ISSUE_OR_PR
edison1105,femans,COMMENT_ON_ISSUE_OR_PR
edison1105,femans,ISSUE_CLOSED_BY_OTHER
yyx990803,mefcorvi,ISSUE_CLOSED_BY_OTHER
edison1105,DrWarpMan,COMMENT_ON_ISSUE_OR_PR
edison1105,DrWarpMan,COMMENT_ON_ISSUE_OR_PR
paul-thebaud,DrWarpMan,COMMENT_ON_ISSUE_OR_PR
YiuYoung,DrWarpMan,COMMENT_ON_ISSUE_OR_PR
edison1105,minaXU,COMMENT_ON_ISSUE_OR_PR
linzhe141,minaXU,COMMENT_ON_ISSUE_OR_PR
chibx,minaXU,COMMENT_ON_ISSUE_OR_PR
edison1105,minaXU,COMMENT_ON_ISSUE_OR_PR
edison1105,minaXU,ISSUE_CLOSED_BY_OTHER
jh-leong,ludwig801,COMMENT_ON_ISSUE_OR_PR
jh-leong,ludwig801,COMMENT_ON_ISSUE_OR_PR
jh-leong,ludwig801,COMMENT_ON_ISSUE_OR_PR
jh-leong,ludwig801,ISSUE_CLOSED_BY_OTHER
edison1105,garrettzxd,COMMENT_ON_ISSUE_OR_PR
edison1105,garrettzxd,ISSUE_CLOSED_BY_OTHER
edison1105,maxbogue,COMMENT_ON_ISSUE_OR_PR
edison1105,maxbogue,ISSUE_CLOSED_BY_OTHER
edison1105,ysswebdev,COMMENT_ON_ISSUE_OR_PR
ferferga,ysswebdev,COMMENT_ON_ISSUE_OR_PR
edison1105,ysswebdev,COMMENT_ON_ISSUE_OR_PR
edison1105,ysswebdev,COMMENT_ON_ISSUE_OR_PR
edison1105,ysswebdev,COMMENT_ON_ISSUE_OR_PR
edison1105,ysswebdev,ISSUE_CLOSED_BY_OTHER
KamilOcean,Mefinst,COMMENT_ON_ISSUE_OR_PR
edison1105,jacobg,COMMENT_ON_ISSUE_OR_PR
edison1105,jacobg,COMMENT_ON_ISSUE_OR_PR
edison1105,jacobg,COMMENT_ON_ISSUE_OR_PR
Justineo,Maxttier,COMMENT_ON_ISSUE_OR_PR
Justineo,Maxttier,ISSUE_CLOSED_BY_OTHER
edison1105,steven-klein,COMMENT_ON_ISSUE_OR_PR
jh-leong,kristijan11b,COMMENT_ON_ISSUE_OR_PR
edison1105,Deuscx,COMMENT_ON_ISSUE_OR_PR
edison1105,Deuscx,ISSUE_CLOSED_BY_OTHER
edison1105,richardsimko,COMMENT_ON_ISSUE_OR_PR
KazariEX,richardsimko,COMMENT_ON_ISSUE_OR_PR
KazariEX,richardsimko,ISSUE_CLOSED_BY_OTHER
edison1105,larsmyrup,COMMENT_ON_ISSUE_OR_PR
edison1105,larsmyrup,ISSUE_CLOSED_BY_OTHER
edison1105,dongj0316,COMMENT_ON_ISSUE_OR_PR
edison1105,dongj0316,ISSUE_CLOSED_BY_OTHER
edison1105,LoTwT,ISSUE_CLOSED_BY_OTHER
yyx990803,angelov-a,ISSUE_CLOSED_BY_OTHER
edison1105,zhangmo8,COMMENT_ON_ISSUE_OR_PR
edison1105,zyyv,COMMENT_ON_ISSUE_OR_PR
jh-leong,zjpzjp,COMMENT_ON_ISSUE_OR_PR
jh-leong,zjpzjp,ISSUE_CLOSED_BY_OTHER
jh-leong,daihuabin,COMMENT_ON_ISSUE_OR_PR
jh-leong,daihuabin,COMMENT_ON_ISSUE_OR_PR
jh-leong,daihuabin,ISSUE_CLOSED_BY_OTHER
edison1105,JoCa96,ISSUE_CLOSED_BY_OTHER
edison1105,Ericlm,COMMENT_ON_ISSUE_OR_PR
jh-leong,TryChai,ISSUE_CLOSED_BY_OTHER
skirtles-code,TryChai,COMMENT_ON_ISSUE_OR_PR
edison1105,TryChai,COMMENT_ON_ISSUE_OR_PR
edison1105,TryChai,ISSUE_CLOSED_BY_OTHER
edison1105,VividLemon,COMMENT_ON_ISSUE_OR_PR
edison1105,eeee-creator,COMMENT_ON_ISSUE_OR_PR
alex-snezhko,eeee-creator,COMMENT_ON_ISSUE_OR_PR
edison1105,LoTwT,COMMENT_ON_ISSUE_OR_PR
edison1105,LoTwT,ISSUE_CLOSED_BY_OTHER
edison1105,softwareCobbler,COMMENT_ON_ISSUE_OR_PR
edison1105,softwareCobbler,ISSUE_CLOSED_BY_OTHER
jacksongross,lacherogwu,COMMENT_ON_ISSUE_OR_PR
KazariEX,lacherogwu,COMMENT_ON_ISSUE_OR_PR
lejunyang,Gabrieltrinidad0101,COMMENT_ON_ISSUE_OR_PR
LinusBorg,Gabrieltrinidad0101,ISSUE_CLOSED_BY_OTHER
patroza,DrWarpMan,COMMENT_ON_ISSUE_OR_PR
KazariEX,DrWarpMan,ISSUE_CLOSED_BY_OTHER
yyx990803,lejunyang,ISSUE_CLOSED_BY_OTHER
DENCREAT,silencerspirit,COMMENT_ON_ISSUE_OR_PR
jh-leong,silencerspirit,COMMENT_ON_ISSUE_OR_PR
DENCREAT,silencerspirit,COMMENT_ON_ISSUE_OR_PR
DENCREAT,silencerspirit,COMMENT_ON_ISSUE_OR_PR
jh-leong,silencerspirit,COMMENT_ON_ISSUE_OR_PR
tomtheisen,silencerspirit,COMMENT_ON_ISSUE_OR_PR
DENCREAT,silencerspirit,COMMENT_ON_ISSUE_OR_PR
tomtheisen,silencerspirit,COMMENT_ON_ISSUE_OR_PR
DENCREAT,silencerspirit,COMMENT_ON_ISSUE_OR_PR
tomtheisen,silencerspirit,COMMENT_ON_ISSUE_OR_PR
jh-leong,andreww2012,COMMENT_ON_ISSUE_OR_PR
ronleeon,JiangBei007,COMMENT_ON_ISSUE_OR_PR
y1324,JiangBei007,COMMENT_ON_ISSUE_OR_PR
fuyoo,JiangBei007,COMMENT_ON_ISSUE_OR_PR
yyx990803,JiangBei007,ISSUE_CLOSED_BY_OTHER
jh-leong,self-imrovement,COMMENT_ON_ISSUE_OR_PR
jh-leong,self-imrovement,COMMENT_ON_ISSUE_OR_PR
jh-leong,self-imrovement,ISSUE_CLOSED_BY_OTHER
Ice-Hazymoon,denghui1010,COMMENT_ON_ISSUE_OR_PR
edison1105,denghui1010,ISSUE_CLOSED_BY_OTHER
edison1105,shining-mind,COMMENT_ON_ISSUE_OR_PR
edison1105,shining-mind,ISSUE_CLOSED_BY_OTHER
edison1105,miroljub1995,COMMENT_ON_ISSUE_OR_PR
ferferga,miroljub1995,COMMENT_ON_ISSUE_OR_PR
edison1105,miroljub1995,COMMENT_ON_ISSUE_OR_PR
ferferga,miroljub1995,COMMENT_ON_ISSUE_OR_PR
yyx990803,miroljub1995,ISSUE_CLOSED_BY_OTHER
jh-leong,apichler-druck-at,COMMENT_ON_ISSUE_OR_PR
edison1105,apichler-druck-at,COMMENT_ON_ISSUE_OR_PR
edison1105,apichler-druck-at,ISSUE_CLOSED_BY_OTHER
jh-leong,nurgeldiserikbay,COMMENT_ON_ISSUE_OR_PR
skirtles-code,nurgeldiserikbay,COMMENT_ON_ISSUE_OR_PR
github-actions[bot],nurgeldiserikbay,ISSUE_CLOSED_BY_OTHER
edison1105,matej-svejda,COMMENT_ON_ISSUE_OR_PR
edison1105,matej-svejda,ISSUE_CLOSED_BY_OTHER
edison1105,OrbisK,COMMENT_ON_ISSUE_OR_PR
rstoenescu,OrbisK,COMMENT_ON_ISSUE_OR_PR
rstoenescu,OrbisK,COMMENT_ON_ISSUE_OR_PR
edison1105,OrbisK,ISSUE_CLOSED_BY_OTHER
edison1105,lelmestour,COMMENT_ON_ISSUE_OR_PR
yyx990803,lelmestour,ISSUE_CLOSED_BY_OTHER
edison1105,arnesten,COMMENT_ON_ISSUE_OR_PR
yyx990803,arnesten,ISSUE_CLOSED_BY_OTHER
edison1105,jenjohmar,COMMENT_ON_ISSUE_OR_PR
edison1105,jenjohmar,ISSUE_CLOSED_BY_OTHER
yyx990803,WIStudent,ISSUE_CLOSED_BY_OTHER
jh-leong,cloydlau,COMMENT_ON_ISSUE_OR_PR
jh-leong,cloydlau,COMMENT_ON_ISSUE_OR_PR
jh-leong,cloydlau,COMMENT_ON_ISSUE_OR_PR
jh-leong,cloydlau,ISSUE_CLOSED_BY_OTHER
edison1105,Ingramz,COMMENT_ON_ISSUE_OR_PR
skirtles-code,ericgll,COMMENT_ON_ISSUE_OR_PR
edison1105,ericgll,COMMENT_ON_ISSUE_OR_PR
edison1105,ericgll,ISSUE_CLOSED_BY_OTHER
edison1105,lennartbuit,COMMENT_ON_ISSUE_OR_PR
yyx990803,07akioni,ISSUE_CLOSED_BY_OTHER
edison1105,zhangenming,COMMENT_ON_ISSUE_OR_PR
edison1105,zhangenming,ISSUE_CLOSED_BY_OTHER
edison1105,Banana-energy,COMMENT_ON_ISSUE_OR_PR
yyx990803,Banana-energy,COMMENT_ON_ISSUE_OR_PR
yyx990803,Banana-energy,ISSUE_CLOSED_BY_OTHER
yyx990803,jdnz,ISSUE_CLOSED_BY_OTHER
yangliguo7,scottbedard,COMMENT_ON_ISSUE_OR_PR
KazariEX,darkbasic,COMMENT_ON_ISSUE_OR_PR
KazariEX,darkbasic,COMMENT_ON_ISSUE_OR_PR
edison1105,tkalmar,COMMENT_ON_ISSUE_OR_PR
yyx990803,yodakaEngineer,ISSUE_CLOSED_BY_OTHER
yyx990803,YaredFall,ISSUE_CLOSED_BY_OTHER
jh-leong,hivokas,COMMENT_ON_ISSUE_OR_PR
skirtles-code,hivokas,COMMENT_ON_ISSUE_OR_PR
lukaszarpak,hivokas,COMMENT_ON_ISSUE_OR_PR
lukaszarpak,hivokas,COMMENT_ON_ISSUE_OR_PR
skirtles-code,hivokas,COMMENT_ON_ISSUE_OR_PR
jh-leong,hivokas,ISSUE_CLOSED_BY_OTHER
edison1105,iammola,COMMENT_ON_ISSUE_OR_PR
edison1105,iammola,ISSUE_CLOSED_BY_OTHER
edison1105,tiredenzo,COMMENT_ON_ISSUE_OR_PR
edison1105,baubie,COMMENT_ON_ISSUE_OR_PR
yyx990803,baubie,ISSUE_CLOSED_BY_OTHER
Tofandel,jcarlosroldan,COMMENT_ON_ISSUE_OR_PR
edison1105,jcarlosroldan,COMMENT_ON_ISSUE_OR_PR
edison1105,GarreltMock,ISSUE_CLOSED_BY_OTHER
KazariEX,tomtheisen,COMMENT_ON_ISSUE_OR_PR
edison1105,tomtheisen,COMMENT_ON_ISSUE_OR_PR
Justineo,tomtheisen,COMMENT_ON_ISSUE_OR_PR
KazariEX,tomtheisen,COMMENT_ON_ISSUE_OR_PR
KazariEX,tomtheisen,COMMENT_ON_ISSUE_OR_PR
Kennedy242,tomtheisen,COMMENT_ON_ISSUE_OR_PR
aelgn,tomtheisen,COMMENT_ON_ISSUE_OR_PR
mojoalan,tomtheisen,COMMENT_ON_ISSUE_OR_PR
mojoalan,tomtheisen,COMMENT_ON_ISSUE_OR_PR
xdannyrobertsx,tomtheisen,COMMENT_ON_ISSUE_OR_PR
HarbourDesign,tomtheisen,COMMENT_ON_ISSUE_OR_PR
brc-dd,tomtheisen,COMMENT_ON_ISSUE_OR_PR
tac11tac,tomtheisen,COMMENT_ON_ISSUE_OR_PR
JoelTrain,tomtheisen,COMMENT_ON_ISSUE_OR_PR
aelgn,tomtheisen,COMMENT_ON_ISSUE_OR_PR
edison1105,scw919,COMMENT_ON_ISSUE_OR_PR
edison1105,scw919,ISSUE_CLOSED_BY_OTHER
linzhe141,Yaro77,COMMENT_ON_ISSUE_OR_PR
edison1105,Yaro77,ISSUE_CLOSED_BY_OTHER
ghost,skirtles-code,COMMENT_ON_ISSUE_OR_PR
yyx990803,skirtles-code,ISSUE_CLOSED_BY_OTHER
edison1105,mahnunchik,COMMENT_ON_ISSUE_OR_PR
Justineo,mahnunchik,COMMENT_ON_ISSUE_OR_PR
edison1105,mahnunchik,ISSUE_CLOSED_BY_OTHER
yyx990803,ghost,ISSUE_CLOSED_BY_OTHER
yyx990803,minht11,ISSUE_CLOSED_BY_OTHER
yyx990803,DamianGlowala,ISSUE_CLOSED_BY_OTHER
yyx990803,twisterniq,COMMENT_ON_ISSUE_OR_PR
KazariEX,twisterniq,COMMENT_ON_ISSUE_OR_PR
yyx990803,twisterniq,ISSUE_CLOSED_BY_OTHER
edison1105,iammola,COMMENT_ON_ISSUE_OR_PR
jh-leong,iammola,COMMENT_ON_ISSUE_OR_PR
edison1105,iammola,ISSUE_CLOSED_BY_OTHER
yyx990803,inctec-leo,ISSUE_CLOSED_BY_OTHER
edison1105,MariuzM,COMMENT_ON_ISSUE_OR_PR
edison1105,zixiao144,COMMENT_ON_ISSUE_OR_PR
yyx990803,zixiao144,COMMENT_ON_ISSUE_OR_PR
yyx990803,zixiao144,ISSUE_CLOSED_BY_OTHER
edison1105,liqueflies,COMMENT_ON_ISSUE_OR_PR
yyx990803,liqueflies,ISSUE_CLOSED_BY_OTHER
yyx990803,skirtles-code,ISSUE_CLOSED_BY_OTHER
yyx990803,posva,COMMENT_ON_ISSUE_OR_PR
yyx990803,posva,ISSUE_CLOSED_BY_OTHER
edison1105,OrbisK,COMMENT_ON_ISSUE_OR_PR
edison1105,OrbisK,COMMENT_ON_ISSUE_OR_PR
edison1105,OrbisK,ISSUE_CLOSED_BY_OTHER
yangxiuxiu1115,danijar,COMMENT_ON_ISSUE_OR_PR
linzhe141,guaijie,COMMENT_ON_ISSUE_OR_PR
Justineo,guaijie,COMMENT_ON_ISSUE_OR_PR
Justineo,guaijie,COMMENT_ON_ISSUE_OR_PR
edison1105,guaijie,COMMENT_ON_ISSUE_OR_PR
Justineo,guaijie,COMMENT_ON_ISSUE_OR_PR
Justineo,guaijie,ISSUE_CLOSED_BY_OTHER
seanogdev,panstromek,COMMENT_ON_ISSUE_OR_PR
edison1105,panstromek,COMMENT_ON_ISSUE_OR_PR
yyx990803,panstromek,COMMENT_ON_ISSUE_OR_PR
angelov-a,panstromek,COMMENT_ON_ISSUE_OR_PR
angelov-a,panstromek,COMMENT_ON_ISSUE_OR_PR
yyx990803,panstromek,ISSUE_CLOSED_BY_OTHER
edison1105,agileago,COMMENT_ON_ISSUE_OR_PR
yyx990803,agileago,ISSUE_CLOSED_BY_OTHER
yyx990803,skirtles-code,ISSUE_CLOSED_BY_OTHER
yyx990803,mgibas,ISSUE_CLOSED_BY_OTHER
edison1105,Vanilagy,COMMENT_ON_ISSUE_OR_PR
edison1105,Vanilagy,COMMENT_ON_ISSUE_OR_PR
yyx990803,Vanilagy,COMMENT_ON_ISSUE_OR_PR
yyx990803,Vanilagy,ISSUE_CLOSED_BY_OTHER
jh-leong,sigma-plus,COMMENT_ON_ISSUE_OR_PR
edison1105,sigma-plus,COMMENT_ON_ISSUE_OR_PR
jh-leong,sigma-plus,ISSUE_CLOSED_BY_OTHER
edison1105,logotip4ik,COMMENT_ON_ISSUE_OR_PR
davidagitlen,solesonicsteph,COMMENT_ON_ISSUE_OR_PR
edison1105,solesonicsteph,COMMENT_ON_ISSUE_OR_PR
JimmyPez,solesonicsteph,COMMENT_ON_ISSUE_OR_PR
danjchoi,solesonicsteph,COMMENT_ON_ISSUE_OR_PR
yyx990803,solesonicsteph,ISSUE_CLOSED_BY_OTHER
yyx990803,dev-at-sevenlab-nl,ISSUE_CLOSED_BY_OTHER
linzhe141,Dchih,COMMENT_ON_ISSUE_OR_PR
edison1105,Dchih,COMMENT_ON_ISSUE_OR_PR
posva,Dchih,ISSUE_CLOSED_BY_OTHER
yyx990803,ghost,ISSUE_CLOSED_BY_OTHER
KazariEX,cathrinevaage,COMMENT_ON_ISSUE_OR_PR
edison1105,cathrinevaage,COMMENT_ON_ISSUE_OR_PR
KazariEX,cathrinevaage,COMMENT_ON_ISSUE_OR_PR
KazariEX,cathrinevaage,COMMENT_ON_ISSUE_OR_PR
KazariEX,cathrinevaage,COMMENT_ON_ISSUE_OR_PR
yyx990803,kazvaggos,ISSUE_CLOSED_BY_OTHER
edison1105,pmengy,COMMENT_ON_ISSUE_OR_PR
edison1105,pmengy,ISSUE_CLOSED_BY_OTHER
edison1105,GHOST-1581,COMMENT_ON_ISSUE_OR_PR
edison1105,GHOST-1581,ISSUE_CLOSED_BY_OTHER
KazariEX,Zheng-Changfu,COMMENT_ON_ISSUE_OR_PR
edison1105,GHOST-1581,COMMENT_ON_ISSUE_OR_PR
Justineo,GHOST-1581,COMMENT_ON_ISSUE_OR_PR
Justineo,GHOST-1581,ISSUE_CLOSED_BY_OTHER
edison1105,guda-art,COMMENT_ON_ISSUE_OR_PR
jh-leong,guda-art,COMMENT_ON_ISSUE_OR_PR
andreasgangso,guda-art,COMMENT_ON_ISSUE_OR_PR
yyx990803,wells1013,ISSUE_CLOSED_BY_OTHER
yyx990803,skirtles-code,ISSUE_CLOSED_BY_OTHER
linzhe141,guaijie,COMMENT_ON_ISSUE_OR_PR
edison1105,guaijie,COMMENT_ON_ISSUE_OR_PR
edison1105,guaijie,ISSUE_CLOSED_BY_OTHER
Justineo,guaijie,COMMENT_ON_ISSUE_OR_PR
Gianthard-cyh,guaijie,COMMENT_ON_ISSUE_OR_PR
Justineo,guaijie,COMMENT_ON_ISSUE_OR_PR
Justineo,guaijie,ISSUE_CLOSED_BY_OTHER
Gianthard-cyh,lqx19930505,COMMENT_ON_ISSUE_OR_PR
jh-leong,lqx19930505,COMMENT_ON_ISSUE_OR_PR
jh-leong,lqx19930505,ISSUE_CLOSED_BY_OTHER
LinusBorg,bosens-China,COMMENT_ON_ISSUE_OR_PR
LinusBorg,bosens-China,ISSUE_CLOSED_BY_OTHER
edison1105,xak2000,COMMENT_ON_ISSUE_OR_PR
jh-leong,xak2000,COMMENT_ON_ISSUE_OR_PR
jh-leong,xak2000,COMMENT_ON_ISSUE_OR_PR
178me,xak2000,COMMENT_ON_ISSUE_OR_PR
skirtles-code,nine-fox,COMMENT_ON_ISSUE_OR_PR
edison1105,nine-fox,COMMENT_ON_ISSUE_OR_PR
edison1105,nine-fox,ISSUE_CLOSED_BY_OTHER
skirtles-code,Atw-Lee,COMMENT_ON_ISSUE_OR_PR
edison1105,olgaDorio,COMMENT_ON_ISSUE_OR_PR
edison1105,olgaDorio,ISSUE_CLOSED_BY_OTHER
yyx990803,fabkho,ISSUE_CLOSED_BY_OTHER
aurelsserban,ftrsoft,COMMENT_ON_ISSUE_OR_PR
edison1105,ftrsoft,COMMENT_ON_ISSUE_OR_PR
yysanf,ftrsoft,COMMENT_ON_ISSUE_OR_PR
edison1105,ftrsoft,COMMENT_ON_ISSUE_OR_PR
edison1105,ftrsoft,COMMENT_ON_ISSUE_OR_PR
yyx990803,ftrsoft,COMMENT_ON_ISSUE_OR_PR
aurelsserban,ftrsoft,COMMENT_ON_ISSUE_OR_PR
konstantin-karlovich-unbiased-co-uk,ftrsoft,COMMENT_ON_ISSUE_OR_PR
agracia-foticos,ftrsoft,COMMENT_ON_ISSUE_OR_PR
edison1105,ftrsoft,COMMENT_ON_ISSUE_OR_PR
yyx990803,ftrsoft,COMMENT_ON_ISSUE_OR_PR
yyx990803,ftrsoft,COMMENT_ON_ISSUE_OR_PR
konstantin-karlovich-unbiased-co-uk,ftrsoft,COMMENT_ON_ISSUE_OR_PR
edison1105,ftrsoft,COMMENT_ON_ISSUE_OR_PR
edison1105,ftrsoft,COMMENT_ON_ISSUE_OR_PR
yyx990803,ftrsoft,COMMENT_ON_ISSUE_OR_PR
yyx990803,ftrsoft,COMMENT_ON_ISSUE_OR_PR
skirtles-code,ftrsoft,COMMENT_ON_ISSUE_OR_PR
edison1105,ftrsoft,COMMENT_ON_ISSUE_OR_PR
edison1105,ftrsoft,COMMENT_ON_ISSUE_OR_PR
yyx990803,ftrsoft,ISSUE_CLOSED_BY_OTHER
edison1105,angelov-a,COMMENT_ON_ISSUE_OR_PR
yyx990803,angelov-a,ISSUE_CLOSED_BY_OTHER
edison1105,bayun2,COMMENT_ON_ISSUE_OR_PR
edison1105,bayun2,COMMENT_ON_ISSUE_OR_PR
edison1105,bayun2,ISSUE_CLOSED_BY_OTHER
jh-leong,HassanDomeDenea,COMMENT_ON_ISSUE_OR_PR
Nine-eleven,HassanDomeDenea,COMMENT_ON_ISSUE_OR_PR
alex-snezhko,HassanDomeDenea,COMMENT_ON_ISSUE_OR_PR
KazariEX,HassanDomeDenea,ISSUE_CLOSED_BY_OTHER
Tofandel,zhaojjiang,COMMENT_ON_ISSUE_OR_PR
Justineo,zhaojjiang,COMMENT_ON_ISSUE_OR_PR
Tofandel,zhaojjiang,COMMENT_ON_ISSUE_OR_PR
yyx990803,zhaojjiang,ISSUE_CLOSED_BY_OTHER
yyx990803,sxzz,ISSUE_CLOSED_BY_OTHER
yyx990803,transitive-bullshit,COMMENT_ON_ISSUE_OR_PR
yyx990803,transitive-bullshit,ISSUE_CLOSED_BY_OTHER
yyx990803,deleteme,ISSUE_CLOSED_BY_OTHER
edison1105,hrubysimon,COMMENT_ON_ISSUE_OR_PR
yyx990803,hrubysimon,ISSUE_CLOSED_BY_OTHER
yyx990803,LeftGamer1,COMMENT_ON_ISSUE_OR_PR
LinusBorg,LeftGamer1,COMMENT_ON_ISSUE_OR_PR
LinusBorg,LeftGamer1,COMMENT_ON_ISSUE_OR_PR
edison1105,LeftGamer1,COMMENT_ON_ISSUE_OR_PR
LinusBorg,LeftGamer1,ISSUE_CLOSED_BY_OTHER
edison1105,GG-BOYcai,COMMENT_ON_ISSUE_OR_PR
edison1105,GG-BOYcai,COMMENT_ON_ISSUE_OR_PR
github-actions[bot],GG-BOYcai,ISSUE_CLOSED_BY_OTHER
edison1105,pmengy,COMMENT_ON_ISSUE_OR_PR
yyx990803,pmengy,ISSUE_CLOSED_BY_OTHER
coderwei99,pei-han,COMMENT_ON_ISSUE_OR_PR
linzhe141,pei-han,COMMENT_ON_ISSUE_OR_PR
linzhe141,pei-han,COMMENT_ON_ISSUE_OR_PR
alex-snezhko,pei-han,COMMENT_ON_ISSUE_OR_PR
yyx990803,hayjacob,ISSUE_CLOSED_BY_OTHER
edison1105,Fuzzyma,COMMENT_ON_ISSUE_OR_PR
jh-leong,ppyl-datBoi,COMMENT_ON_ISSUE_OR_PR
edison1105,ppyl-datBoi,COMMENT_ON_ISSUE_OR_PR
edison1105,ppyl-datBoi,COMMENT_ON_ISSUE_OR_PR
gkubisa,ppyl-datBoi,COMMENT_ON_ISSUE_OR_PR
rxdiscovery,ppyl-datBoi,COMMENT_ON_ISSUE_OR_PR
rxdiscovery,ppyl-datBoi,COMMENT_ON_ISSUE_OR_PR
edison1105,ppyl-datBoi,COMMENT_ON_ISSUE_OR_PR
yyx990803,ppyl-datBoi,COMMENT_ON_ISSUE_OR_PR
rxdiscovery,ppyl-datBoi,COMMENT_ON_ISSUE_OR_PR
edison1105,ppyl-datBoi,COMMENT_ON_ISSUE_OR_PR
rxdiscovery,ppyl-datBoi,COMMENT_ON_ISSUE_OR_PR
edison1105,ppyl-datBoi,COMMENT_ON_ISSUE_OR_PR
rxdiscovery,ppyl-datBoi,COMMENT_ON_ISSUE_OR_PR
edison1105,ppyl-datBoi,COMMENT_ON_ISSUE_OR_PR
rxdiscovery,ppyl-datBoi,COMMENT_ON_ISSUE_OR_PR
edison1105,ppyl-datBoi,COMMENT_ON_ISSUE_OR_PR
rxdiscovery,ppyl-datBoi,COMMENT_ON_ISSUE_OR_PR
yyx990803,ppyl-datBoi,ISSUE_CLOSED_BY_OTHER
edison1105,hengistchan,COMMENT_ON_ISSUE_OR_PR
edison1105,hengistchan,ISSUE_CLOSED_BY_OTHER
JohnieXu,jack-allocate,COMMENT_ON_ISSUE_OR_PR
andrey-hohlov,jack-allocate,COMMENT_ON_ISSUE_OR_PR
sgoess,jack-allocate,COMMENT_ON_ISSUE_OR_PR
edison1105,jack-allocate,COMMENT_ON_ISSUE_OR_PR
yyx990803,jack-allocate,COMMENT_ON_ISSUE_OR_PR
edison1105,jack-allocate,ISSUE_CLOSED_BY_OTHER
yyx990803,0xAlunara,ISSUE_CLOSED_BY_OTHER
jh-leong,davidglezz,COMMENT_ON_ISSUE_OR_PR
edison1105,davidglezz,ISSUE_CLOSED_BY_OTHER
edison1105,yangmingshan,COMMENT_ON_ISSUE_OR_PR
Shyam-Chen,yangmingshan,COMMENT_ON_ISSUE_OR_PR
MuTsunTsai,yangmingshan,COMMENT_ON_ISSUE_OR_PR
ryanlin1986,yangmingshan,COMMENT_ON_ISSUE_OR_PR
yyx990803,yangmingshan,COMMENT_ON_ISSUE_OR_PR
MuTsunTsai,yangmingshan,COMMENT_ON_ISSUE_OR_PR
nine-fox,yangmingshan,COMMENT_ON_ISSUE_OR_PR
ryanlin1986,yangmingshan,COMMENT_ON_ISSUE_OR_PR
MuTsunTsai,yangmingshan,COMMENT_ON_ISSUE_OR_PR
yyx990803,yangmingshan,COMMENT_ON_ISSUE_OR_PR
yyx990803,yangmingshan,ISSUE_CLOSED_BY_OTHER
yyx990803,LeftGamer1,ISSUE_CLOSED_BY_OTHER
zh-lx,a161803398,COMMENT_ON_ISSUE_OR_PR
edison1105,pengzhanbo,COMMENT_ON_ISSUE_OR_PR
edison1105,pengzhanbo,COMMENT_ON_ISSUE_OR_PR
yyx990803,pengzhanbo,ISSUE_CLOSED_BY_OTHER
yyx990803,danielroe,ISSUE_CLOSED_BY_OTHER
edison1105,thecodewarrior,COMMENT_ON_ISSUE_OR_PR
edison1105,thecodewarrior,COMMENT_ON_ISSUE_OR_PR
edison1105,thecodewarrior,COMMENT_ON_ISSUE_OR_PR
edison1105,palasjir,COMMENT_ON_ISSUE_OR_PR
yyx990803,palasjir,ISSUE_CLOSED_BY_OTHER
yyx990803,yinhangfeng,ISSUE_CLOSED_BY_OTHER
yyx990803,HaceraI,ISSUE_CLOSED_BY_OTHER
jh-leong,yvangrdv,COMMENT_ON_ISSUE_OR_PR
svannierswm,yvangrdv,COMMENT_ON_ISSUE_OR_PR
KazariEX,yvangrdv,COMMENT_ON_ISSUE_OR_PR
edison1105,yvangrdv,ISSUE_CLOSED_BY_OTHER
edison1105,MohanDrey24,COMMENT_ON_ISSUE_OR_PR
skirtles-code,MohanDrey24,COMMENT_ON_ISSUE_OR_PR
JohnieXu,MohanDrey24,COMMENT_ON_ISSUE_OR_PR
edison1105,MohanDrey24,ISSUE_CLOSED_BY_OTHER
yyx990803,javie5,ISSUE_CLOSED_BY_OTHER
sqal,guy-confetti,COMMENT_ON_ISSUE_OR_PR
jh-leong,guy-confetti,COMMENT_ON_ISSUE_OR_PR
jh-leong,guy-confetti,COMMENT_ON_ISSUE_OR_PR
jh-leong,guy-confetti,ISSUE_CLOSED_BY_OTHER
palasjir,gVguy,COMMENT_ON_ISSUE_OR_PR
edison1105,gVguy,COMMENT_ON_ISSUE_OR_PR
yyx990803,gVguy,ISSUE_CLOSED_BY_OTHER
LinusBorg,Wakelin2,COMMENT_ON_ISSUE_OR_PR
LinusBorg,Wakelin2,ISSUE_CLOSED_BY_OTHER
LinusBorg,Yejneshwar,COMMENT_ON_ISSUE_OR_PR
LinusBorg,Yejneshwar,ISSUE_CLOSED_BY_OTHER
linzhe141,nicotu01,COMMENT_ON_ISSUE_OR_PR
jh-leong,nicotu01,COMMENT_ON_ISSUE_OR_PR
jh-leong,nicotu01,ISSUE_CLOSED_BY_OTHER
jh-leong,zcf0508,COMMENT_ON_ISSUE_OR_PR
edison1105,zcf0508,COMMENT_ON_ISSUE_OR_PR
edison1105,zcf0508,COMMENT_ON_ISSUE_OR_PR
yyx990803,zcf0508,ISSUE_CLOSED_BY_OTHER
jh-leong,maxkopych,COMMENT_ON_ISSUE_OR_PR
PengBoUESTC,maxkopych,COMMENT_ON_ISSUE_OR_PR
jh-leong,maxkopych,COMMENT_ON_ISSUE_OR_PR
PengBoUESTC,maxkopych,COMMENT_ON_ISSUE_OR_PR
Stalinko,maxkopych,COMMENT_ON_ISSUE_OR_PR
jh-leong,maxkopych,ISSUE_CLOSED_BY_OTHER
yyx990803,lehni,COMMENT_ON_ISSUE_OR_PR
yyx990803,lehni,ISSUE_CLOSED_BY_OTHER
yyx990803,justin-john,ISSUE_CLOSED_BY_OTHER
edison1105,ferferga,COMMENT_ON_ISSUE_OR_PR
yyx990803,ferferga,ISSUE_CLOSED_BY_OTHER
yyx990803,sebbayer,ISSUE_CLOSED_BY_OTHER
skirtles-code,PengBoUESTC,COMMENT_ON_ISSUE_OR_PR
baiwusanyu-c,PengBoUESTC,COMMENT_ON_ISSUE_OR_PR
yyx990803,PengBoUESTC,COMMENT_ON_ISSUE_OR_PR
yyx990803,PengBoUESTC,ISSUE_CLOSED_BY_OTHER
edison1105,comfuture,COMMENT_ON_ISSUE_OR_PR
yyx990803,comfuture,ISSUE_CLOSED_BY_OTHER
yyx990803,linzhe141,ISSUE_CLOSED_BY_OTHER
yyx990803,ferferga,ISSUE_CLOSED_BY_OTHER
edison1105,linzhe141,COMMENT_ON_ISSUE_OR_PR
yyx990803,linzhe141,ISSUE_CLOSED_BY_OTHER
edison1105,heggria,COMMENT_ON_ISSUE_OR_PR
wzsgtom,heggria,COMMENT_ON_ISSUE_OR_PR
yyx990803,heggria,ISSUE_CLOSED_BY_OTHER
edison1105,b10-as,COMMENT_ON_ISSUE_OR_PR
yyx990803,b10-as,ISSUE_CLOSED_BY_OTHER
yyx990803,tcastelly,ISSUE_CLOSED_BY_OTHER
ferferga,Remzi1993,COMMENT_ON_ISSUE_OR_PR
Justineo,Remzi1993,COMMENT_ON_ISSUE_OR_PR
Justineo,Remzi1993,ISSUE_CLOSED_BY_OTHER
jh-leong,Cherry,COMMENT_ON_ISSUE_OR_PR
edison1105,Cherry,COMMENT_ON_ISSUE_OR_PR
yyx990803,Cherry,ISSUE_CLOSED_BY_OTHER
edison1105,Tofandel,COMMENT_ON_ISSUE_OR_PR
baiwusanyu-c,Tofandel,COMMENT_ON_ISSUE_OR_PR
edison1105,Tofandel,COMMENT_ON_ISSUE_OR_PR
yyx990803,Tofandel,COMMENT_ON_ISSUE_OR_PR
yyx990803,Tofandel,ISSUE_CLOSED_BY_OTHER
yyx990803,shaunakv1,ISSUE_CLOSED_BY_OTHER
Xiaofusun,ktsn,COMMENT_ON_ISSUE_OR_PR
edison1105,ktsn,COMMENT_ON_ISSUE_OR_PR
Xiaofusun,ktsn,COMMENT_ON_ISSUE_OR_PR
yyx990803,ktsn,ISSUE_CLOSED_BY_OTHER
edison1105,danielroe,COMMENT_ON_ISSUE_OR_PR
yyx990803,danielroe,ISSUE_CLOSED_BY_OTHER
linzhe141,beishuangzz,COMMENT_ON_ISSUE_OR_PR
linzhe141,beishuangzz,COMMENT_ON_ISSUE_OR_PR
edison1105,beishuangzz,COMMENT_ON_ISSUE_OR_PR
linzhe141,beishuangzz,COMMENT_ON_ISSUE_OR_PR
edison1105,beishuangzz,COMMENT_ON_ISSUE_OR_PR
hooray,beishuangzz,COMMENT_ON_ISSUE_OR_PR
edison1105,beishuangzz,COMMENT_ON_ISSUE_OR_PR
yyx990803,beishuangzz,COMMENT_ON_ISSUE_OR_PR
yyx990803,beishuangzz,ISSUE_CLOSED_BY_OTHER
edison1105,ElYaiko,COMMENT_ON_ISSUE_OR_PR
yyx990803,ElYaiko,ISSUE_CLOSED_BY_OTHER
LinusBorg,mojoalan,COMMENT_ON_ISSUE_OR_PR
LinusBorg,mojoalan,COMMENT_ON_ISSUE_OR_PR
LinusBorg,mojoalan,ISSUE_CLOSED_BY_OTHER
yyx990803,scottbedard,ISSUE_CLOSED_BY_OTHER
Shyam-Chen,matvejs16,COMMENT_ON_ISSUE_OR_PR
edison1105,laddish,COMMENT_ON_ISSUE_OR_PR
edison1105,laddish,ISSUE_CLOSED_BY_OTHER
Official-ObiTech,estberg,COMMENT_ON_ISSUE_OR_PR
edison1105,estberg,COMMENT_ON_ISSUE_OR_PR
Official-ObiTech,estberg,COMMENT_ON_ISSUE_OR_PR
edison1105,estberg,ISSUE_CLOSED_BY_OTHER
jh-leong,plehnen,COMMENT_ON_ISSUE_OR_PR
LinusBorg,plehnen,COMMENT_ON_ISSUE_OR_PR
sunil-sharma-999,plehnen,COMMENT_ON_ISSUE_OR_PR
edison1105,plehnen,COMMENT_ON_ISSUE_OR_PR
LinusBorg,plehnen,COMMENT_ON_ISSUE_OR_PR
edison1105,plehnen,COMMENT_ON_ISSUE_OR_PR
yyx990803,plehnen,ISSUE_CLOSED_BY_OTHER
edison1105,bosens-China,COMMENT_ON_ISSUE_OR_PR
edison1105,bosens-China,COMMENT_ON_ISSUE_OR_PR
edison1105,bosens-China,COMMENT_ON_ISSUE_OR_PR
jh-leong,vphatfla,COMMENT_ON_ISSUE_OR_PR
jh-leong,vphatfla,COMMENT_ON_ISSUE_OR_PR
jh-leong,vphatfla,ISSUE_CLOSED_BY_OTHER
edison1105,adamdehaven,COMMENT_ON_ISSUE_OR_PR
yyx990803,adamdehaven,ISSUE_CLOSED_BY_OTHER
jh-leong,Kanade-Lu,COMMENT_ON_ISSUE_OR_PR
jh-leong,Kanade-Lu,COMMENT_ON_ISSUE_OR_PR
jh-leong,Kanade-Lu,COMMENT_ON_ISSUE_OR_PR
yyx990803,Kanade-Lu,COMMENT_ON_ISSUE_OR_PR
yyx990803,Kanade-Lu,ISSUE_CLOSED_BY_OTHER
LinusBorg,litingyes,COMMENT_ON_ISSUE_OR_PR
LinusBorg,litingyes,ISSUE_CLOSED_BY_OTHER
linzhe141,artmakarov,COMMENT_ON_ISSUE_OR_PR
Procrustes5,artmakarov,COMMENT_ON_ISSUE_OR_PR
edison1105,danielkellyio,COMMENT_ON_ISSUE_OR_PR
dabernathy89,danielkellyio,COMMENT_ON_ISSUE_OR_PR
SebastianStolze,danielkellyio,COMMENT_ON_ISSUE_OR_PR
b01010110,danielkellyio,COMMENT_ON_ISSUE_OR_PR
edison1105,l123wx,COMMENT_ON_ISSUE_OR_PR
edison1105,l123wx,COMMENT_ON_ISSUE_OR_PR
edison1105,l123wx,COMMENT_ON_ISSUE_OR_PR
yyx990803,l123wx,ISSUE_CLOSED_BY_OTHER
edison1105,zhangenming,COMMENT_ON_ISSUE_OR_PR
LinusBorg,zhangenming,COMMENT_ON_ISSUE_OR_PR
edison1105,javie5,COMMENT_ON_ISSUE_OR_PR
yyx990803,javie5,ISSUE_CLOSED_BY_OTHER
LinusBorg,drozdzynski,COMMENT_ON_ISSUE_OR_PR
LinusBorg,drozdzynski,ISSUE_CLOSED_BY_OTHER
LinusBorg,aloneWang,COMMENT_ON_ISSUE_OR_PR
LinusBorg,aloneWang,ISSUE_CLOSED_BY_OTHER
Trandx,makedopamine,COMMENT_ON_ISSUE_OR_PR
LinusBorg,makedopamine,COMMENT_ON_ISSUE_OR_PR
edison1105,makedopamine,ISSUE_CLOSED_BY_OTHER
edison1105,Trandx,COMMENT_ON_ISSUE_OR_PR
jh-leong,tianwang8090,COMMENT_ON_ISSUE_OR_PR
yyx990803,tianwang8090,ISSUE_CLOSED_BY_OTHER
riskysciolism,edison1105,COMMENT_ON_ISSUE_OR_PR
riskysciolism,edison1105,COMMENT_ON_ISSUE_OR_PR
yyx990803,edison1105,ISSUE_CLOSED_BY_OTHER
jh-leong,a42195472,COMMENT_ON_ISSUE_OR_PR
edison1105,a42195472,COMMENT_ON_ISSUE_OR_PR
edison1105,patchthecode,COMMENT_ON_ISSUE_OR_PR
edison1105,PhilippChEnBW,COMMENT_ON_ISSUE_OR_PR
edison1105,PhilippChEnBW,COMMENT_ON_ISSUE_OR_PR
github-actions[bot],lukaszarpak,ISSUE_CLOSED_BY_OTHER
jh-leong,ghost,COMMENT_ON_ISSUE_OR_PR
edison1105,xieyuschen,COMMENT_ON_ISSUE_OR_PR
yangxiuxiu1115,xieyuschen,COMMENT_ON_ISSUE_OR_PR
edison1105,xieyuschen,COMMENT_ON_ISSUE_OR_PR
LinusBorg,xieyuschen,COMMENT_ON_ISSUE_OR_PR
edison1105,Qzki,COMMENT_ON_ISSUE_OR_PR
edison1105,Qzki,ISSUE_CLOSED_BY_OTHER
coderabbitai[bot],edison1105,COMMENT_ON_ISSUE_OR_PR
github-actions[bot],edison1105,COMMENT_ON_ISSUE_OR_PR
pkg-pr-new[bot],edison1105,COMMENT_ON_ISSUE_OR_PR
coderabbitai[bot],edison1105,PR_REVIEW_OR_APPROVAL
coderabbitai[bot],edison1105,COMMENT_ON_ISSUE_OR_PR
github-actions[bot],edison1105,COMMENT_ON_ISSUE_OR_PR
pkg-pr-new[bot],edison1105,COMMENT_ON_ISSUE_OR_PR
coderabbitai[bot],edison1105,PR_REVIEW_OR_APPROVAL
coderabbitai[bot],ifer47,COMMENT_ON_ISSUE_OR_PR
github-actions[bot],ifer47,COMMENT_ON_ISSUE_OR_PR
pkg-pr-new[bot],ifer47,COMMENT_ON_ISSUE_OR_PR
edison1105,ifer47,COMMENT_ON_ISSUE_OR_PR
vue-bot,ifer47,COMMENT_ON_ISSUE_OR_PR
coderabbitai[bot],ifer47,PR_REVIEW_OR_APPROVAL
edison1105,ifer47,PR_REVIEW_OR_APPROVAL
edison1105,ifer47,PR_REVIEW_OR_APPROVAL
edison1105,ifer47,PR_REVIEW_OR_APPROVAL
edison1105,ifer47,PR_MERGE
coderabbitai[bot],ifer47,COMMENT_ON_ISSUE_OR_PR
github-actions[bot],ifer47,COMMENT_ON_ISSUE_OR_PR
pkg-pr-new[bot],ifer47,COMMENT_ON_ISSUE_OR_PR
edison1105,ifer47,COMMENT_ON_ISSUE_OR_PR
coderabbitai[bot],ifer47,PR_REVIEW_OR_APPROVAL
coderabbitai[bot],edison1105,COMMENT_ON_ISSUE_OR_PR
pkg-pr-new[bot],edison1105,COMMENT_ON_ISSUE_OR_PR
github-actions[bot],edison1105,COMMENT_ON_ISSUE_OR_PR
coderabbitai[bot],edison1105,COMMENT_ON_ISSUE_OR_PR
pkg-pr-new[bot],edison1105,COMMENT_ON_ISSUE_OR_PR
github-actions[bot],edison1105,COMMENT_ON_ISSUE_OR_PR
coderabbitai[bot],edison1105,PR_REVIEW_OR_APPROVAL
coderabbitai[bot],edison1105,COMMENT_ON_ISSUE_OR_PR
pkg-pr-new[bot],edison1105,COMMENT_ON_ISSUE_OR_PR
github-actions[bot],edison1105,COMMENT_ON_ISSUE_OR_PR
coderabbitai[bot],edison1105,PR_REVIEW_OR_APPROVAL
coderabbitai[bot],edison1105,PR_REVIEW_OR_APPROVAL
coderabbitai[bot],edison1105,PR_REVIEW_OR_APPROVAL
coderabbitai[bot],edison1105,PR_REVIEW_OR_APPROVAL
coderabbitai[bot],edison1105,PR_REVIEW_OR_APPROVAL
coderabbitai[bot],sijie-Z,COMMENT_ON_ISSUE_OR_PR
edison1105,sijie-Z,COMMENT_ON_ISSUE_OR_PR
coderabbitai[bot],edison1105,COMMENT_ON_ISSUE_OR_PR
pkg-pr-new[bot],edison1105,COMMENT_ON_ISSUE_OR_PR
github-actions[bot],edison1105,COMMENT_ON_ISSUE_OR_PR
coderabbitai[bot],ifer47,COMMENT_ON_ISSUE_OR_PR
github-actions[bot],ifer47,COMMENT_ON_ISSUE_OR_PR
pkg-pr-new[bot],ifer47,COMMENT_ON_ISSUE_OR_PR
edison1105,ifer47,COMMENT_ON_ISSUE_OR_PR
github-actions[bot],renovate[bot],COMMENT_ON_ISSUE_OR_PR
pkg-pr-new[bot],renovate[bot],COMMENT_ON_ISSUE_OR_PR
edison1105,renovate[bot],PR_MERGE
github-actions[bot],renovate[bot],COMMENT_ON_ISSUE_OR_PR
pkg-pr-new[bot],renovate[bot],COMMENT_ON_ISSUE_OR_PR
edison1105,renovate[bot],PR_MERGE
coderabbitai[bot],edison1105,COMMENT_ON_ISSUE_OR_PR
pkg-pr-new[bot],edison1105,COMMENT_ON_ISSUE_OR_PR
github-actions[bot],edison1105,COMMENT_ON_ISSUE_OR_PR
pkg-pr-new[bot],renovate[bot],COMMENT_ON_ISSUE_OR_PR
github-actions[bot],renovate[bot],COMMENT_ON_ISSUE_OR_PR
edison1105,renovate[bot],PR_MERGE
pkg-pr-new[bot],renovate[bot],COMMENT_ON_ISSUE_OR_PR
github-actions[bot],renovate[bot],COMMENT_ON_ISSUE_OR_PR
edison1105,renovate[bot],PR_MERGE
coderabbitai[bot],zhiyuanzmj,COMMENT_ON_ISSUE_OR_PR
pkg-pr-new[bot],zhiyuanzmj,COMMENT_ON_ISSUE_OR_PR
github-actions[bot],zhiyuanzmj,COMMENT_ON_ISSUE_OR_PR
copilot-pull-request-reviewer[bot],zhiyuanzmj,PR_REVIEW_OR_APPROVAL
edison1105,zhiyuanzmj,PR_MERGE
coderabbitai[bot],edison1105,COMMENT_ON_ISSUE_OR_PR
github-actions[bot],edison1105,COMMENT_ON_ISSUE_OR_PR
pkg-pr-new[bot],edison1105,COMMENT_ON_ISSUE_OR_PR
coderabbitai[bot],leno23,COMMENT_ON_ISSUE_OR_PR
github-actions[bot],leno23,COMMENT_ON_ISSUE_OR_PR
pkg-pr-new[bot],leno23,COMMENT_ON_ISSUE_OR_PR
edison1105,leno23,COMMENT_ON_ISSUE_OR_PR
coderabbitai[bot],leno23,PR_REVIEW_OR_APPROVAL
coderabbitai[bot],leno23,COMMENT_ON_ISSUE_OR_PR
pkg-pr-new[bot],leno23,COMMENT_ON_ISSUE_OR_PR
github-actions[bot],leno23,COMMENT_ON_ISSUE_OR_PR
edison1105,leno23,COMMENT_ON_ISSUE_OR_PR
coderabbitai[bot],leno23,COMMENT_ON_ISSUE_OR_PR
github-actions[bot],leno23,COMMENT_ON_ISSUE_OR_PR
pkg-pr-new[bot],leno23,COMMENT_ON_ISSUE_OR_PR
edison1105,leno23,COMMENT_ON_ISSUE_OR_PR
chatgpt-codex-connector[bot],leno23,PR_REVIEW_OR_APPROVAL
coderabbitai[bot],leno23,COMMENT_ON_ISSUE_OR_PR
github-actions[bot],leno23,COMMENT_ON_ISSUE_OR_PR
pkg-pr-new[bot],leno23,COMMENT_ON_ISSUE_OR_PR
edison1105,leno23,COMMENT_ON_ISSUE_OR_PR
coderabbitai[bot],leno23,COMMENT_ON_ISSUE_OR_PR
github-actions[bot],leno23,COMMENT_ON_ISSUE_OR_PR
pkg-pr-new[bot],leno23,COMMENT_ON_ISSUE_OR_PR
edison1105,leno23,COMMENT_ON_ISSUE_OR_PR
chatgpt-codex-connector[bot],leno23,PR_REVIEW_OR_APPROVAL
coderabbitai[bot],edison1105,COMMENT_ON_ISSUE_OR_PR
pkg-pr-new[bot],edison1105,COMMENT_ON_ISSUE_OR_PR
github-actions[bot],edison1105,COMMENT_ON_ISSUE_OR_PR
coderabbitai[bot],sijie-Z,COMMENT_ON_ISSUE_OR_PR
edison1105,sijie-Z,COMMENT_ON_ISSUE_OR_PR
coderabbitai[bot],edison1105,COMMENT_ON_ISSUE_OR_PR
pkg-pr-new[bot],edison1105,COMMENT_ON_ISSUE_OR_PR
github-actions[bot],edison1105,COMMENT_ON_ISSUE_OR_PR
coderabbitai[bot],edison1105,COMMENT_ON_ISSUE_OR_PR
github-actions[bot],edison1105,COMMENT_ON_ISSUE_OR_PR
pkg-pr-new[bot],edison1105,COMMENT_ON_ISSUE_OR_PR
vue-bot,edison1105,COMMENT_ON_ISSUE_OR_PR
coderabbitai[bot],edison1105,PR_REVIEW_OR_APPROVAL
coderabbitai[bot],edison1105,PR_REVIEW_OR_APPROVAL
coderabbitai[bot],edison1105,PR_REVIEW_OR_APPROVAL
coderabbitai[bot],edison1105,COMMENT_ON_ISSUE_OR_PR
pkg-pr-new[bot],edison1105,COMMENT_ON_ISSUE_OR_PR
github-actions[bot],edison1105,COMMENT_ON_ISSUE_OR_PR
coderabbitai[bot],ifer47,COMMENT_ON_ISSUE_OR_PR
edison1105,ifer47,PR_MERGE
coderabbitai[bot],itsybitsybootsy,COMMENT_ON_ISSUE_OR_PR
coderabbitai[bot],itsybitsybootsy,PR_REVIEW_OR_APPROVAL
coderabbitai[bot],itsybitsybootsy,PR_REVIEW_OR_APPROVAL
coderabbitai[bot],itsybitsybootsy,PR_REVIEW_OR_APPROVAL
coderabbitai[bot],sarathfrancis90,COMMENT_ON_ISSUE_OR_PR
github-actions[bot],sarathfrancis90,COMMENT_ON_ISSUE_OR_PR
pkg-pr-new[bot],sarathfrancis90,COMMENT_ON_ISSUE_OR_PR
edison1105,sarathfrancis90,COMMENT_ON_ISSUE_OR_PR
vue-bot,sarathfrancis90,COMMENT_ON_ISSUE_OR_PR
edison1105,sarathfrancis90,PR_MERGE
coderabbitai[bot],LeSingh1,COMMENT_ON_ISSUE_OR_PR
pkg-pr-new[bot],LeSingh1,COMMENT_ON_ISSUE_OR_PR
github-actions[bot],LeSingh1,COMMENT_ON_ISSUE_OR_PR
edison1105,LeSingh1,COMMENT_ON_ISSUE_OR_PR
coderabbitai[bot],LeSingh1,PR_REVIEW_OR_APPROVAL
coderabbitai[bot],puneetdixit200,COMMENT_ON_ISSUE_OR_PR
pkg-pr-new[bot],puneetdixit200,COMMENT_ON_ISSUE_OR_PR
github-actions[bot],puneetdixit200,COMMENT_ON_ISSUE_OR_PR
edison1105,puneetdixit200,COMMENT_ON_ISSUE_OR_PR
vue-bot,puneetdixit200,COMMENT_ON_ISSUE_OR_PR
edison1105,puneetdixit200,PR_MERGE
coderabbitai[bot],edison1105,COMMENT_ON_ISSUE_OR_PR
github-actions[bot],edison1105,COMMENT_ON_ISSUE_OR_PR
pkg-pr-new[bot],edison1105,COMMENT_ON_ISSUE_OR_PR
coderabbitai[bot],edison1105,PR_REVIEW_OR_APPROVAL
coderabbitai[bot],edison1105,PR_REVIEW_OR_APPROVAL
coderabbitai[bot],edison1105,COMMENT_ON_ISSUE_OR_PR
github-actions[bot],edison1105,COMMENT_ON_ISSUE_OR_PR
pkg-pr-new[bot],edison1105,COMMENT_ON_ISSUE_OR_PR
coderabbitai[bot],edison1105,PR_REVIEW_OR_APPROVAL
coderabbitai[bot],edison1105,PR_REVIEW_OR_APPROVAL
coderabbitai[bot],baozjj,COMMENT_ON_ISSUE_OR_PR
pkg-pr-new[bot],baozjj,COMMENT_ON_ISSUE_OR_PR
github-actions[bot],baozjj,COMMENT_ON_ISSUE_OR_PR
edison1105,baozjj,COMMENT_ON_ISSUE_OR_PR
vue-bot,baozjj,COMMENT_ON_ISSUE_OR_PR
edison1105,baozjj,PR_MERGE
coderabbitai[bot],edison1105,COMMENT_ON_ISSUE_OR_PR
pkg-pr-new[bot],edison1105,COMMENT_ON_ISSUE_OR_PR
github-actions[bot],edison1105,COMMENT_ON_ISSUE_OR_PR
coderabbitai[bot],edison1105,PR_REVIEW_OR_APPROVAL
coderabbitai[bot],edison1105,PR_REVIEW_OR_APPROVAL
coderabbitai[bot],edison1105,PR_REVIEW_OR_APPROVAL
coderabbitai[bot],edison1105,COMMENT_ON_ISSUE_OR_PR
pkg-pr-new[bot],edison1105,COMMENT_ON_ISSUE_OR_PR
github-actions[bot],edison1105,COMMENT_ON_ISSUE_OR_PR
coderabbitai[bot],edison1105,COMMENT_ON_ISSUE_OR_PR
pkg-pr-new[bot],edison1105,COMMENT_ON_ISSUE_OR_PR
github-actions[bot],edison1105,COMMENT_ON_ISSUE_OR_PR
coderabbitai[bot],edison1105,PR_REVIEW_OR_APPROVAL
coderabbitai[bot],edison1105,PR_REVIEW_OR_APPROVAL
coderabbitai[bot],edison1105,PR_REVIEW_OR_APPROVAL
coderabbitai[bot],edison1105,COMMENT_ON_ISSUE_OR_PR
pkg-pr-new[bot],edison1105,COMMENT_ON_ISSUE_OR_PR
github-actions[bot],edison1105,COMMENT_ON_ISSUE_OR_PR
yangmingshan,edison1105,COMMENT_ON_ISSUE_OR_PR
coderabbitai[bot],edison1105,COMMENT_ON_ISSUE_OR_PR
pkg-pr-new[bot],edison1105,COMMENT_ON_ISSUE_OR_PR
github-actions[bot],edison1105,COMMENT_ON_ISSUE_OR_PR
coderabbitai[bot],edison1105,PR_REVIEW_OR_APPROVAL
coderabbitai[bot],ackwell,COMMENT_ON_ISSUE_OR_PR
github-actions[bot],ackwell,COMMENT_ON_ISSUE_OR_PR
pkg-pr-new[bot],ackwell,COMMENT_ON_ISSUE_OR_PR
edison1105,ackwell,COMMENT_ON_ISSUE_OR_PR
vue-bot,ackwell,COMMENT_ON_ISSUE_OR_PR
edison1105,ackwell,PR_MERGE
github-actions[bot],renovate[bot],COMMENT_ON_ISSUE_OR_PR
pkg-pr-new[bot],renovate[bot],COMMENT_ON_ISSUE_OR_PR
edison1105,renovate[bot],PR_MERGE
github-actions[bot],renovate[bot],COMMENT_ON_ISSUE_OR_PR
pkg-pr-new[bot],renovate[bot],COMMENT_ON_ISSUE_OR_PR
edison1105,renovate[bot],PR_MERGE
coderabbitai[bot],edison1105,COMMENT_ON_ISSUE_OR_PR
github-actions[bot],edison1105,COMMENT_ON_ISSUE_OR_PR
pkg-pr-new[bot],edison1105,COMMENT_ON_ISSUE_OR_PR
coderabbitai[bot],edison1105,PR_REVIEW_OR_APPROVAL
coderabbitai[bot],edison1105,PR_REVIEW_OR_APPROVAL
coderabbitai[bot],edison1105,PR_REVIEW_OR_APPROVAL
coderabbitai[bot],liulinboyi,COMMENT_ON_ISSUE_OR_PR
github-actions[bot],liulinboyi,COMMENT_ON_ISSUE_OR_PR
pkg-pr-new[bot],liulinboyi,COMMENT_ON_ISSUE_OR_PR
edison1105,liulinboyi,COMMENT_ON_ISSUE_OR_PR
vue-bot,liulinboyi,COMMENT_ON_ISSUE_OR_PR
edison1105,liulinboyi,PR_MERGE
coderabbitai[bot],edison1105,COMMENT_ON_ISSUE_OR_PR
pkg-pr-new[bot],edison1105,COMMENT_ON_ISSUE_OR_PR
github-actions[bot],edison1105,COMMENT_ON_ISSUE_OR_PR
coderabbitai[bot],edison1105,COMMENT_ON_ISSUE_OR_PR
github-actions[bot],edison1105,COMMENT_ON_ISSUE_OR_PR
pkg-pr-new[bot],edison1105,COMMENT_ON_ISSUE_OR_PR
vue-bot,edison1105,COMMENT_ON_ISSUE_OR_PR
coderabbitai[bot],edison1105,COMMENT_ON_ISSUE_OR_PR
pkg-pr-new[bot],edison1105,COMMENT_ON_ISSUE_OR_PR
github-actions[bot],edison1105,COMMENT_ON_ISSUE_OR_PR
coderabbitai[bot],edison1105,PR_REVIEW_OR_APPROVAL
coderabbitai[bot],edison1105,PR_REVIEW_OR_APPROVAL
coderabbitai[bot],edison1105,PR_REVIEW_OR_APPROVAL
coderabbitai[bot],oyi77,COMMENT_ON_ISSUE_OR_PR
github-actions[bot],oyi77,COMMENT_ON_ISSUE_OR_PR
pkg-pr-new[bot],oyi77,COMMENT_ON_ISSUE_OR_PR
edison1105,oyi77,COMMENT_ON_ISSUE_OR_PR
vue-bot,oyi77,COMMENT_ON_ISSUE_OR_PR
edison1105,oyi77,PR_MERGE
coderabbitai[bot],edison1105,COMMENT_ON_ISSUE_OR_PR
pkg-pr-new[bot],edison1105,COMMENT_ON_ISSUE_OR_PR
github-actions[bot],edison1105,COMMENT_ON_ISSUE_OR_PR
coderabbitai[bot],edison1105,PR_REVIEW_OR_APPROVAL
coderabbitai[bot],edison1105,COMMENT_ON_ISSUE_OR_PR
pkg-pr-new[bot],edison1105,COMMENT_ON_ISSUE_OR_PR
github-actions[bot],edison1105,COMMENT_ON_ISSUE_OR_PR
coderabbitai[bot],edison1105,COMMENT_ON_ISSUE_OR_PR
coderabbitai[bot],edison1105,PR_REVIEW_OR_APPROVAL
coderabbitai[bot],edison1105,COMMENT_ON_ISSUE_OR_PR
pkg-pr-new[bot],edison1105,COMMENT_ON_ISSUE_OR_PR
github-actions[bot],edison1105,COMMENT_ON_ISSUE_OR_PR
coderabbitai[bot],edison1105,COMMENT_ON_ISSUE_OR_PR
pkg-pr-new[bot],edison1105,COMMENT_ON_ISSUE_OR_PR
coderabbitai[bot],edison1105,PR_REVIEW_OR_APPROVAL
coderabbitai[bot],edison1105,COMMENT_ON_ISSUE_OR_PR
pkg-pr-new[bot],edison1105,COMMENT_ON_ISSUE_OR_PR
coderabbitai[bot],edison1105,PR_REVIEW_OR_APPROVAL
coderabbitai[bot],edison1105,PR_REVIEW_OR_APPROVAL
coderabbitai[bot],edison1105,COMMENT_ON_ISSUE_OR_PR
pkg-pr-new[bot],edison1105,COMMENT_ON_ISSUE_OR_PR
coderabbitai[bot],edison1105,COMMENT_ON_ISSUE_OR_PR
pkg-pr-new[bot],edison1105,COMMENT_ON_ISSUE_OR_PR
coderabbitai[bot],edison1105,PR_REVIEW_OR_APPROVAL
pkg-pr-new[bot],renovate[bot],COMMENT_ON_ISSUE_OR_PR
edison1105,renovate[bot],PR_MERGE
coderabbitai[bot],pont1s,COMMENT_ON_ISSUE_OR_PR
pkg-pr-new[bot],pont1s,COMMENT_ON_ISSUE_OR_PR
edison1105,pont1s,COMMENT_ON_ISSUE_OR_PR
vue-bot,pont1s,COMMENT_ON_ISSUE_OR_PR
copilot-pull-request-reviewer[bot],pont1s,PR_REVIEW_OR_APPROVAL
edison1105,pont1s,PR_MERGE
coderabbitai[bot],edison1105,COMMENT_ON_ISSUE_OR_PR
pkg-pr-new[bot],edison1105,COMMENT_ON_ISSUE_OR_PR
coderabbitai[bot],edison1105,PR_REVIEW_OR_APPROVAL
coderabbitai[bot],edison1105,PR_REVIEW_OR_APPROVAL
coderabbitai[bot],edison1105,PR_REVIEW_OR_APPROVAL
coderabbitai[bot],edison1105,PR_REVIEW_OR_APPROVAL
coderabbitai[bot],ATOM00blue,COMMENT_ON_ISSUE_OR_PR
pkg-pr-new[bot],ATOM00blue,COMMENT_ON_ISSUE_OR_PR
caijiajia-sky,ATOM00blue,COMMENT_ON_ISSUE_OR_PR
caijiajia-sky,ATOM00blue,COMMENT_ON_ISSUE_OR_PR
copilot-pull-request-reviewer[bot],ATOM00blue,PR_REVIEW_OR_APPROVAL
edison1105,ATOM00blue,PR_REVIEW_OR_APPROVAL
coderabbitai[bot],edison1105,COMMENT_ON_ISSUE_OR_PR
pkg-pr-new[bot],edison1105,COMMENT_ON_ISSUE_OR_PR
coderabbitai[bot],edison1105,COMMENT_ON_ISSUE_OR_PR
pkg-pr-new[bot],edison1105,COMMENT_ON_ISSUE_OR_PR
coderabbitai[bot],edison1105,PR_REVIEW_OR_APPROVAL
coderabbitai[bot],edison1105,COMMENT_ON_ISSUE_OR_PR
pkg-pr-new[bot],edison1105,COMMENT_ON_ISSUE_OR_PR
coderabbitai[bot],edison1105,COMMENT_ON_ISSUE_OR_PR
pkg-pr-new[bot],edison1105,COMMENT_ON_ISSUE_OR_PR
coderabbitai[bot],edison1105,PR_REVIEW_OR_APPROVAL
coderabbitai[bot],edison1105,PR_REVIEW_OR_APPROVAL
coderabbitai[bot],edison1105,PR_REVIEW_OR_APPROVAL
coderabbitai[bot],edison1105,PR_REVIEW_OR_APPROVAL
coderabbitai[bot],edison1105,COMMENT_ON_ISSUE_OR_PR
pkg-pr-new[bot],edison1105,COMMENT_ON_ISSUE_OR_PR
Aly589624,edison1105,COMMENT_ON_ISSUE_OR_PR
Aly589624,edison1105,COMMENT_ON_ISSUE_OR_PR
coderabbitai[bot],edison1105,PR_REVIEW_OR_APPROVAL
coderabbitai[bot],edison1105,COMMENT_ON_ISSUE_OR_PR
pkg-pr-new[bot],edison1105,COMMENT_ON_ISSUE_OR_PR
coderabbitai[bot],edison1105,PR_REVIEW_OR_APPROVAL
coderabbitai[bot],edison1105,PR_REVIEW_OR_APPROVAL
coderabbitai[bot],LeSingh1,COMMENT_ON_ISSUE_OR_PR
pkg-pr-new[bot],LeSingh1,COMMENT_ON_ISSUE_OR_PR
edison1105,LeSingh1,COMMENT_ON_ISSUE_OR_PR
github-actions[bot],LeSingh1,COMMENT_ON_ISSUE_OR_PR
edison1105,LeSingh1,COMMENT_ON_ISSUE_OR_PR
vue-bot,LeSingh1,COMMENT_ON_ISSUE_OR_PR
edison1105,LeSingh1,PR_REVIEW_OR_APPROVAL
edison1105,LeSingh1,PR_REVIEW_OR_APPROVAL
edison1105,LeSingh1,PR_MERGE
coderabbitai[bot],edison1105,COMMENT_ON_ISSUE_OR_PR
pkg-pr-new[bot],edison1105,COMMENT_ON_ISSUE_OR_PR
coderabbitai[bot],edison1105,PR_REVIEW_OR_APPROVAL
coderabbitai[bot],edison1105,PR_REVIEW_OR_APPROVAL
coderabbitai[bot],edison1105,PR_REVIEW_OR_APPROVAL
coderabbitai[bot],KazariEX,COMMENT_ON_ISSUE_OR_PR
pkg-pr-new[bot],KazariEX,COMMENT_ON_ISSUE_OR_PR
edison1105,KazariEX,COMMENT_ON_ISSUE_OR_PR
edison1105,KazariEX,COMMENT_ON_ISSUE_OR_PR
vue-bot,KazariEX,COMMENT_ON_ISSUE_OR_PR
edison1105,KazariEX,PR_MERGE
coderabbitai[bot],dhimasardinata,COMMENT_ON_ISSUE_OR_PR
pkg-pr-new[bot],dhimasardinata,COMMENT_ON_ISSUE_OR_PR
edison1105,dhimasardinata,COMMENT_ON_ISSUE_OR_PR
vue-bot,dhimasardinata,COMMENT_ON_ISSUE_OR_PR
coderabbitai[bot],dhimasardinata,PR_REVIEW_OR_APPROVAL
edison1105,dhimasardinata,PR_MERGE
coderabbitai[bot],edison1105,COMMENT_ON_ISSUE_OR_PR
pkg-pr-new[bot],edison1105,COMMENT_ON_ISSUE_OR_PR
vue-bot,edison1105,COMMENT_ON_ISSUE_OR_PR
coderabbitai[bot],edison1105,COMMENT_ON_ISSUE_OR_PR
pkg-pr-new[bot],edison1105,COMMENT_ON_ISSUE_OR_PR
coderabbitai[bot],edison1105,PR_REVIEW_OR_APPROVAL
coderabbitai[bot],edison1105,PR_REVIEW_OR_APPROVAL
coderabbitai[bot],edison1105,PR_REVIEW_OR_APPROVAL
coderabbitai[bot],edison1105,PR_REVIEW_OR_APPROVAL
coderabbitai[bot],edison1105,PR_REVIEW_OR_APPROVAL
coderabbitai[bot],edison1105,PR_REVIEW_OR_APPROVAL
coderabbitai[bot],edison1105,PR_REVIEW_OR_APPROVAL
coderabbitai[bot],edison1105,COMMENT_ON_ISSUE_OR_PR
pkg-pr-new[bot],edison1105,COMMENT_ON_ISSUE_OR_PR
coderabbitai[bot],edison1105,COMMENT_ON_ISSUE_OR_PR
pkg-pr-new[bot],edison1105,COMMENT_ON_ISSUE_OR_PR
coderabbitai[bot],rzzf,COMMENT_ON_ISSUE_OR_PR
pkg-pr-new[bot],rzzf,COMMENT_ON_ISSUE_OR_PR
edison1105,rzzf,COMMENT_ON_ISSUE_OR_PR
coderabbitai[bot],rzzf,PR_REVIEW_OR_APPROVAL
coderabbitai[bot],rzzf,PR_REVIEW_OR_APPROVAL
danielroe,rzzf,PR_REVIEW_OR_APPROVAL
edison1105,rzzf,PR_MERGE
coderabbitai[bot],edison1105,COMMENT_ON_ISSUE_OR_PR
pkg-pr-new[bot],edison1105,COMMENT_ON_ISSUE_OR_PR
coderabbitai[bot],edison1105,COMMENT_ON_ISSUE_OR_PR
pkg-pr-new[bot],edison1105,COMMENT_ON_ISSUE_OR_PR
coderabbitai[bot],edison1105,COMMENT_ON_ISSUE_OR_PR
pkg-pr-new[bot],edison1105,COMMENT_ON_ISSUE_OR_PR
github-actions[bot],edison1105,COMMENT_ON_ISSUE_OR_PR
coderabbitai[bot],edison1105,COMMENT_ON_ISSUE_OR_PR
pkg-pr-new[bot],edison1105,COMMENT_ON_ISSUE_OR_PR
github-actions[bot],edison1105,COMMENT_ON_ISSUE_OR_PR
coderabbitai[bot],edison1105,COMMENT_ON_ISSUE_OR_PR
pkg-pr-new[bot],edison1105,COMMENT_ON_ISSUE_OR_PR
github-actions[bot],edison1105,COMMENT_ON_ISSUE_OR_PR
coderabbitai[bot],edison1105,COMMENT_ON_ISSUE_OR_PR
pkg-pr-new[bot],edison1105,COMMENT_ON_ISSUE_OR_PR
github-actions[bot],edison1105,COMMENT_ON_ISSUE_OR_PR
caijiajia-sky,edison1105,COMMENT_ON_ISSUE_OR_PR
coderabbitai[bot],edison1105,PR_REVIEW_OR_APPROVAL
coderabbitai[bot],edison1105,PR_REVIEW_OR_APPROVAL
coderabbitai[bot],edison1105,COMMENT_ON_ISSUE_OR_PR
pkg-pr-new[bot],edison1105,COMMENT_ON_ISSUE_OR_PR
github-actions[bot],edison1105,COMMENT_ON_ISSUE_OR_PR
coderabbitai[bot],edison1105,COMMENT_ON_ISSUE_OR_PR
pkg-pr-new[bot],edison1105,COMMENT_ON_ISSUE_OR_PR
github-actions[bot],edison1105,COMMENT_ON_ISSUE_OR_PR
coderabbitai[bot],edison1105,COMMENT_ON_ISSUE_OR_PR
pkg-pr-new[bot],edison1105,COMMENT_ON_ISSUE_OR_PR
github-actions[bot],edison1105,COMMENT_ON_ISSUE_OR_PR
coderabbitai[bot],edison1105,PR_REVIEW_OR_APPROVAL
coderabbitai[bot],edison1105,COMMENT_ON_ISSUE_OR_PR
github-actions[bot],edison1105,COMMENT_ON_ISSUE_OR_PR
pkg-pr-new[bot],edison1105,COMMENT_ON_ISSUE_OR_PR
coderabbitai[bot],edison1105,COMMENT_ON_ISSUE_OR_PR
pkg-pr-new[bot],edison1105,COMMENT_ON_ISSUE_OR_PR
github-actions[bot],edison1105,COMMENT_ON_ISSUE_OR_PR
coderabbitai[bot],edison1105,PR_REVIEW_OR_APPROVAL
coderabbitai[bot],edison1105,COMMENT_ON_ISSUE_OR_PR
pkg-pr-new[bot],edison1105,COMMENT_ON_ISSUE_OR_PR
github-actions[bot],edison1105,COMMENT_ON_ISSUE_OR_PR
pkg-pr-new[bot],renovate[bot],COMMENT_ON_ISSUE_OR_PR
github-actions[bot],renovate[bot],COMMENT_ON_ISSUE_OR_PR
edison1105,renovate[bot],PR_MERGE
coderabbitai[bot],edison1105,COMMENT_ON_ISSUE_OR_PR
pkg-pr-new[bot],edison1105,COMMENT_ON_ISSUE_OR_PR
github-actions[bot],edison1105,COMMENT_ON_ISSUE_OR_PR
coderabbitai[bot],edison1105,COMMENT_ON_ISSUE_OR_PR
github-actions[bot],edison1105,COMMENT_ON_ISSUE_OR_PR
pkg-pr-new[bot],edison1105,COMMENT_ON_ISSUE_OR_PR
coderabbitai[bot],edison1105,PR_REVIEW_OR_APPROVAL
coderabbitai[bot],edison1105,PR_REVIEW_OR_APPROVAL
coderabbitai[bot],edison1105,COMMENT_ON_ISSUE_OR_PR
pkg-pr-new[bot],edison1105,COMMENT_ON_ISSUE_OR_PR
github-actions[bot],edison1105,COMMENT_ON_ISSUE_OR_PR
coderabbitai[bot],edison1105,COMMENT_ON_ISSUE_OR_PR
github-actions[bot],edison1105,COMMENT_ON_ISSUE_OR_PR
pkg-pr-new[bot],edison1105,COMMENT_ON_ISSUE_OR_PR
coderabbitai[bot],edison1105,PR_REVIEW_OR_APPROVAL
coderabbitai[bot],edison1105,PR_REVIEW_OR_APPROVAL
github-actions[bot],renovate[bot],COMMENT_ON_ISSUE_OR_PR
pkg-pr-new[bot],renovate[bot],COMMENT_ON_ISSUE_OR_PR
edison1105,renovate[bot],PR_MERGE
github-actions[bot],renovate[bot],COMMENT_ON_ISSUE_OR_PR
pkg-pr-new[bot],renovate[bot],COMMENT_ON_ISSUE_OR_PR
edison1105,renovate[bot],PR_MERGE
coderabbitai[bot],leno23,COMMENT_ON_ISSUE_OR_PR
pkg-pr-new[bot],leno23,COMMENT_ON_ISSUE_OR_PR
github-actions[bot],leno23,COMMENT_ON_ISSUE_OR_PR
edison1105,leno23,COMMENT_ON_ISSUE_OR_PR
vue-bot,leno23,COMMENT_ON_ISSUE_OR_PR
chatgpt-codex-connector[bot],leno23,PR_REVIEW_OR_APPROVAL
coderabbitai[bot],leno23,PR_REVIEW_OR_APPROVAL
edison1105,leno23,PR_MERGE
coderabbitai[bot],edison1105,COMMENT_ON_ISSUE_OR_PR
pkg-pr-new[bot],edison1105,COMMENT_ON_ISSUE_OR_PR
github-actions[bot],edison1105,COMMENT_ON_ISSUE_OR_PR
coderabbitai[bot],edison1105,COMMENT_ON_ISSUE_OR_PR
pkg-pr-new[bot],edison1105,COMMENT_ON_ISSUE_OR_PR
github-actions[bot],edison1105,COMMENT_ON_ISSUE_OR_PR
coderabbitai[bot],edison1105,COMMENT_ON_ISSUE_OR_PR
pkg-pr-new[bot],edison1105,COMMENT_ON_ISSUE_OR_PR
github-actions[bot],edison1105,COMMENT_ON_ISSUE_OR_PR
coderabbitai[bot],edison1105,COMMENT_ON_ISSUE_OR_PR
github-actions[bot],edison1105,COMMENT_ON_ISSUE_OR_PR
pkg-pr-new[bot],edison1105,COMMENT_ON_ISSUE_OR_PR
coderabbitai[bot],edison1105,COMMENT_ON_ISSUE_OR_PR
pkg-pr-new[bot],edison1105,COMMENT_ON_ISSUE_OR_PR
github-actions[bot],edison1105,COMMENT_ON_ISSUE_OR_PR
coderabbitai[bot],edison1105,COMMENT_ON_ISSUE_OR_PR
pkg-pr-new[bot],edison1105,COMMENT_ON_ISSUE_OR_PR
github-actions[bot],edison1105,COMMENT_ON_ISSUE_OR_PR
coderabbitai[bot],edison1105,PR_REVIEW_OR_APPROVAL
coderabbitai[bot],dennybiasiolli,COMMENT_ON_ISSUE_OR_PR
github-actions[bot],dennybiasiolli,COMMENT_ON_ISSUE_OR_PR
pkg-pr-new[bot],dennybiasiolli,COMMENT_ON_ISSUE_OR_PR
edison1105,dennybiasiolli,COMMENT_ON_ISSUE_OR_PR
vue-bot,dennybiasiolli,COMMENT_ON_ISSUE_OR_PR
edison1105,dennybiasiolli,PR_MERGE
coderabbitai[bot],edison1105,COMMENT_ON_ISSUE_OR_PR
pkg-pr-new[bot],edison1105,COMMENT_ON_ISSUE_OR_PR
github-actions[bot],edison1105,COMMENT_ON_ISSUE_OR_PR
coderabbitai[bot],edison1105,PR_REVIEW_OR_APPROVAL
coderabbitai[bot],edison1105,PR_REVIEW_OR_APPROVAL
coderabbitai[bot],edison1105,PR_REVIEW_OR_APPROVAL
coderabbitai[bot],edison1105,PR_REVIEW_OR_APPROVAL
coderabbitai[bot],otjdiepluong,COMMENT_ON_ISSUE_OR_PR
edison1105,otjdiepluong,PR_MERGE
coderabbitai[bot],edison1105,COMMENT_ON_ISSUE_OR_PR
pkg-pr-new[bot],edison1105,COMMENT_ON_ISSUE_OR_PR
github-actions[bot],edison1105,COMMENT_ON_ISSUE_OR_PR
coderabbitai[bot],edison1105,COMMENT_ON_ISSUE_OR_PR
github-actions[bot],edison1105,COMMENT_ON_ISSUE_OR_PR
pkg-pr-new[bot],edison1105,COMMENT_ON_ISSUE_OR_PR
coderabbitai[bot],jackma9604,COMMENT_ON_ISSUE_OR_PR
pkg-pr-new[bot],jackma9604,COMMENT_ON_ISSUE_OR_PR
github-actions[bot],jackma9604,COMMENT_ON_ISSUE_OR_PR
edison1105,jackma9604,COMMENT_ON_ISSUE_OR_PR
coderabbitai[bot],skirtles-code,COMMENT_ON_ISSUE_OR_PR
github-actions[bot],skirtles-code,COMMENT_ON_ISSUE_OR_PR
pkg-pr-new[bot],skirtles-code,COMMENT_ON_ISSUE_OR_PR
edison1105,skirtles-code,PR_MERGE
coderabbitai[bot],johnsoncodehk,COMMENT_ON_ISSUE_OR_PR
pkg-pr-new[bot],johnsoncodehk,COMMENT_ON_ISSUE_OR_PR
github-actions[bot],johnsoncodehk,COMMENT_ON_ISSUE_OR_PR
edison1105,johnsoncodehk,PR_MERGE
coderabbitai[bot],johnsoncodehk,COMMENT_ON_ISSUE_OR_PR
pkg-pr-new[bot],johnsoncodehk,COMMENT_ON_ISSUE_OR_PR
github-actions[bot],johnsoncodehk,COMMENT_ON_ISSUE_OR_PR
coderabbitai[bot],johnsoncodehk,PR_REVIEW_OR_APPROVAL
edison1105,johnsoncodehk,PR_MERGE
coderabbitai[bot],edison1105,COMMENT_ON_ISSUE_OR_PR
pkg-pr-new[bot],edison1105,COMMENT_ON_ISSUE_OR_PR
github-actions[bot],edison1105,COMMENT_ON_ISSUE_OR_PR
coderabbitai[bot],edison1105,PR_REVIEW_OR_APPROVAL
coderabbitai[bot],arpitjain099,COMMENT_ON_ISSUE_OR_PR
pkg-pr-new[bot],arpitjain099,COMMENT_ON_ISSUE_OR_PR
github-actions[bot],arpitjain099,COMMENT_ON_ISSUE_OR_PR
edison1105,arpitjain099,PR_MERGE
coderabbitai[bot],edison1105,COMMENT_ON_ISSUE_OR_PR
pkg-pr-new[bot],edison1105,COMMENT_ON_ISSUE_OR_PR
github-actions[bot],edison1105,COMMENT_ON_ISSUE_OR_PR
coderabbitai[bot],edison1105,COMMENT_ON_ISSUE_OR_PR
github-actions[bot],edison1105,COMMENT_ON_ISSUE_OR_PR
pkg-pr-new[bot],edison1105,COMMENT_ON_ISSUE_OR_PR
coderabbitai[bot],rmotgi1227,COMMENT_ON_ISSUE_OR_PR
edison1105,rmotgi1227,COMMENT_ON_ISSUE_OR_PR
coderabbitai[bot],danielroe,COMMENT_ON_ISSUE_OR_PR
pkg-pr-new[bot],danielroe,COMMENT_ON_ISSUE_OR_PR
github-actions[bot],danielroe,COMMENT_ON_ISSUE_OR_PR
edison1105,danielroe,COMMENT_ON_ISSUE_OR_PR
vue-bot,danielroe,COMMENT_ON_ISSUE_OR_PR
coderabbitai[bot],danielroe,PR_REVIEW_OR_APPROVAL
edison1105,danielroe,PR_MERGE
pkg-pr-new[bot],danielroe,COMMENT_ON_ISSUE_OR_PR
coderabbitai[bot],danielroe,COMMENT_ON_ISSUE_OR_PR
github-actions[bot],danielroe,COMMENT_ON_ISSUE_OR_PR
edison1105,danielroe,COMMENT_ON_ISSUE_OR_PR
vue-bot,danielroe,COMMENT_ON_ISSUE_OR_PR
edison1105,danielroe,PR_MERGE
coderabbitai[bot],edison1105,COMMENT_ON_ISSUE_OR_PR
pkg-pr-new[bot],edison1105,COMMENT_ON_ISSUE_OR_PR
github-actions[bot],edison1105,COMMENT_ON_ISSUE_OR_PR
coderabbitai[bot],edison1105,PR_REVIEW_OR_APPROVAL
coderabbitai[bot],edison1105,PR_REVIEW_OR_APPROVAL
pkg-pr-new[bot],renovate[bot],COMMENT_ON_ISSUE_OR_PR
github-actions[bot],renovate[bot],COMMENT_ON_ISSUE_OR_PR
edison1105,renovate[bot],PR_MERGE
pkg-pr-new[bot],renovate[bot],COMMENT_ON_ISSUE_OR_PR
github-actions[bot],renovate[bot],COMMENT_ON_ISSUE_OR_PR
edison1105,renovate[bot],PR_MERGE
github-actions[bot],renovate[bot],COMMENT_ON_ISSUE_OR_PR
pkg-pr-new[bot],renovate[bot],COMMENT_ON_ISSUE_OR_PR
edison1105,renovate[bot],PR_MERGE
github-actions[bot],renovate[bot],COMMENT_ON_ISSUE_OR_PR
pkg-pr-new[bot],renovate[bot],COMMENT_ON_ISSUE_OR_PR
github-actions[bot],renovate[bot],COMMENT_ON_ISSUE_OR_PR
edison1105,renovate[bot],PR_MERGE
coderabbitai[bot],edison1105,COMMENT_ON_ISSUE_OR_PR
pkg-pr-new[bot],edison1105,COMMENT_ON_ISSUE_OR_PR
github-actions[bot],edison1105,COMMENT_ON_ISSUE_OR_PR
github-actions[bot],renovate[bot],COMMENT_ON_ISSUE_OR_PR
pkg-pr-new[bot],renovate[bot],COMMENT_ON_ISSUE_OR_PR
edison1105,renovate[bot],PR_MERGE
github-actions[bot],renovate[bot],COMMENT_ON_ISSUE_OR_PR
pkg-pr-new[bot],renovate[bot],COMMENT_ON_ISSUE_OR_PR
github-actions[bot],renovate[bot],COMMENT_ON_ISSUE_OR_PR
edison1105,renovate[bot],PR_MERGE
coderabbitai[bot],edison1105,COMMENT_ON_ISSUE_OR_PR
pkg-pr-new[bot],edison1105,COMMENT_ON_ISSUE_OR_PR
github-actions[bot],edison1105,COMMENT_ON_ISSUE_OR_PR
coderabbitai[bot],edison1105,PR_REVIEW_OR_APPROVAL
coderabbitai[bot],edison1105,COMMENT_ON_ISSUE_OR_PR
pkg-pr-new[bot],edison1105,COMMENT_ON_ISSUE_OR_PR
github-actions[bot],edison1105,COMMENT_ON_ISSUE_OR_PR
coderabbitai[bot],edison1105,PR_REVIEW_OR_APPROVAL
coderabbitai[bot],edison1105,COMMENT_ON_ISSUE_OR_PR
pkg-pr-new[bot],edison1105,COMMENT_ON_ISSUE_OR_PR
github-actions[bot],edison1105,COMMENT_ON_ISSUE_OR_PR
coderabbitai[bot],edison1105,PR_REVIEW_OR_APPROVAL
coderabbitai[bot],edison1105,PR_REVIEW_OR_APPROVAL
coderabbitai[bot],edison1105,COMMENT_ON_ISSUE_OR_PR
pkg-pr-new[bot],edison1105,COMMENT_ON_ISSUE_OR_PR
github-actions[bot],edison1105,COMMENT_ON_ISSUE_OR_PR
coderabbitai[bot],edison1105,COMMENT_ON_ISSUE_OR_PR
pkg-pr-new[bot],edison1105,COMMENT_ON_ISSUE_OR_PR
github-actions[bot],edison1105,COMMENT_ON_ISSUE_OR_PR
coderabbitai[bot],edison1105,PR_REVIEW_OR_APPROVAL
coderabbitai[bot],edison1105,COMMENT_ON_ISSUE_OR_PR
pkg-pr-new[bot],edison1105,COMMENT_ON_ISSUE_OR_PR
github-actions[bot],edison1105,COMMENT_ON_ISSUE_OR_PR
coderabbitai[bot],edison1105,PR_REVIEW_OR_APPROVAL
coderabbitai[bot],edison1105,PR_REVIEW_OR_APPROVAL
coderabbitai[bot],1799956648,COMMENT_ON_ISSUE_OR_PR
coderabbitai[bot],edison1105,COMMENT_ON_ISSUE_OR_PR
pkg-pr-new[bot],edison1105,COMMENT_ON_ISSUE_OR_PR
github-actions[bot],edison1105,COMMENT_ON_ISSUE_OR_PR
coderabbitai[bot],Liuwei1125,COMMENT_ON_ISSUE_OR_PR
edison1105,Liuwei1125,COMMENT_ON_ISSUE_OR_PR
coderabbitai[bot],edison1105,COMMENT_ON_ISSUE_OR_PR
pkg-pr-new[bot],edison1105,COMMENT_ON_ISSUE_OR_PR
github-actions[bot],edison1105,COMMENT_ON_ISSUE_OR_PR
coderabbitai[bot],edison1105,PR_REVIEW_OR_APPROVAL
coderabbitai[bot],edison1105,PR_REVIEW_OR_APPROVAL
coderabbitai[bot],edison1105,COMMENT_ON_ISSUE_OR_PR
pkg-pr-new[bot],edison1105,COMMENT_ON_ISSUE_OR_PR
github-actions[bot],edison1105,COMMENT_ON_ISSUE_OR_PR
coderabbitai[bot],miguelrk,COMMENT_ON_ISSUE_OR_PR
pkg-pr-new[bot],miguelrk,COMMENT_ON_ISSUE_OR_PR
github-actions[bot],miguelrk,COMMENT_ON_ISSUE_OR_PR
coderabbitai[bot],miguelrk,PR_REVIEW_OR_APPROVAL
edison1105,miguelrk,PR_MERGE
coderabbitai[bot],Mini-ghost,COMMENT_ON_ISSUE_OR_PR
github-actions[bot],Mini-ghost,COMMENT_ON_ISSUE_OR_PR
pkg-pr-new[bot],Mini-ghost,COMMENT_ON_ISSUE_OR_PR
edison1105,Mini-ghost,COMMENT_ON_ISSUE_OR_PR
vue-bot,Mini-ghost,COMMENT_ON_ISSUE_OR_PR
edison1105,Mini-ghost,PR_MERGE
coderabbitai[bot],edison1105,COMMENT_ON_ISSUE_OR_PR
pkg-pr-new[bot],edison1105,COMMENT_ON_ISSUE_OR_PR
github-actions[bot],edison1105,COMMENT_ON_ISSUE_OR_PR
pkg-pr-new[bot],renovate[bot],COMMENT_ON_ISSUE_OR_PR
github-actions[bot],renovate[bot],COMMENT_ON_ISSUE_OR_PR
edison1105,renovate[bot],PR_MERGE
github-actions[bot],renovate[bot],COMMENT_ON_ISSUE_OR_PR
pkg-pr-new[bot],renovate[bot],COMMENT_ON_ISSUE_OR_PR
edison1105,renovate[bot],PR_MERGE
coderabbitai[bot],Rohan5commit,COMMENT_ON_ISSUE_OR_PR
edison1105,Rohan5commit,COMMENT_ON_ISSUE_OR_PR
coderabbitai[bot],zhiyuanzmj,COMMENT_ON_ISSUE_OR_PR
pkg-pr-new[bot],zhiyuanzmj,COMMENT_ON_ISSUE_OR_PR
github-actions[bot],zhiyuanzmj,COMMENT_ON_ISSUE_OR_PR
copilot-pull-request-reviewer[bot],zhiyuanzmj,PR_REVIEW_OR_APPROVAL
edison1105,zhiyuanzmj,PR_MERGE
coderabbitai[bot],orbisai0security,COMMENT_ON_ISSUE_OR_PR
netlify[bot],orbisai0security,COMMENT_ON_ISSUE_OR_PR
netlify[bot],orbisai0security,COMMENT_ON_ISSUE_OR_PR
edison1105,orbisai0security,COMMENT_ON_ISSUE_OR_PR
coderabbitai[bot],Rohan5commit,COMMENT_ON_ISSUE_OR_PR
coderabbitai[bot],Rohan5commit,PR_REVIEW_OR_APPROVAL
coderabbitai[bot],edison1105,COMMENT_ON_ISSUE_OR_PR
pkg-pr-new[bot],edison1105,COMMENT_ON_ISSUE_OR_PR
github-actions[bot],edison1105,COMMENT_ON_ISSUE_OR_PR
coderabbitai[bot],danielroe,COMMENT_ON_ISSUE_OR_PR
github-actions[bot],danielroe,COMMENT_ON_ISSUE_OR_PR
pkg-pr-new[bot],danielroe,COMMENT_ON_ISSUE_OR_PR
edison1105,danielroe,COMMENT_ON_ISSUE_OR_PR
vue-bot,danielroe,COMMENT_ON_ISSUE_OR_PR
coderabbitai[bot],danielroe,PR_REVIEW_OR_APPROVAL
coderabbitai[bot],danielroe,PR_REVIEW_OR_APPROVAL
coderabbitai[bot],danielroe,PR_REVIEW_OR_APPROVAL
edison1105,danielroe,PR_REVIEW_OR_APPROVAL
coderabbitai[bot],danielroe,PR_REVIEW_OR_APPROVAL
coderabbitai[bot],danielroe,PR_REVIEW_OR_APPROVAL
edison1105,danielroe,PR_REVIEW_OR_APPROVAL
coderabbitai[bot],danielroe,PR_REVIEW_OR_APPROVAL
coderabbitai[bot],danielroe,PR_REVIEW_OR_APPROVAL
edison1105,danielroe,PR_MERGE
coderabbitai[bot],edison1105,COMMENT_ON_ISSUE_OR_PR
pkg-pr-new[bot],edison1105,COMMENT_ON_ISSUE_OR_PR
github-actions[bot],edison1105,COMMENT_ON_ISSUE_OR_PR
coderabbitai[bot],edison1105,PR_REVIEW_OR_APPROVAL
coderabbitai[bot],edison1105,PR_REVIEW_OR_APPROVAL
coderabbitai[bot],edison1105,COMMENT_ON_ISSUE_OR_PR
pkg-pr-new[bot],edison1105,COMMENT_ON_ISSUE_OR_PR
github-actions[bot],edison1105,COMMENT_ON_ISSUE_OR_PR
coderabbitai[bot],edison1105,PR_REVIEW_OR_APPROVAL
coderabbitai[bot],edison1105,PR_REVIEW_OR_APPROVAL
coderabbitai[bot],kirchoni,COMMENT_ON_ISSUE_OR_PR
edison1105,kirchoni,COMMENT_ON_ISSUE_OR_PR
coderabbitai[bot],kirchoni,PR_REVIEW_OR_APPROVAL
coderabbitai[bot],edison1105,COMMENT_ON_ISSUE_OR_PR
github-actions[bot],edison1105,COMMENT_ON_ISSUE_OR_PR
pkg-pr-new[bot],edison1105,COMMENT_ON_ISSUE_OR_PR
vue-bot,edison1105,COMMENT_ON_ISSUE_OR_PR
github-actions[bot],renovate[bot],COMMENT_ON_ISSUE_OR_PR
pkg-pr-new[bot],renovate[bot],COMMENT_ON_ISSUE_OR_PR
edison1105,renovate[bot],PR_MERGE
github-actions[bot],renovate[bot],COMMENT_ON_ISSUE_OR_PR
pkg-pr-new[bot],renovate[bot],COMMENT_ON_ISSUE_OR_PR
edison1105,renovate[bot],PR_MERGE
coderabbitai[bot],ashishkr96,COMMENT_ON_ISSUE_OR_PR
pkg-pr-new[bot],ashishkr96,COMMENT_ON_ISSUE_OR_PR
github-actions[bot],ashishkr96,COMMENT_ON_ISSUE_OR_PR
edison1105,ashishkr96,COMMENT_ON_ISSUE_OR_PR
edison1105,ashishkr96,COMMENT_ON_ISSUE_OR_PR
vue-bot,ashishkr96,COMMENT_ON_ISSUE_OR_PR
Bader-Idris,ashishkr96,COMMENT_ON_ISSUE_OR_PR
edison1105,ashishkr96,COMMENT_ON_ISSUE_OR_PR
coderabbitai[bot],ashishkr96,PR_REVIEW_OR_APPROVAL
edison1105,ashishkr96,PR_MERGE
coderabbitai[bot],pierluigilenoci,COMMENT_ON_ISSUE_OR_PR
edison1105,pierluigilenoci,COMMENT_ON_ISSUE_OR_PR
coderabbitai[bot],pierluigilenoci,PR_REVIEW_OR_APPROVAL
coderabbitai[bot],danielroe,COMMENT_ON_ISSUE_OR_PR
pkg-pr-new[bot],danielroe,COMMENT_ON_ISSUE_OR_PR
github-actions[bot],danielroe,COMMENT_ON_ISSUE_OR_PR
edison1105,danielroe,COMMENT_ON_ISSUE_OR_PR
vue-bot,danielroe,COMMENT_ON_ISSUE_OR_PR
edison1105,danielroe,PR_MERGE
coderabbitai[bot],edison1105,COMMENT_ON_ISSUE_OR_PR
pkg-pr-new[bot],edison1105,COMMENT_ON_ISSUE_OR_PR
github-actions[bot],edison1105,COMMENT_ON_ISSUE_OR_PR
coderabbitai[bot],edison1105,PR_REVIEW_OR_APPROVAL
coderabbitai[bot],edison1105,PR_REVIEW_OR_APPROVAL
coderabbitai[bot],edison1105,PR_REVIEW_OR_APPROVAL
coderabbitai[bot],edison1105,PR_REVIEW_OR_APPROVAL
coderabbitai[bot],edison1105,COMMENT_ON_ISSUE_OR_PR
pkg-pr-new[bot],edison1105,COMMENT_ON_ISSUE_OR_PR
github-actions[bot],edison1105,COMMENT_ON_ISSUE_OR_PR
coderabbitai[bot],jackma9604,COMMENT_ON_ISSUE_OR_PR
pkg-pr-new[bot],jackma9604,COMMENT_ON_ISSUE_OR_PR
github-actions[bot],jackma9604,COMMENT_ON_ISSUE_OR_PR
edison1105,jackma9604,PR_MERGE
coderabbitai[bot],edison1105,COMMENT_ON_ISSUE_OR_PR
pkg-pr-new[bot],edison1105,COMMENT_ON_ISSUE_OR_PR
github-actions[bot],edison1105,COMMENT_ON_ISSUE_OR_PR
coderabbitai[bot],edison1105,PR_REVIEW_OR_APPROVAL
coderabbitai[bot],edison1105,PR_REVIEW_OR_APPROVAL
coderabbitai[bot],edison1105,COMMENT_ON_ISSUE_OR_PR
github-actions[bot],edison1105,COMMENT_ON_ISSUE_OR_PR
coderabbitai[bot],edison1105,COMMENT_ON_ISSUE_OR_PR
github-actions[bot],edison1105,COMMENT_ON_ISSUE_OR_PR
pkg-pr-new[bot],edison1105,COMMENT_ON_ISSUE_OR_PR
vue-bot,edison1105,COMMENT_ON_ISSUE_OR_PR
coderabbitai[bot],edison1105,PR_REVIEW_OR_APPROVAL
coderabbitai[bot],edison1105,PR_REVIEW_OR_APPROVAL
coderabbitai[bot],edison1105,PR_REVIEW_OR_APPROVAL
coderabbitai[bot],edison1105,COMMENT_ON_ISSUE_OR_PR
github-actions[bot],edison1105,COMMENT_ON_ISSUE_OR_PR
pkg-pr-new[bot],edison1105,COMMENT_ON_ISSUE_OR_PR
vue-bot,edison1105,COMMENT_ON_ISSUE_OR_PR
coderabbitai[bot],edison1105,PR_REVIEW_OR_APPROVAL
coderabbitai[bot],edison1105,PR_REVIEW_OR_APPROVAL
coderabbitai[bot],edison1105,COMMENT_ON_ISSUE_OR_PR
github-actions[bot],edison1105,COMMENT_ON_ISSUE_OR_PR
pkg-pr-new[bot],edison1105,COMMENT_ON_ISSUE_OR_PR
coderabbitai[bot],edison1105,PR_REVIEW_OR_APPROVAL
coderabbitai[bot],edison1105,PR_REVIEW_OR_APPROVAL
coderabbitai[bot],edison1105,PR_REVIEW_OR_APPROVAL
coderabbitai[bot],edison1105,COMMENT_ON_ISSUE_OR_PR
pkg-pr-new[bot],edison1105,COMMENT_ON_ISSUE_OR_PR
github-actions[bot],edison1105,COMMENT_ON_ISSUE_OR_PR
coderabbitai[bot],edison1105,PR_REVIEW_OR_APPROVAL
coderabbitai[bot],zilvya,COMMENT_ON_ISSUE_OR_PR
coderabbitai[bot],zilvya,PR_REVIEW_OR_APPROVAL
coderabbitai[bot],jackma9604,COMMENT_ON_ISSUE_OR_PR
pkg-pr-new[bot],jackma9604,COMMENT_ON_ISSUE_OR_PR
github-actions[bot],jackma9604,COMMENT_ON_ISSUE_OR_PR
edison1105,jackma9604,COMMENT_ON_ISSUE_OR_PR
github-actions[bot],renovate[bot],COMMENT_ON_ISSUE_OR_PR
pkg-pr-new[bot],renovate[bot],COMMENT_ON_ISSUE_OR_PR
edison1105,renovate[bot],PR_MERGE
coderabbitai[bot],ZackaryShen,COMMENT_ON_ISSUE_OR_PR
edison1105,ZackaryShen,COMMENT_ON_ISSUE_OR_PR
coderabbitai[bot],ZackaryShen,PR_REVIEW_OR_APPROVAL
coderabbitai[bot],ZackaryShen,COMMENT_ON_ISSUE_OR_PR
edison1105,ZackaryShen,COMMENT_ON_ISSUE_OR_PR
coderabbitai[bot],ZackaryShen,PR_REVIEW_OR_APPROVAL
coderabbitai[bot],babu-ch,COMMENT_ON_ISSUE_OR_PR
github-actions[bot],babu-ch,COMMENT_ON_ISSUE_OR_PR
pkg-pr-new[bot],babu-ch,COMMENT_ON_ISSUE_OR_PR
edison1105,babu-ch,PR_MERGE
github-actions[bot],edison1105,COMMENT_ON_ISSUE_OR_PR
pkg-pr-new[bot],edison1105,COMMENT_ON_ISSUE_OR_PR
coderabbitai[bot],edison1105,COMMENT_ON_ISSUE_OR_PR
vue-bot,edison1105,COMMENT_ON_ISSUE_OR_PR
coderabbitai[bot],Zakir176,COMMENT_ON_ISSUE_OR_PR
github-actions[bot],Zakir176,COMMENT_ON_ISSUE_OR_PR
pkg-pr-new[bot],Zakir176,COMMENT_ON_ISSUE_OR_PR
edison1105,Zakir176,COMMENT_ON_ISSUE_OR_PR
coderabbitai[bot],Zakir176,PR_REVIEW_OR_APPROVAL
coderabbitai[bot],Zakir176,PR_REVIEW_OR_APPROVAL
coderabbitai[bot],Zakir176,PR_REVIEW_OR_APPROVAL
coderabbitai[bot],Zakir176,COMMENT_ON_ISSUE_OR_PR
github-actions[bot],Zakir176,COMMENT_ON_ISSUE_OR_PR
pkg-pr-new[bot],Zakir176,COMMENT_ON_ISSUE_OR_PR
edison1105,Zakir176,COMMENT_ON_ISSUE_OR_PR
coderabbitai[bot],edison1105,COMMENT_ON_ISSUE_OR_PR
pkg-pr-new[bot],edison1105,COMMENT_ON_ISSUE_OR_PR
github-actions[bot],edison1105,COMMENT_ON_ISSUE_OR_PR
coderabbitai[bot],edison1105,PR_REVIEW_OR_APPROVAL
coderabbitai[bot],edison1105,PR_REVIEW_OR_APPROVAL
coderabbitai[bot],edison1105,PR_REVIEW_OR_APPROVAL
coderabbitai[bot],edison1105,PR_REVIEW_OR_APPROVAL
coderabbitai[bot],edison1105,PR_REVIEW_OR_APPROVAL
coderabbitai[bot],edison1105,PR_REVIEW_OR_APPROVAL
coderabbitai[bot],edison1105,PR_REVIEW_OR_APPROVAL
coderabbitai[bot],edison1105,PR_REVIEW_OR_APPROVAL
coderabbitai[bot],edison1105,PR_REVIEW_OR_APPROVAL
coderabbitai[bot],edison1105,PR_REVIEW_OR_APPROVAL
coderabbitai[bot],edison1105,PR_REVIEW_OR_APPROVAL
coderabbitai[bot],edison1105,PR_REVIEW_OR_APPROVAL
coderabbitai[bot],edison1105,COMMENT_ON_ISSUE_OR_PR
pkg-pr-new[bot],edison1105,COMMENT_ON_ISSUE_OR_PR
github-actions[bot],edison1105,COMMENT_ON_ISSUE_OR_PR
coderabbitai[bot],edison1105,COMMENT_ON_ISSUE_OR_PR
github-actions[bot],edison1105,COMMENT_ON_ISSUE_OR_PR
pkg-pr-new[bot],edison1105,COMMENT_ON_ISSUE_OR_PR
haoqunjiang,edison1105,COMMENT_ON_ISSUE_OR_PR
vue-bot,edison1105,COMMENT_ON_ISSUE_OR_PR
coderabbitai[bot],edison1105,PR_REVIEW_OR_APPROVAL
coderabbitai[bot],edison1105,COMMENT_ON_ISSUE_OR_PR
github-actions[bot],edison1105,COMMENT_ON_ISSUE_OR_PR
pkg-pr-new[bot],edison1105,COMMENT_ON_ISSUE_OR_PR
coderabbitai[bot],edison1105,COMMENT_ON_ISSUE_OR_PR
github-actions[bot],edison1105,COMMENT_ON_ISSUE_OR_PR
pkg-pr-new[bot],edison1105,COMMENT_ON_ISSUE_OR_PR
coderabbitai[bot],edison1105,COMMENT_ON_ISSUE_OR_PR
pkg-pr-new[bot],edison1105,COMMENT_ON_ISSUE_OR_PR
github-actions[bot],edison1105,COMMENT_ON_ISSUE_OR_PR
coderabbitai[bot],edison1105,PR_REVIEW_OR_APPROVAL
coderabbitai[bot],edison1105,COMMENT_ON_ISSUE_OR_PR
pkg-pr-new[bot],edison1105,COMMENT_ON_ISSUE_OR_PR
github-actions[bot],edison1105,COMMENT_ON_ISSUE_OR_PR
coderabbitai[bot],edison1105,COMMENT_ON_ISSUE_OR_PR
github-actions[bot],edison1105,COMMENT_ON_ISSUE_OR_PR
pkg-pr-new[bot],edison1105,COMMENT_ON_ISSUE_OR_PR
coderabbitai[bot],edison1105,COMMENT_ON_ISSUE_OR_PR
pkg-pr-new[bot],edison1105,COMMENT_ON_ISSUE_OR_PR
github-actions[bot],edison1105,COMMENT_ON_ISSUE_OR_PR
github-actions[bot],renovate[bot],COMMENT_ON_ISSUE_OR_PR
pkg-pr-new[bot],renovate[bot],COMMENT_ON_ISSUE_OR_PR
edison1105,renovate[bot],PR_MERGE
github-actions[bot],renovate[bot],COMMENT_ON_ISSUE_OR_PR
pkg-pr-new[bot],renovate[bot],COMMENT_ON_ISSUE_OR_PR
edison1105,renovate[bot],PR_MERGE
pkg-pr-new[bot],renovate[bot],COMMENT_ON_ISSUE_OR_PR
github-actions[bot],renovate[bot],COMMENT_ON_ISSUE_OR_PR
edison1105,renovate[bot],PR_MERGE
pkg-pr-new[bot],renovate[bot],COMMENT_ON_ISSUE_OR_PR
github-actions[bot],renovate[bot],COMMENT_ON_ISSUE_OR_PR
edison1105,renovate[bot],PR_MERGE
github-actions[bot],renovate[bot],COMMENT_ON_ISSUE_OR_PR
pkg-pr-new[bot],renovate[bot],COMMENT_ON_ISSUE_OR_PR
edison1105,renovate[bot],PR_MERGE
github-actions[bot],renovate[bot],COMMENT_ON_ISSUE_OR_PR
pkg-pr-new[bot],renovate[bot],COMMENT_ON_ISSUE_OR_PR
edison1105,renovate[bot],PR_MERGE
coderabbitai[bot],zhiyuanzmj,COMMENT_ON_ISSUE_OR_PR
github-actions[bot],zhiyuanzmj,COMMENT_ON_ISSUE_OR_PR
pkg-pr-new[bot],zhiyuanzmj,COMMENT_ON_ISSUE_OR_PR
vue-bot,zhiyuanzmj,COMMENT_ON_ISSUE_OR_PR
coderabbitai[bot],zhiyuanzmj,PR_REVIEW_OR_APPROVAL
copilot-pull-request-reviewer[bot],zhiyuanzmj,PR_REVIEW_OR_APPROVAL
coderabbitai[bot],serhalp,COMMENT_ON_ISSUE_OR_PR
edison1105,serhalp,PR_MERGE
coderabbitai[bot],edison1105,COMMENT_ON_ISSUE_OR_PR
github-actions[bot],edison1105,COMMENT_ON_ISSUE_OR_PR
pkg-pr-new[bot],edison1105,COMMENT_ON_ISSUE_OR_PR
coderabbitai[bot],edison1105,PR_REVIEW_OR_APPROVAL
coderabbitai[bot],edison1105,COMMENT_ON_ISSUE_OR_PR
github-actions[bot],edison1105,COMMENT_ON_ISSUE_OR_PR
pkg-pr-new[bot],edison1105,COMMENT_ON_ISSUE_OR_PR
coderabbitai[bot],edison1105,COMMENT_ON_ISSUE_OR_PR
pkg-pr-new[bot],edison1105,COMMENT_ON_ISSUE_OR_PR
github-actions[bot],edison1105,COMMENT_ON_ISSUE_OR_PR
coderabbitai[bot],edison1105,COMMENT_ON_ISSUE_OR_PR
pkg-pr-new[bot],edison1105,COMMENT_ON_ISSUE_OR_PR
github-actions[bot],edison1105,COMMENT_ON_ISSUE_OR_PR
coderabbitai[bot],edison1105,PR_REVIEW_OR_APPROVAL
coderabbitai[bot],edison1105,PR_REVIEW_OR_APPROVAL
coderabbitai[bot],lichunju1,COMMENT_ON_ISSUE_OR_PR
edison1105,lichunju1,COMMENT_ON_ISSUE_OR_PR
github-actions[bot],lichunju1,COMMENT_ON_ISSUE_OR_PR
pkg-pr-new[bot],lichunju1,COMMENT_ON_ISSUE_OR_PR
edison1105,lichunju1,COMMENT_ON_ISSUE_OR_PR
edison1105,lichunju1,COMMENT_ON_ISSUE_OR_PR
vue-bot,lichunju1,COMMENT_ON_ISSUE_OR_PR
edison1105,lichunju1,PR_MERGE
github-actions[bot],dependabot[bot],COMMENT_ON_ISSUE_OR_PR
pkg-pr-new[bot],dependabot[bot],COMMENT_ON_ISSUE_OR_PR
edison1105,dependabot[bot],PR_MERGE
github-actions[bot],dependabot[bot],COMMENT_ON_ISSUE_OR_PR
pkg-pr-new[bot],dependabot[bot],COMMENT_ON_ISSUE_OR_PR
edison1105,dependabot[bot],PR_MERGE
coderabbitai[bot],edison1105,COMMENT_ON_ISSUE_OR_PR
pkg-pr-new[bot],edison1105,COMMENT_ON_ISSUE_OR_PR
github-actions[bot],edison1105,COMMENT_ON_ISSUE_OR_PR
coderabbitai[bot],edison1105,PR_REVIEW_OR_APPROVAL
coderabbitai[bot],edison1105,PR_REVIEW_OR_APPROVAL
coderabbitai[bot],edison1105,PR_REVIEW_OR_APPROVAL
coderabbitai[bot],edison1105,PR_REVIEW_OR_APPROVAL
coderabbitai[bot],btea,COMMENT_ON_ISSUE_OR_PR
github-actions[bot],btea,COMMENT_ON_ISSUE_OR_PR
pkg-pr-new[bot],btea,COMMENT_ON_ISSUE_OR_PR
edison1105,btea,PR_MERGE
coderabbitai[bot],zhiyuanzmj,COMMENT_ON_ISSUE_OR_PR
pkg-pr-new[bot],zhiyuanzmj,COMMENT_ON_ISSUE_OR_PR
github-actions[bot],zhiyuanzmj,COMMENT_ON_ISSUE_OR_PR
vue-bot,zhiyuanzmj,COMMENT_ON_ISSUE_OR_PR
copilot-pull-request-reviewer[bot],zhiyuanzmj,PR_REVIEW_OR_APPROVAL
coderabbitai[bot],zhiyuanzmj,PR_REVIEW_OR_APPROVAL
coderabbitai[bot],edison1105,COMMENT_ON_ISSUE_OR_PR
pkg-pr-new[bot],edison1105,COMMENT_ON_ISSUE_OR_PR
github-actions[bot],edison1105,COMMENT_ON_ISSUE_OR_PR
coderabbitai[bot],edison1105,PR_REVIEW_OR_APPROVAL
coderabbitai[bot],edison1105,COMMENT_ON_ISSUE_OR_PR
github-actions[bot],edison1105,COMMENT_ON_ISSUE_OR_PR
pkg-pr-new[bot],edison1105,COMMENT_ON_ISSUE_OR_PR
coderabbitai[bot],edison1105,PR_REVIEW_OR_APPROVAL
pkg-pr-new[bot],renovate[bot],COMMENT_ON_ISSUE_OR_PR
github-actions[bot],renovate[bot],COMMENT_ON_ISSUE_OR_PR
coderabbitai[bot],zhiyuanzmj,COMMENT_ON_ISSUE_OR_PR
github-actions[bot],zhiyuanzmj,COMMENT_ON_ISSUE_OR_PR
pkg-pr-new[bot],zhiyuanzmj,COMMENT_ON_ISSUE_OR_PR
vue-bot,zhiyuanzmj,COMMENT_ON_ISSUE_OR_PR
copilot-pull-request-reviewer[bot],zhiyuanzmj,PR_REVIEW_OR_APPROVAL
coderabbitai[bot],zhiyuanzmj,PR_REVIEW_OR_APPROVAL
coderabbitai[bot],zhiyuanzmj,COMMENT_ON_ISSUE_OR_PR
github-actions[bot],zhiyuanzmj,COMMENT_ON_ISSUE_OR_PR
pkg-pr-new[bot],zhiyuanzmj,COMMENT_ON_ISSUE_OR_PR
vue-bot,zhiyuanzmj,COMMENT_ON_ISSUE_OR_PR
copilot-pull-request-reviewer[bot],zhiyuanzmj,PR_REVIEW_OR_APPROVAL
coderabbitai[bot],zhiyuanzmj,COMMENT_ON_ISSUE_OR_PR
pkg-pr-new[bot],zhiyuanzmj,COMMENT_ON_ISSUE_OR_PR
github-actions[bot],zhiyuanzmj,COMMENT_ON_ISSUE_OR_PR
copilot-pull-request-reviewer[bot],zhiyuanzmj,PR_REVIEW_OR_APPROVAL
pkg-pr-new[bot],renovate[bot],COMMENT_ON_ISSUE_OR_PR
github-actions[bot],renovate[bot],COMMENT_ON_ISSUE_OR_PR
edison1105,renovate[bot],PR_MERGE
pkg-pr-new[bot],renovate[bot],COMMENT_ON_ISSUE_OR_PR
github-actions[bot],renovate[bot],COMMENT_ON_ISSUE_OR_PR
edison1105,renovate[bot],PR_MERGE
pkg-pr-new[bot],renovate[bot],COMMENT_ON_ISSUE_OR_PR
github-actions[bot],renovate[bot],COMMENT_ON_ISSUE_OR_PR
edison1105,renovate[bot],PR_MERGE
github-actions[bot],renovate[bot],COMMENT_ON_ISSUE_OR_PR
pkg-pr-new[bot],renovate[bot],COMMENT_ON_ISSUE_OR_PR
edison1105,renovate[bot],PR_MERGE
github-actions[bot],renovate[bot],COMMENT_ON_ISSUE_OR_PR
pkg-pr-new[bot],renovate[bot],COMMENT_ON_ISSUE_OR_PR
bmccall17,renovate[bot],COMMENT_ON_ISSUE_OR_PR
coderabbitai[bot],edison1105,COMMENT_ON_ISSUE_OR_PR
github-actions[bot],edison1105,COMMENT_ON_ISSUE_OR_PR
pkg-pr-new[bot],edison1105,COMMENT_ON_ISSUE_OR_PR
coderabbitai[bot],edison1105,COMMENT_ON_ISSUE_OR_PR
github-actions[bot],edison1105,COMMENT_ON_ISSUE_OR_PR
pkg-pr-new[bot],edison1105,COMMENT_ON_ISSUE_OR_PR
pkg-pr-new[bot],edison1105,COMMENT_ON_ISSUE_OR_PR
github-actions[bot],edison1105,COMMENT_ON_ISSUE_OR_PR
coderabbitai[bot],edison1105,COMMENT_ON_ISSUE_OR_PR
coderabbitai[bot],edison1105,PR_REVIEW_OR_APPROVAL
coderabbitai[bot],edison1105,PR_REVIEW_OR_APPROVAL
coderabbitai[bot],edison1105,PR_REVIEW_OR_APPROVAL
coderabbitai[bot],edison1105,PR_REVIEW_OR_APPROVAL
coderabbitai[bot],cernymatej,COMMENT_ON_ISSUE_OR_PR
github-actions[bot],cernymatej,COMMENT_ON_ISSUE_OR_PR
pkg-pr-new[bot],cernymatej,COMMENT_ON_ISSUE_OR_PR
edison1105,cernymatej,COMMENT_ON_ISSUE_OR_PR
vue-bot,cernymatej,COMMENT_ON_ISSUE_OR_PR
edison1105,cernymatej,PR_MERGE
coderabbitai[bot],jackma9604,COMMENT_ON_ISSUE_OR_PR
pkg-pr-new[bot],jackma9604,COMMENT_ON_ISSUE_OR_PR
github-actions[bot],jackma9604,COMMENT_ON_ISSUE_OR_PR
edison1105,jackma9604,PR_MERGE
coderabbitai[bot],Misrilal-Sah,COMMENT_ON_ISSUE_OR_PR
copilot-pull-request-reviewer[bot],Misrilal-Sah,PR_REVIEW_OR_APPROVAL
coderabbitai[bot],Misrilal-Sah,COMMENT_ON_ISSUE_OR_PR
edison1105,Misrilal-Sah,COMMENT_ON_ISSUE_OR_PR
copilot-pull-request-reviewer[bot],Misrilal-Sah,PR_REVIEW_OR_APPROVAL
coderabbitai[bot],Misrilal-Sah,PR_REVIEW_OR_APPROVAL
coderabbitai[bot],Misrilal-Sah,COMMENT_ON_ISSUE_OR_PR
copilot-pull-request-reviewer[bot],Misrilal-Sah,PR_REVIEW_OR_APPROVAL
coderabbitai[bot],Misrilal-Sah,COMMENT_ON_ISSUE_OR_PR
edison1105,Misrilal-Sah,COMMENT_ON_ISSUE_OR_PR
copilot-pull-request-reviewer[bot],Misrilal-Sah,PR_REVIEW_OR_APPROVAL
coderabbitai[bot],Misrilal-Sah,COMMENT_ON_ISSUE_OR_PR
edison1105,Misrilal-Sah,COMMENT_ON_ISSUE_OR_PR
edison1105,Misrilal-Sah,COMMENT_ON_ISSUE_OR_PR
edison1105,Misrilal-Sah,COMMENT_ON_ISSUE_OR_PR
copilot-pull-request-reviewer[bot],Misrilal-Sah,PR_REVIEW_OR_APPROVAL
coderabbitai[bot],Misrilal-Sah,COMMENT_ON_ISSUE_OR_PR
edison1105,Misrilal-Sah,COMMENT_ON_ISSUE_OR_PR
copilot-pull-request-reviewer[bot],Misrilal-Sah,PR_REVIEW_OR_APPROVAL
coderabbitai[bot],Misrilal-Sah,COMMENT_ON_ISSUE_OR_PR
edison1105,Misrilal-Sah,COMMENT_ON_ISSUE_OR_PR
coderabbitai[bot],Misrilal-Sah,PR_REVIEW_OR_APPROVAL
copilot-pull-request-reviewer[bot],Misrilal-Sah,PR_REVIEW_OR_APPROVAL
coderabbitai[bot],Misrilal-Sah,COMMENT_ON_ISSUE_OR_PR
edison1105,Misrilal-Sah,COMMENT_ON_ISSUE_OR_PR
copilot-pull-request-reviewer[bot],Misrilal-Sah,PR_REVIEW_OR_APPROVAL
coderabbitai[bot],edison1105,COMMENT_ON_ISSUE_OR_PR
pkg-pr-new[bot],edison1105,COMMENT_ON_ISSUE_OR_PR
github-actions[bot],edison1105,COMMENT_ON_ISSUE_OR_PR
coderabbitai[bot],edison1105,PR_REVIEW_OR_APPROVAL
coderabbitai[bot],edison1105,PR_REVIEW_OR_APPROVAL
coderabbitai[bot],edison1105,PR_REVIEW_OR_APPROVAL
coderabbitai[bot],edison1105,PR_REVIEW_OR_APPROVAL
coderabbitai[bot],edison1105,PR_REVIEW_OR_APPROVAL
coderabbitai[bot],ayushshukla1807,COMMENT_ON_ISSUE_OR_PR
edison1105,ayushshukla1807,PR_MERGE
github-actions[bot],Zakir176,COMMENT_ON_ISSUE_OR_PR
pkg-pr-new[bot],Zakir176,COMMENT_ON_ISSUE_OR_PR
edison1105,Zakir176,COMMENT_ON_ISSUE_OR_PR
coderabbitai[bot],edison1105,COMMENT_ON_ISSUE_OR_PR
pkg-pr-new[bot],edison1105,COMMENT_ON_ISSUE_OR_PR
github-actions[bot],edison1105,COMMENT_ON_ISSUE_OR_PR
coderabbitai[bot],babu-ch,COMMENT_ON_ISSUE_OR_PR
pkg-pr-new[bot],babu-ch,COMMENT_ON_ISSUE_OR_PR
github-actions[bot],babu-ch,COMMENT_ON_ISSUE_OR_PR
edison1105,babu-ch,COMMENT_ON_ISSUE_OR_PR
edison1105,babu-ch,PR_MERGE
github-actions[bot],renovate[bot],COMMENT_ON_ISSUE_OR_PR
pkg-pr-new[bot],renovate[bot],COMMENT_ON_ISSUE_OR_PR
edison1105,renovate[bot],PR_MERGE
coderabbitai[bot],edison1105,COMMENT_ON_ISSUE_OR_PR
pkg-pr-new[bot],edison1105,COMMENT_ON_ISSUE_OR_PR
github-actions[bot],edison1105,COMMENT_ON_ISSUE_OR_PR
vue-bot,edison1105,COMMENT_ON_ISSUE_OR_PR
coderabbitai[bot],edison1105,COMMENT_ON_ISSUE_OR_PR
github-actions[bot],edison1105,COMMENT_ON_ISSUE_OR_PR
pkg-pr-new[bot],edison1105,COMMENT_ON_ISSUE_OR_PR
vue-bot,edison1105,COMMENT_ON_ISSUE_OR_PR
coderabbitai[bot],edison1105,PR_REVIEW_OR_APPROVAL
coderabbitai[bot],edison1105,PR_REVIEW_OR_APPROVAL
coderabbitai[bot],cyphercodes,COMMENT_ON_ISSUE_OR_PR
pkg-pr-new[bot],cyphercodes,COMMENT_ON_ISSUE_OR_PR
github-actions[bot],cyphercodes,COMMENT_ON_ISSUE_OR_PR
edison1105,cyphercodes,COMMENT_ON_ISSUE_OR_PR
vue-bot,cyphercodes,COMMENT_ON_ISSUE_OR_PR
edison1105,cyphercodes,PR_MERGE
coderabbitai[bot],cernymatej,COMMENT_ON_ISSUE_OR_PR
edison1105,cernymatej,COMMENT_ON_ISSUE_OR_PR
coderabbitai[bot],cernymatej,PR_REVIEW_OR_APPROVAL
coderabbitai[bot],edison1105,COMMENT_ON_ISSUE_OR_PR
pkg-pr-new[bot],edison1105,COMMENT_ON_ISSUE_OR_PR
github-actions[bot],edison1105,COMMENT_ON_ISSUE_OR_PR
coderabbitai[bot],edison1105,PR_REVIEW_OR_APPROVAL
coderabbitai[bot],edison1105,PR_REVIEW_OR_APPROVAL
coderabbitai[bot],edison1105,PR_REVIEW_OR_APPROVAL
coderabbitai[bot],edison1105,PR_REVIEW_OR_APPROVAL
coderabbitai[bot],edison1105,PR_REVIEW_OR_APPROVAL
coderabbitai[bot],edison1105,COMMENT_ON_ISSUE_OR_PR
github-actions[bot],edison1105,COMMENT_ON_ISSUE_OR_PR
pkg-pr-new[bot],edison1105,COMMENT_ON_ISSUE_OR_PR
coderabbitai[bot],edison1105,PR_REVIEW_OR_APPROVAL
coderabbitai[bot],edison1105,PR_REVIEW_OR_APPROVAL
coderabbitai[bot],edison1105,PR_REVIEW_OR_APPROVAL
coderabbitai[bot],edison1105,COMMENT_ON_ISSUE_OR_PR
github-actions[bot],edison1105,COMMENT_ON_ISSUE_OR_PR
pkg-pr-new[bot],edison1105,COMMENT_ON_ISSUE_OR_PR
jackma9604,edison1105,COMMENT_ON_ISSUE_OR_PR
coderabbitai[bot],edison1105,COMMENT_ON_ISSUE_OR_PR
github-actions[bot],edison1105,COMMENT_ON_ISSUE_OR_PR
coderabbitai[bot],edison1105,COMMENT_ON_ISSUE_OR_PR
pkg-pr-new[bot],edison1105,COMMENT_ON_ISSUE_OR_PR
github-actions[bot],edison1105,COMMENT_ON_ISSUE_OR_PR
vue-bot,edison1105,COMMENT_ON_ISSUE_OR_PR
coderabbitai[bot],jackma9604,COMMENT_ON_ISSUE_OR_PR
pkg-pr-new[bot],jackma9604,COMMENT_ON_ISSUE_OR_PR
github-actions[bot],jackma9604,COMMENT_ON_ISSUE_OR_PR
edison1105,jackma9604,COMMENT_ON_ISSUE_OR_PR
edison1105,jackma9604,PR_MERGE
coderabbitai[bot],edison1105,COMMENT_ON_ISSUE_OR_PR
github-actions[bot],edison1105,COMMENT_ON_ISSUE_OR_PR
pkg-pr-new[bot],edison1105,COMMENT_ON_ISSUE_OR_PR
vue-bot,edison1105,COMMENT_ON_ISSUE_OR_PR
coderabbitai[bot],edison1105,PR_REVIEW_OR_APPROVAL
coderabbitai[bot],edison1105,COMMENT_ON_ISSUE_OR_PR
github-actions[bot],edison1105,COMMENT_ON_ISSUE_OR_PR
pkg-pr-new[bot],edison1105,COMMENT_ON_ISSUE_OR_PR
vue-bot,edison1105,COMMENT_ON_ISSUE_OR_PR
coderabbitai[bot],babu-ch,COMMENT_ON_ISSUE_OR_PR
github-actions[bot],babu-ch,COMMENT_ON_ISSUE_OR_PR
pkg-pr-new[bot],babu-ch,COMMENT_ON_ISSUE_OR_PR
edison1105,babu-ch,COMMENT_ON_ISSUE_OR_PR
vue-bot,babu-ch,COMMENT_ON_ISSUE_OR_PR
edison1105,babu-ch,PR_MERGE
coderabbitai[bot],jackma9604,COMMENT_ON_ISSUE_OR_PR
pkg-pr-new[bot],jackma9604,COMMENT_ON_ISSUE_OR_PR
github-actions[bot],jackma9604,COMMENT_ON_ISSUE_OR_PR
edison1105,jackma9604,COMMENT_ON_ISSUE_OR_PR
edison1105,jackma9604,COMMENT_ON_ISSUE_OR_PR
edison1105,jackma9604,PR_MERGE
github-actions[bot],edison1105,COMMENT_ON_ISSUE_OR_PR
pkg-pr-new[bot],edison1105,COMMENT_ON_ISSUE_OR_PR
coderabbitai[bot],edison1105,COMMENT_ON_ISSUE_OR_PR
coderabbitai[bot],edison1105,PR_REVIEW_OR_APPROVAL
sheremet-va,edison1105,PR_REVIEW_OR_APPROVAL
github-actions[bot],renovate[bot],COMMENT_ON_ISSUE_OR_PR
pkg-pr-new[bot],renovate[bot],COMMENT_ON_ISSUE_OR_PR
edison1105,renovate[bot],PR_MERGE
netlify[bot],renovate[bot],COMMENT_ON_ISSUE_OR_PR
netlify[bot],renovate[bot],COMMENT_ON_ISSUE_OR_PR
github-actions[bot],renovate[bot],COMMENT_ON_ISSUE_OR_PR
pkg-pr-new[bot],renovate[bot],COMMENT_ON_ISSUE_OR_PR
github-actions[bot],renovate[bot],COMMENT_ON_ISSUE_OR_PR
edison1105,renovate[bot],PR_MERGE
github-actions[bot],renovate[bot],COMMENT_ON_ISSUE_OR_PR
pkg-pr-new[bot],renovate[bot],COMMENT_ON_ISSUE_OR_PR
edison1105,renovate[bot],PR_MERGE
coderabbitai[bot],Amiya167,COMMENT_ON_ISSUE_OR_PR
netlify[bot],Amiya167,COMMENT_ON_ISSUE_OR_PR
netlify[bot],Amiya167,COMMENT_ON_ISSUE_OR_PR
edison1105,Amiya167,COMMENT_ON_ISSUE_OR_PR
edison1105,Amiya167,COMMENT_ON_ISSUE_OR_PR
coderabbitai[bot],Amiya167,PR_REVIEW_OR_APPROVAL
coderabbitai[bot],Amiya167,PR_REVIEW_OR_APPROVAL
coderabbitai[bot],Amiya167,PR_REVIEW_OR_APPROVAL
coderabbitai[bot],edison1105,COMMENT_ON_ISSUE_OR_PR
github-actions[bot],edison1105,COMMENT_ON_ISSUE_OR_PR
pkg-pr-new[bot],edison1105,COMMENT_ON_ISSUE_OR_PR
vue-bot,edison1105,COMMENT_ON_ISSUE_OR_PR
coderabbitai[bot],edison1105,PR_REVIEW_OR_APPROVAL
themavik,edison1105,PR_REVIEW_OR_APPROVAL
themavik,edison1105,PR_REVIEW_OR_APPROVAL
themavik,edison1105,PR_REVIEW_OR_APPROVAL
coderabbitai[bot],edison1105,COMMENT_ON_ISSUE_OR_PR
pkg-pr-new[bot],edison1105,COMMENT_ON_ISSUE_OR_PR
github-actions[bot],edison1105,COMMENT_ON_ISSUE_OR_PR
coderabbitai[bot],edison1105,PR_REVIEW_OR_APPROVAL
coderabbitai[bot],edison1105,PR_REVIEW_OR_APPROVAL
coderabbitai[bot],edison1105,COMMENT_ON_ISSUE_OR_PR
pkg-pr-new[bot],edison1105,COMMENT_ON_ISSUE_OR_PR
github-actions[bot],edison1105,COMMENT_ON_ISSUE_OR_PR
coderabbitai[bot],edison1105,PR_REVIEW_OR_APPROVAL
coderabbitai[bot],edison1105,PR_REVIEW_OR_APPROVAL
coderabbitai[bot],edison1105,PR_REVIEW_OR_APPROVAL
coderabbitai[bot],jackma9604,COMMENT_ON_ISSUE_OR_PR
pkg-pr-new[bot],jackma9604,COMMENT_ON_ISSUE_OR_PR
github-actions[bot],jackma9604,COMMENT_ON_ISSUE_OR_PR
edison1105,jackma9604,COMMENT_ON_ISSUE_OR_PR
coderabbitai[bot],jackma9604,PR_REVIEW_OR_APPROVAL
edison1105,jackma9604,PR_MERGE
coderabbitai[bot],edison1105,COMMENT_ON_ISSUE_OR_PR
pkg-pr-new[bot],edison1105,COMMENT_ON_ISSUE_OR_PR
github-actions[bot],edison1105,COMMENT_ON_ISSUE_OR_PR
coderabbitai[bot],edison1105,PR_REVIEW_OR_APPROVAL
coderabbitai[bot],edison1105,PR_REVIEW_OR_APPROVAL
coderabbitai[bot],edison1105,COMMENT_ON_ISSUE_OR_PR
github-actions[bot],edison1105,COMMENT_ON_ISSUE_OR_PR
pkg-pr-new[bot],edison1105,COMMENT_ON_ISSUE_OR_PR
coderabbitai[bot],edison1105,COMMENT_ON_ISSUE_OR_PR
pkg-pr-new[bot],edison1105,COMMENT_ON_ISSUE_OR_PR
github-actions[bot],edison1105,COMMENT_ON_ISSUE_OR_PR
coderabbitai[bot],edison1105,PR_REVIEW_OR_APPROVAL
coderabbitai[bot],edison1105,PR_REVIEW_OR_APPROVAL
coderabbitai[bot],edison1105,PR_REVIEW_OR_APPROVAL
coderabbitai[bot],edison1105,PR_REVIEW_OR_APPROVAL
coderabbitai[bot],edison1105,PR_REVIEW_OR_APPROVAL
coderabbitai[bot],edison1105,PR_REVIEW_OR_APPROVAL
coderabbitai[bot],edison1105,PR_REVIEW_OR_APPROVAL
coderabbitai[bot],edison1105,PR_REVIEW_OR_APPROVAL
coderabbitai[bot],edison1105,PR_REVIEW_OR_APPROVAL
coderabbitai[bot],edison1105,PR_REVIEW_OR_APPROVAL
coderabbitai[bot],jackma9604,COMMENT_ON_ISSUE_OR_PR
pkg-pr-new[bot],jackma9604,COMMENT_ON_ISSUE_OR_PR
github-actions[bot],jackma9604,COMMENT_ON_ISSUE_OR_PR
edison1105,jackma9604,PR_MERGE
coderabbitai[bot],edison1105,COMMENT_ON_ISSUE_OR_PR
github-actions[bot],edison1105,COMMENT_ON_ISSUE_OR_PR
pkg-pr-new[bot],edison1105,COMMENT_ON_ISSUE_OR_PR
coderabbitai[bot],edison1105,PR_REVIEW_OR_APPROVAL
coderabbitai[bot],edison1105,COMMENT_ON_ISSUE_OR_PR
pkg-pr-new[bot],edison1105,COMMENT_ON_ISSUE_OR_PR
github-actions[bot],edison1105,COMMENT_ON_ISSUE_OR_PR
coderabbitai[bot],edison1105,PR_REVIEW_OR_APPROVAL
coderabbitai[bot],edison1105,COMMENT_ON_ISSUE_OR_PR
pkg-pr-new[bot],edison1105,COMMENT_ON_ISSUE_OR_PR
github-actions[bot],edison1105,COMMENT_ON_ISSUE_OR_PR
coderabbitai[bot],edison1105,COMMENT_ON_ISSUE_OR_PR
pkg-pr-new[bot],edison1105,COMMENT_ON_ISSUE_OR_PR
github-actions[bot],edison1105,COMMENT_ON_ISSUE_OR_PR
coderabbitai[bot],edison1105,COMMENT_ON_ISSUE_OR_PR
github-actions[bot],edison1105,COMMENT_ON_ISSUE_OR_PR
pkg-pr-new[bot],edison1105,COMMENT_ON_ISSUE_OR_PR
coderabbitai[bot],edison1105,COMMENT_ON_ISSUE_OR_PR
pkg-pr-new[bot],edison1105,COMMENT_ON_ISSUE_OR_PR
github-actions[bot],edison1105,COMMENT_ON_ISSUE_OR_PR
coderabbitai[bot],edison1105,COMMENT_ON_ISSUE_OR_PR
github-actions[bot],edison1105,COMMENT_ON_ISSUE_OR_PR
pkg-pr-new[bot],edison1105,COMMENT_ON_ISSUE_OR_PR
coderabbitai[bot],edison1105,PR_REVIEW_OR_APPROVAL
coderabbitai[bot],edison1105,PR_REVIEW_OR_APPROVAL
pkg-pr-new[bot],edison1105,COMMENT_ON_ISSUE_OR_PR
github-actions[bot],edison1105,COMMENT_ON_ISSUE_OR_PR
coderabbitai[bot],edison1105,COMMENT_ON_ISSUE_OR_PR
coderabbitai[bot],edison1105,PR_REVIEW_OR_APPROVAL
coderabbitai[bot],edison1105,COMMENT_ON_ISSUE_OR_PR
pkg-pr-new[bot],edison1105,COMMENT_ON_ISSUE_OR_PR
github-actions[bot],edison1105,COMMENT_ON_ISSUE_OR_PR
coderabbitai[bot],edison1105,COMMENT_ON_ISSUE_OR_PR
pkg-pr-new[bot],edison1105,COMMENT_ON_ISSUE_OR_PR
github-actions[bot],edison1105,COMMENT_ON_ISSUE_OR_PR
coderabbitai[bot],jackma9604,COMMENT_ON_ISSUE_OR_PR
pkg-pr-new[bot],jackma9604,COMMENT_ON_ISSUE_OR_PR
github-actions[bot],jackma9604,COMMENT_ON_ISSUE_OR_PR
edison1105,jackma9604,COMMENT_ON_ISSUE_OR_PR
edison1105,jackma9604,PR_MERGE
coderabbitai[bot],edison1105,COMMENT_ON_ISSUE_OR_PR
pkg-pr-new[bot],edison1105,COMMENT_ON_ISSUE_OR_PR
github-actions[bot],edison1105,COMMENT_ON_ISSUE_OR_PR
coderabbitai[bot],edison1105,COMMENT_ON_ISSUE_OR_PR
pkg-pr-new[bot],edison1105,COMMENT_ON_ISSUE_OR_PR
github-actions[bot],edison1105,COMMENT_ON_ISSUE_OR_PR
coderabbitai[bot],edison1105,COMMENT_ON_ISSUE_OR_PR
pkg-pr-new[bot],edison1105,COMMENT_ON_ISSUE_OR_PR
github-actions[bot],edison1105,COMMENT_ON_ISSUE_OR_PR
coderabbitai[bot],edison1105,COMMENT_ON_ISSUE_OR_PR
pkg-pr-new[bot],edison1105,COMMENT_ON_ISSUE_OR_PR
github-actions[bot],edison1105,COMMENT_ON_ISSUE_OR_PR
coderabbitai[bot],edison1105,COMMENT_ON_ISSUE_OR_PR
github-actions[bot],edison1105,COMMENT_ON_ISSUE_OR_PR
pkg-pr-new[bot],edison1105,COMMENT_ON_ISSUE_OR_PR
coderabbitai[bot],edison1105,COMMENT_ON_ISSUE_OR_PR
github-actions[bot],edison1105,COMMENT_ON_ISSUE_OR_PR
coderabbitai[bot],edison1105,COMMENT_ON_ISSUE_OR_PR
pkg-pr-new[bot],edison1105,COMMENT_ON_ISSUE_OR_PR
github-actions[bot],edison1105,COMMENT_ON_ISSUE_OR_PR
coderabbitai[bot],edison1105,COMMENT_ON_ISSUE_OR_PR
github-actions[bot],edison1105,COMMENT_ON_ISSUE_OR_PR
pkg-pr-new[bot],edison1105,COMMENT_ON_ISSUE_OR_PR
github-actions[bot],renovate[bot],COMMENT_ON_ISSUE_OR_PR
pkg-pr-new[bot],renovate[bot],COMMENT_ON_ISSUE_OR_PR
edison1105,renovate[bot],PR_MERGE
github-actions[bot],renovate[bot],COMMENT_ON_ISSUE_OR_PR
pkg-pr-new[bot],renovate[bot],COMMENT_ON_ISSUE_OR_PR
edison1105,renovate[bot],PR_MERGE
github-actions[bot],renovate[bot],COMMENT_ON_ISSUE_OR_PR
pkg-pr-new[bot],renovate[bot],COMMENT_ON_ISSUE_OR_PR
github-actions[bot],renovate[bot],COMMENT_ON_ISSUE_OR_PR
pkg-pr-new[bot],renovate[bot],COMMENT_ON_ISSUE_OR_PR
edison1105,renovate[bot],PR_MERGE
github-actions[bot],renovate[bot],COMMENT_ON_ISSUE_OR_PR
pkg-pr-new[bot],renovate[bot],COMMENT_ON_ISSUE_OR_PR
edison1105,renovate[bot],PR_MERGE
coderabbitai[bot],edison1105,COMMENT_ON_ISSUE_OR_PR
github-actions[bot],edison1105,COMMENT_ON_ISSUE_OR_PR
pkg-pr-new[bot],edison1105,COMMENT_ON_ISSUE_OR_PR
coderabbitai[bot],edison1105,COMMENT_ON_ISSUE_OR_PR
github-actions[bot],edison1105,COMMENT_ON_ISSUE_OR_PR
pkg-pr-new[bot],edison1105,COMMENT_ON_ISSUE_OR_PR
coderabbitai[bot],edison1105,COMMENT_ON_ISSUE_OR_PR
pkg-pr-new[bot],edison1105,COMMENT_ON_ISSUE_OR_PR
github-actions[bot],edison1105,COMMENT_ON_ISSUE_OR_PR
github-actions[bot],renovate[bot],COMMENT_ON_ISSUE_OR_PR
pkg-pr-new[bot],renovate[bot],COMMENT_ON_ISSUE_OR_PR
edison1105,renovate[bot],PR_MERGE
github-actions[bot],renovate[bot],COMMENT_ON_ISSUE_OR_PR
pkg-pr-new[bot],renovate[bot],COMMENT_ON_ISSUE_OR_PR
edison1105,renovate[bot],PR_MERGE
coderabbitai[bot],edison1105,COMMENT_ON_ISSUE_OR_PR
github-actions[bot],edison1105,COMMENT_ON_ISSUE_OR_PR
pkg-pr-new[bot],edison1105,COMMENT_ON_ISSUE_OR_PR
coderabbitai[bot],N3XT3R1337,COMMENT_ON_ISSUE_OR_PR
edison1105,N3XT3R1337,COMMENT_ON_ISSUE_OR_PR
coderabbitai[bot],N3XT3R1337,PR_REVIEW_OR_APPROVAL
coderabbitai[bot],jackma9604,COMMENT_ON_ISSUE_OR_PR
pkg-pr-new[bot],jackma9604,COMMENT_ON_ISSUE_OR_PR
github-actions[bot],jackma9604,COMMENT_ON_ISSUE_OR_PR
edison1105,jackma9604,COMMENT_ON_ISSUE_OR_PR
edison1105,jackma9604,PR_REVIEW_OR_APPROVAL
coderabbitai[bot],edison1105,COMMENT_ON_ISSUE_OR_PR
pkg-pr-new[bot],edison1105,COMMENT_ON_ISSUE_OR_PR
github-actions[bot],edison1105,COMMENT_ON_ISSUE_OR_PR
coderabbitai[bot],babu-ch,COMMENT_ON_ISSUE_OR_PR
pkg-pr-new[bot],babu-ch,COMMENT_ON_ISSUE_OR_PR
github-actions[bot],babu-ch,COMMENT_ON_ISSUE_OR_PR
edison1105,babu-ch,PR_MERGE
coderabbitai[bot],BobbieGoede,COMMENT_ON_ISSUE_OR_PR
github-actions[bot],BobbieGoede,COMMENT_ON_ISSUE_OR_PR
pkg-pr-new[bot],BobbieGoede,COMMENT_ON_ISSUE_OR_PR
edison1105,BobbieGoede,PR_MERGE
coderabbitai[bot],edison1105,COMMENT_ON_ISSUE_OR_PR
pkg-pr-new[bot],edison1105,COMMENT_ON_ISSUE_OR_PR
github-actions[bot],edison1105,COMMENT_ON_ISSUE_OR_PR
coderabbitai[bot],edison1105,COMMENT_ON_ISSUE_OR_PR
pkg-pr-new[bot],edison1105,COMMENT_ON_ISSUE_OR_PR
github-actions[bot],edison1105,COMMENT_ON_ISSUE_OR_PR
coderabbitai[bot],w2jiodsfa,COMMENT_ON_ISSUE_OR_PR
coderabbitai[bot],w2jiodsfa,COMMENT_ON_ISSUE_OR_PR
coderabbitai[bot],Boshen,COMMENT_ON_ISSUE_OR_PR
github-actions[bot],Boshen,COMMENT_ON_ISSUE_OR_PR
pkg-pr-new[bot],Boshen,COMMENT_ON_ISSUE_OR_PR
coderabbitai[bot],edison1105,COMMENT_ON_ISSUE_OR_PR
netlify[bot],edison1105,COMMENT_ON_ISSUE_OR_PR
github-actions[bot],edison1105,COMMENT_ON_ISSUE_OR_PR
pkg-pr-new[bot],edison1105,COMMENT_ON_ISSUE_OR_PR
fengmk2,edison1105,COMMENT_ON_ISSUE_OR_PR
fengmk2,edison1105,COMMENT_ON_ISSUE_OR_PR
fengmk2,edison1105,COMMENT_ON_ISSUE_OR_PR
fengmk2,edison1105,COMMENT_ON_ISSUE_OR_PR
fengmk2,edison1105,COMMENT_ON_ISSUE_OR_PR
fengmk2,edison1105,PR_REVIEW_OR_APPROVAL
fengmk2,edison1105,PR_REVIEW_OR_APPROVAL
coderabbitai[bot],zhiyuanzmj,COMMENT_ON_ISSUE_OR_PR
github-actions[bot],zhiyuanzmj,COMMENT_ON_ISSUE_OR_PR
pkg-pr-new[bot],zhiyuanzmj,COMMENT_ON_ISSUE_OR_PR
edison1105,zhiyuanzmj,COMMENT_ON_ISSUE_OR_PR
vue-bot,zhiyuanzmj,COMMENT_ON_ISSUE_OR_PR
coderabbitai[bot],zhiyuanzmj,PR_REVIEW_OR_APPROVAL
copilot-pull-request-reviewer[bot],zhiyuanzmj,PR_REVIEW_OR_APPROVAL
edison1105,zhiyuanzmj,PR_MERGE
coderabbitai[bot],babu-ch,COMMENT_ON_ISSUE_OR_PR
github-actions[bot],babu-ch,COMMENT_ON_ISSUE_OR_PR
pkg-pr-new[bot],babu-ch,COMMENT_ON_ISSUE_OR_PR
edison1105,babu-ch,COMMENT_ON_ISSUE_OR_PR
coderabbitai[bot],babu-ch,PR_REVIEW_OR_APPROVAL
coderabbitai[bot],babu-ch,PR_REVIEW_OR_APPROVAL
edison1105,babu-ch,PR_REVIEW_OR_APPROVAL
coderabbitai[bot],babu-ch,PR_REVIEW_OR_APPROVAL
themavik,babu-ch,PR_REVIEW_OR_APPROVAL
coderabbitai[bot],SaeedNezafat,COMMENT_ON_ISSUE_OR_PR
pkg-pr-new[bot],SaeedNezafat,COMMENT_ON_ISSUE_OR_PR
github-actions[bot],SaeedNezafat,COMMENT_ON_ISSUE_OR_PR
edison1105,SaeedNezafat,COMMENT_ON_ISSUE_OR_PR
vue-bot,SaeedNezafat,COMMENT_ON_ISSUE_OR_PR
edison1105,SaeedNezafat,COMMENT_ON_ISSUE_OR_PR
edison1105,SaeedNezafat,COMMENT_ON_ISSUE_OR_PR
bgarcias-cp,SaeedNezafat,COMMENT_ON_ISSUE_OR_PR
coderabbitai[bot],SaeedNezafat,PR_REVIEW_OR_APPROVAL
coderabbitai[bot],SaeedNezafat,PR_REVIEW_OR_APPROVAL
coderabbitai[bot],SaeedNezafat,PR_REVIEW_OR_APPROVAL
edison1105,SaeedNezafat,PR_REVIEW_OR_APPROVAL
coderabbitai[bot],SaeedNezafat,PR_REVIEW_OR_APPROVAL
coderabbitai[bot],SaeedNezafat,PR_REVIEW_OR_APPROVAL
coderabbitai[bot],SaeedNezafat,PR_REVIEW_OR_APPROVAL
coderabbitai[bot],SaeedNezafat,PR_REVIEW_OR_APPROVAL
edison1105,SaeedNezafat,PR_REVIEW_OR_APPROVAL
themavik,SaeedNezafat,PR_REVIEW_OR_APPROVAL
themavik,SaeedNezafat,PR_REVIEW_OR_APPROVAL
edison1105,SaeedNezafat,PR_MERGE
coderabbitai[bot],edison1105,COMMENT_ON_ISSUE_OR_PR
github-actions[bot],edison1105,COMMENT_ON_ISSUE_OR_PR
pkg-pr-new[bot],edison1105,COMMENT_ON_ISSUE_OR_PR
vue-bot,edison1105,COMMENT_ON_ISSUE_OR_PR
coderabbitai[bot],edison1105,PR_REVIEW_OR_APPROVAL
coderabbitai[bot],edison1105,COMMENT_ON_ISSUE_OR_PR
github-actions[bot],edison1105,COMMENT_ON_ISSUE_OR_PR
pkg-pr-new[bot],edison1105,COMMENT_ON_ISSUE_OR_PR
vue-bot,edison1105,COMMENT_ON_ISSUE_OR_PR
github-actions[bot],renovate[bot],COMMENT_ON_ISSUE_OR_PR
pkg-pr-new[bot],renovate[bot],COMMENT_ON_ISSUE_OR_PR
edison1105,renovate[bot],PR_MERGE
github-actions[bot],renovate[bot],COMMENT_ON_ISSUE_OR_PR
pkg-pr-new[bot],renovate[bot],COMMENT_ON_ISSUE_OR_PR
edison1105,renovate[bot],PR_MERGE
coderabbitai[bot],yangmingshan,COMMENT_ON_ISSUE_OR_PR
pkg-pr-new[bot],yangmingshan,COMMENT_ON_ISSUE_OR_PR
github-actions[bot],yangmingshan,COMMENT_ON_ISSUE_OR_PR
edison1105,yangmingshan,COMMENT_ON_ISSUE_OR_PR
edison1105,yangmingshan,COMMENT_ON_ISSUE_OR_PR
vue-bot,yangmingshan,COMMENT_ON_ISSUE_OR_PR
coderabbitai[bot],edison1105,COMMENT_ON_ISSUE_OR_PR
pkg-pr-new[bot],edison1105,COMMENT_ON_ISSUE_OR_PR
github-actions[bot],edison1105,COMMENT_ON_ISSUE_OR_PR
coderabbitai[bot],edison1105,COMMENT_ON_ISSUE_OR_PR
pkg-pr-new[bot],edison1105,COMMENT_ON_ISSUE_OR_PR
github-actions[bot],edison1105,COMMENT_ON_ISSUE_OR_PR
coderabbitai[bot],edison1105,COMMENT_ON_ISSUE_OR_PR
github-actions[bot],edison1105,COMMENT_ON_ISSUE_OR_PR
github-actions[bot],edison1105,COMMENT_ON_ISSUE_OR_PR
coderabbitai[bot],edison1105,COMMENT_ON_ISSUE_OR_PR
pkg-pr-new[bot],edison1105,COMMENT_ON_ISSUE_OR_PR
github-actions[bot],edison1105,COMMENT_ON_ISSUE_OR_PR
coderabbitai[bot],7inspire,COMMENT_ON_ISSUE_OR_PR
coderabbitai[bot],edison1105,COMMENT_ON_ISSUE_OR_PR
pkg-pr-new[bot],edison1105,COMMENT_ON_ISSUE_OR_PR
github-actions[bot],edison1105,COMMENT_ON_ISSUE_OR_PR
coderabbitai[bot],edison1105,COMMENT_ON_ISSUE_OR_PR
pkg-pr-new[bot],edison1105,COMMENT_ON_ISSUE_OR_PR
github-actions[bot],edison1105,COMMENT_ON_ISSUE_OR_PR
coderabbitai[bot],edison1105,COMMENT_ON_ISSUE_OR_PR
pkg-pr-new[bot],edison1105,COMMENT_ON_ISSUE_OR_PR
github-actions[bot],edison1105,COMMENT_ON_ISSUE_OR_PR
coderabbitai[bot],edison1105,COMMENT_ON_ISSUE_OR_PR
pkg-pr-new[bot],edison1105,COMMENT_ON_ISSUE_OR_PR
github-actions[bot],edison1105,COMMENT_ON_ISSUE_OR_PR
coderabbitai[bot],edison1105,COMMENT_ON_ISSUE_OR_PR
pkg-pr-new[bot],edison1105,COMMENT_ON_ISSUE_OR_PR
github-actions[bot],edison1105,COMMENT_ON_ISSUE_OR_PR
coderabbitai[bot],edison1105,COMMENT_ON_ISSUE_OR_PR
pkg-pr-new[bot],edison1105,COMMENT_ON_ISSUE_OR_PR
github-actions[bot],edison1105,COMMENT_ON_ISSUE_OR_PR
coderabbitai[bot],edison1105,COMMENT_ON_ISSUE_OR_PR
pkg-pr-new[bot],edison1105,COMMENT_ON_ISSUE_OR_PR
github-actions[bot],edison1105,COMMENT_ON_ISSUE_OR_PR
coderabbitai[bot],edison1105,COMMENT_ON_ISSUE_OR_PR
pkg-pr-new[bot],edison1105,COMMENT_ON_ISSUE_OR_PR
github-actions[bot],edison1105,COMMENT_ON_ISSUE_OR_PR
coderabbitai[bot],jackma9604,COMMENT_ON_ISSUE_OR_PR
pkg-pr-new[bot],jackma9604,COMMENT_ON_ISSUE_OR_PR
github-actions[bot],jackma9604,COMMENT_ON_ISSUE_OR_PR
edison1105,jackma9604,PR_MERGE
coderabbitai[bot],edison1105,COMMENT_ON_ISSUE_OR_PR
pkg-pr-new[bot],edison1105,COMMENT_ON_ISSUE_OR_PR
github-actions[bot],edison1105,COMMENT_ON_ISSUE_OR_PR
coderabbitai[bot],edison1105,COMMENT_ON_ISSUE_OR_PR
pkg-pr-new[bot],edison1105,COMMENT_ON_ISSUE_OR_PR
github-actions[bot],edison1105,COMMENT_ON_ISSUE_OR_PR
github-actions[bot],coderabbitai[bot],COMMENT_ON_ISSUE_OR_PR
pkg-pr-new[bot],coderabbitai[bot],COMMENT_ON_ISSUE_OR_PR
coderabbitai[bot],edison1105,COMMENT_ON_ISSUE_OR_PR
pkg-pr-new[bot],edison1105,COMMENT_ON_ISSUE_OR_PR
github-actions[bot],edison1105,COMMENT_ON_ISSUE_OR_PR
coderabbitai[bot],edison1105,COMMENT_ON_ISSUE_OR_PR
coderabbitai[bot],edison1105,COMMENT_ON_ISSUE_OR_PR
coderabbitai[bot],edison1105,COMMENT_ON_ISSUE_OR_PR
pkg-pr-new[bot],edison1105,COMMENT_ON_ISSUE_OR_PR
github-actions[bot],edison1105,COMMENT_ON_ISSUE_OR_PR
coderabbitai[bot],edison1105,COMMENT_ON_ISSUE_OR_PR
pkg-pr-new[bot],edison1105,COMMENT_ON_ISSUE_OR_PR
github-actions[bot],edison1105,COMMENT_ON_ISSUE_OR_PR
coderabbitai[bot],edison1105,COMMENT_ON_ISSUE_OR_PR
pkg-pr-new[bot],edison1105,COMMENT_ON_ISSUE_OR_PR
github-actions[bot],edison1105,COMMENT_ON_ISSUE_OR_PR
coderabbitai[bot],edison1105,COMMENT_ON_ISSUE_OR_PR
pkg-pr-new[bot],edison1105,COMMENT_ON_ISSUE_OR_PR
github-actions[bot],edison1105,COMMENT_ON_ISSUE_OR_PR
github-actions[bot],renovate[bot],COMMENT_ON_ISSUE_OR_PR
pkg-pr-new[bot],renovate[bot],COMMENT_ON_ISSUE_OR_PR
edison1105,renovate[bot],PR_MERGE
github-actions[bot],renovate[bot],COMMENT_ON_ISSUE_OR_PR
pkg-pr-new[bot],renovate[bot],COMMENT_ON_ISSUE_OR_PR
edison1105,renovate[bot],PR_MERGE
github-actions[bot],renovate[bot],COMMENT_ON_ISSUE_OR_PR
pkg-pr-new[bot],renovate[bot],COMMENT_ON_ISSUE_OR_PR
edison1105,renovate[bot],PR_MERGE
github-actions[bot],renovate[bot],COMMENT_ON_ISSUE_OR_PR
pkg-pr-new[bot],renovate[bot],COMMENT_ON_ISSUE_OR_PR
edison1105,renovate[bot],PR_MERGE
coderabbitai[bot],jackma9604,COMMENT_ON_ISSUE_OR_PR
pkg-pr-new[bot],jackma9604,COMMENT_ON_ISSUE_OR_PR
github-actions[bot],jackma9604,COMMENT_ON_ISSUE_OR_PR
edison1105,jackma9604,PR_REVIEW_OR_APPROVAL
edison1105,jackma9604,PR_REVIEW_OR_APPROVAL
coderabbitai[bot],jackma9604,PR_REVIEW_OR_APPROVAL
edison1105,jackma9604,PR_MERGE
pkg-pr-new[bot],renovate[bot],COMMENT_ON_ISSUE_OR_PR
github-actions[bot],renovate[bot],COMMENT_ON_ISSUE_OR_PR
edison1105,renovate[bot],PR_MERGE
coderabbitai[bot],Mini-ghost,COMMENT_ON_ISSUE_OR_PR
github-actions[bot],Mini-ghost,COMMENT_ON_ISSUE_OR_PR
pkg-pr-new[bot],Mini-ghost,COMMENT_ON_ISSUE_OR_PR
edison1105,Mini-ghost,COMMENT_ON_ISSUE_OR_PR
coderabbitai[bot],Mini-ghost,PR_REVIEW_OR_APPROVAL
coderabbitai[bot],edison1105,COMMENT_ON_ISSUE_OR_PR
github-actions[bot],edison1105,COMMENT_ON_ISSUE_OR_PR
pkg-pr-new[bot],edison1105,COMMENT_ON_ISSUE_OR_PR
vue-bot,edison1105,COMMENT_ON_ISSUE_OR_PR
coderabbitai[bot],edison1105,COMMENT_ON_ISSUE_OR_PR
github-actions[bot],edison1105,COMMENT_ON_ISSUE_OR_PR
pkg-pr-new[bot],edison1105,COMMENT_ON_ISSUE_OR_PR
ZacharyBear,edison1105,COMMENT_ON_ISSUE_OR_PR
vue-bot,edison1105,COMMENT_ON_ISSUE_OR_PR
coderabbitai[bot],edison1105,PR_REVIEW_OR_APPROVAL
coderabbitai[bot],edison1105,PR_REVIEW_OR_APPROVAL
coderabbitai[bot],edison1105,COMMENT_ON_ISSUE_OR_PR
pkg-pr-new[bot],edison1105,COMMENT_ON_ISSUE_OR_PR
github-actions[bot],edison1105,COMMENT_ON_ISSUE_OR_PR
coderabbitai[bot],edison1105,COMMENT_ON_ISSUE_OR_PR
pkg-pr-new[bot],edison1105,COMMENT_ON_ISSUE_OR_PR
github-actions[bot],edison1105,COMMENT_ON_ISSUE_OR_PR
coderabbitai[bot],edison1105,COMMENT_ON_ISSUE_OR_PR
pkg-pr-new[bot],edison1105,COMMENT_ON_ISSUE_OR_PR
github-actions[bot],edison1105,COMMENT_ON_ISSUE_OR_PR
coderabbitai[bot],edison1105,COMMENT_ON_ISSUE_OR_PR
pkg-pr-new[bot],edison1105,COMMENT_ON_ISSUE_OR_PR
github-actions[bot],edison1105,COMMENT_ON_ISSUE_OR_PR
coderabbitai[bot],edison1105,COMMENT_ON_ISSUE_OR_PR
github-actions[bot],edison1105,COMMENT_ON_ISSUE_OR_PR
pkg-pr-new[bot],edison1105,COMMENT_ON_ISSUE_OR_PR
coderabbitai[bot],edison1105,PR_REVIEW_OR_APPROVAL
coderabbitai[bot],edison1105,PR_REVIEW_OR_APPROVAL
coderabbitai[bot],edison1105,COMMENT_ON_ISSUE_OR_PR
pkg-pr-new[bot],edison1105,COMMENT_ON_ISSUE_OR_PR
github-actions[bot],edison1105,COMMENT_ON_ISSUE_OR_PR
coderabbitai[bot],edison1105,PR_REVIEW_OR_APPROVAL
coderabbitai[bot],edison1105,PR_REVIEW_OR_APPROVAL
coderabbitai[bot],edison1105,PR_REVIEW_OR_APPROVAL
coderabbitai[bot],edison1105,PR_REVIEW_OR_APPROVAL
coderabbitai[bot],edison1105,PR_REVIEW_OR_APPROVAL
coderabbitai[bot],edison1105,COMMENT_ON_ISSUE_OR_PR
pkg-pr-new[bot],edison1105,COMMENT_ON_ISSUE_OR_PR
github-actions[bot],edison1105,COMMENT_ON_ISSUE_OR_PR
coderabbitai[bot],oodavid,COMMENT_ON_ISSUE_OR_PR
github-actions[bot],oodavid,COMMENT_ON_ISSUE_OR_PR
pkg-pr-new[bot],oodavid,COMMENT_ON_ISSUE_OR_PR
edison1105,oodavid,COMMENT_ON_ISSUE_OR_PR
edison1105,oodavid,PR_MERGE
coderabbitai[bot],edison1105,COMMENT_ON_ISSUE_OR_PR
pkg-pr-new[bot],edison1105,COMMENT_ON_ISSUE_OR_PR
github-actions[bot],edison1105,COMMENT_ON_ISSUE_OR_PR
coderabbitai[bot],edison1105,COMMENT_ON_ISSUE_OR_PR
pkg-pr-new[bot],edison1105,COMMENT_ON_ISSUE_OR_PR
github-actions[bot],edison1105,COMMENT_ON_ISSUE_OR_PR
coderabbitai[bot],edison1105,COMMENT_ON_ISSUE_OR_PR
github-actions[bot],edison1105,COMMENT_ON_ISSUE_OR_PR
pkg-pr-new[bot],edison1105,COMMENT_ON_ISSUE_OR_PR
coderabbitai[bot],edison1105,PR_REVIEW_OR_APPROVAL
coderabbitai[bot],edison1105,COMMENT_ON_ISSUE_OR_PR
pkg-pr-new[bot],edison1105,COMMENT_ON_ISSUE_OR_PR
github-actions[bot],edison1105,COMMENT_ON_ISSUE_OR_PR
coderabbitai[bot],edison1105,PR_REVIEW_OR_APPROVAL
coderabbitai[bot],edison1105,PR_REVIEW_OR_APPROVAL
coderabbitai[bot],edison1105,PR_REVIEW_OR_APPROVAL
coderabbitai[bot],edison1105,PR_REVIEW_OR_APPROVAL
coderabbitai[bot],jackma9604,COMMENT_ON_ISSUE_OR_PR
pkg-pr-new[bot],jackma9604,COMMENT_ON_ISSUE_OR_PR
github-actions[bot],jackma9604,COMMENT_ON_ISSUE_OR_PR
edison1105,jackma9604,PR_MERGE
coderabbitai[bot],edison1105,COMMENT_ON_ISSUE_OR_PR
pkg-pr-new[bot],edison1105,COMMENT_ON_ISSUE_OR_PR
github-actions[bot],edison1105,COMMENT_ON_ISSUE_OR_PR
coderabbitai[bot],edison1105,COMMENT_ON_ISSUE_OR_PR
github-actions[bot],edison1105,COMMENT_ON_ISSUE_OR_PR
pkg-pr-new[bot],edison1105,COMMENT_ON_ISSUE_OR_PR
coderabbitai[bot],edison1105,PR_REVIEW_OR_APPROVAL
coderabbitai[bot],edison1105,PR_REVIEW_OR_APPROVAL
coderabbitai[bot],edison1105,PR_REVIEW_OR_APPROVAL
coderabbitai[bot],WindAndDream,COMMENT_ON_ISSUE_OR_PR
coderabbitai[bot],Liknox,COMMENT_ON_ISSUE_OR_PR
edison1105,Liknox,COMMENT_ON_ISSUE_OR_PR
coderabbitai[bot],Liknox,PR_REVIEW_OR_APPROVAL
pkg-pr-new[bot],renovate[bot],COMMENT_ON_ISSUE_OR_PR
github-actions[bot],renovate[bot],COMMENT_ON_ISSUE_OR_PR
edison1105,renovate[bot],PR_MERGE
pkg-pr-new[bot],renovate[bot],COMMENT_ON_ISSUE_OR_PR
github-actions[bot],renovate[bot],COMMENT_ON_ISSUE_OR_PR
edison1105,renovate[bot],PR_MERGE
skirtles-code,poria-lang,COMMENT_ON_ISSUE_OR_PR
github-actions[bot],renovate[bot],COMMENT_ON_ISSUE_OR_PR
pkg-pr-new[bot],renovate[bot],COMMENT_ON_ISSUE_OR_PR
edison1105,renovate[bot],PR_MERGE
coderabbitai[bot],apoorvdarshan,COMMENT_ON_ISSUE_OR_PR
github-actions[bot],apoorvdarshan,COMMENT_ON_ISSUE_OR_PR
pkg-pr-new[bot],apoorvdarshan,COMMENT_ON_ISSUE_OR_PR
edison1105,apoorvdarshan,COMMENT_ON_ISSUE_OR_PR
vue-bot,apoorvdarshan,COMMENT_ON_ISSUE_OR_PR
coderabbitai[bot],apoorvdarshan,PR_REVIEW_OR_APPROVAL
coderabbitai[bot],apoorvdarshan,PR_REVIEW_OR_APPROVAL
coderabbitai[bot],ialiaslani,COMMENT_ON_ISSUE_OR_PR
github-actions[bot],ialiaslani,COMMENT_ON_ISSUE_OR_PR
pkg-pr-new[bot],ialiaslani,COMMENT_ON_ISSUE_OR_PR
edison1105,ialiaslani,COMMENT_ON_ISSUE_OR_PR
vue-bot,ialiaslani,COMMENT_ON_ISSUE_OR_PR
coderabbitai[bot],ialiaslani,PR_REVIEW_OR_APPROVAL
edison1105,ialiaslani,PR_REVIEW_OR_APPROVAL
jods4,ialiaslani,PR_REVIEW_OR_APPROVAL
coderabbitai[bot],MoatazElsayad,COMMENT_ON_ISSUE_OR_PR
coderabbitai[bot],MoatazElsayad,PR_REVIEW_OR_APPROVAL
pkg-pr-new[bot],renovate[bot],COMMENT_ON_ISSUE_OR_PR
github-actions[bot],renovate[bot],COMMENT_ON_ISSUE_OR_PR
edison1105,renovate[bot],PR_MERGE
github-actions[bot],renovate[bot],COMMENT_ON_ISSUE_OR_PR
pkg-pr-new[bot],renovate[bot],COMMENT_ON_ISSUE_OR_PR
edison1105,renovate[bot],PR_MERGE
KazariEX,MisterIsaak,PR_REVIEW_OR_APPROVAL
edison1105,MisterIsaak,PR_MERGE
coderabbitai[bot],andreww2012,COMMENT_ON_ISSUE_OR_PR
coderabbitai[bot],andreww2012,PR_REVIEW_OR_APPROVAL
coderabbitai[bot],andreww2012,PR_REVIEW_OR_APPROVAL
coderabbitai[bot],edison1105,COMMENT_ON_ISSUE_OR_PR
pkg-pr-new[bot],edison1105,COMMENT_ON_ISSUE_OR_PR
github-actions[bot],edison1105,COMMENT_ON_ISSUE_OR_PR
Smrtnyk,edison1105,PR_REVIEW_OR_APPROVAL
coderabbitai[bot],edison1105,PR_REVIEW_OR_APPROVAL
coderabbitai[bot],edison1105,PR_REVIEW_OR_APPROVAL
coderabbitai[bot],edison1105,PR_REVIEW_OR_APPROVAL
coderabbitai[bot],jackma9604,COMMENT_ON_ISSUE_OR_PR
pkg-pr-new[bot],jackma9604,COMMENT_ON_ISSUE_OR_PR
github-actions[bot],jackma9604,COMMENT_ON_ISSUE_OR_PR
edison1105,jackma9604,PR_MERGE
coderabbitai[bot],edison1105,COMMENT_ON_ISSUE_OR_PR
github-actions[bot],edison1105,COMMENT_ON_ISSUE_OR_PR
pkg-pr-new[bot],edison1105,COMMENT_ON_ISSUE_OR_PR
vue-bot,edison1105,COMMENT_ON_ISSUE_OR_PR
SebbeJohansson,edison1105,COMMENT_ON_ISSUE_OR_PR
pkg-pr-new[bot],edison1105,COMMENT_ON_ISSUE_OR_PR
github-actions[bot],edison1105,COMMENT_ON_ISSUE_OR_PR
coderabbitai[bot],Mini-ghost,COMMENT_ON_ISSUE_OR_PR
github-actions[bot],Mini-ghost,COMMENT_ON_ISSUE_OR_PR
pkg-pr-new[bot],Mini-ghost,COMMENT_ON_ISSUE_OR_PR
edison1105,Mini-ghost,COMMENT_ON_ISSUE_OR_PR
vue-bot,Mini-ghost,COMMENT_ON_ISSUE_OR_PR
coderabbitai[bot],Mini-ghost,PR_REVIEW_OR_APPROVAL
edison1105,Mini-ghost,PR_REVIEW_OR_APPROVAL
edison1105,Mini-ghost,PR_REVIEW_OR_APPROVAL
edison1105,Mini-ghost,PR_MERGE
coderabbitai[bot],edison1105,COMMENT_ON_ISSUE_OR_PR
pkg-pr-new[bot],edison1105,COMMENT_ON_ISSUE_OR_PR
github-actions[bot],edison1105,COMMENT_ON_ISSUE_OR_PR
coderabbitai[bot],ZacharyBear,COMMENT_ON_ISSUE_OR_PR
github-actions[bot],ZacharyBear,COMMENT_ON_ISSUE_OR_PR
pkg-pr-new[bot],ZacharyBear,COMMENT_ON_ISSUE_OR_PR
edison1105,ZacharyBear,COMMENT_ON_ISSUE_OR_PR
edison1105,ZacharyBear,COMMENT_ON_ISSUE_OR_PR
edison1105,ZacharyBear,COMMENT_ON_ISSUE_OR_PR
vue-bot,ZacharyBear,COMMENT_ON_ISSUE_OR_PR
coderabbitai[bot],ZacharyBear,PR_REVIEW_OR_APPROVAL
jacekkarczmarczyk,ZacharyBear,PR_REVIEW_OR_APPROVAL
jacekkarczmarczyk,ZacharyBear,PR_REVIEW_OR_APPROVAL
coderabbitai[bot],ZacharyBear,PR_REVIEW_OR_APPROVAL
coderabbitai[bot],ZacharyBear,PR_REVIEW_OR_APPROVAL
edison1105,ZacharyBear,PR_MERGE
coderabbitai[bot],edison1105,COMMENT_ON_ISSUE_OR_PR
pkg-pr-new[bot],edison1105,COMMENT_ON_ISSUE_OR_PR
github-actions[bot],edison1105,COMMENT_ON_ISSUE_OR_PR
coderabbitai[bot],edison1105,COMMENT_ON_ISSUE_OR_PR
github-actions[bot],edison1105,COMMENT_ON_ISSUE_OR_PR
pkg-pr-new[bot],edison1105,COMMENT_ON_ISSUE_OR_PR
vue-bot,edison1105,COMMENT_ON_ISSUE_OR_PR
coderabbitai[bot],jackma9604,COMMENT_ON_ISSUE_OR_PR
pkg-pr-new[bot],jackma9604,COMMENT_ON_ISSUE_OR_PR
github-actions[bot],jackma9604,COMMENT_ON_ISSUE_OR_PR
edison1105,jackma9604,PR_REVIEW_OR_APPROVAL
edison1105,jackma9604,PR_REVIEW_OR_APPROVAL
edison1105,jackma9604,PR_REVIEW_OR_APPROVAL
edison1105,jackma9604,PR_MERGE
coderabbitai[bot],him2him2,COMMENT_ON_ISSUE_OR_PR
edison1105,him2him2,PR_MERGE
netlify[bot],Fronut,COMMENT_ON_ISSUE_OR_PR
coderabbitai[bot],Fronut,COMMENT_ON_ISSUE_OR_PR
netlify[bot],Fronut,COMMENT_ON_ISSUE_OR_PR
edison1105,Fronut,COMMENT_ON_ISSUE_OR_PR
github-actions[bot],renovate[bot],COMMENT_ON_ISSUE_OR_PR
pkg-pr-new[bot],renovate[bot],COMMENT_ON_ISSUE_OR_PR
edison1105,renovate[bot],PR_MERGE
pkg-pr-new[bot],renovate[bot],COMMENT_ON_ISSUE_OR_PR
github-actions[bot],renovate[bot],COMMENT_ON_ISSUE_OR_PR
edison1105,renovate[bot],PR_MERGE
coderabbitai[bot],edison1105,COMMENT_ON_ISSUE_OR_PR
github-actions[bot],edison1105,COMMENT_ON_ISSUE_OR_PR
pkg-pr-new[bot],edison1105,COMMENT_ON_ISSUE_OR_PR
coderabbitai[bot],edison1105,PR_REVIEW_OR_APPROVAL
github-actions[bot],renovate[bot],COMMENT_ON_ISSUE_OR_PR
pkg-pr-new[bot],renovate[bot],COMMENT_ON_ISSUE_OR_PR
edison1105,renovate[bot],PR_MERGE
pkg-pr-new[bot],renovate[bot],COMMENT_ON_ISSUE_OR_PR
github-actions[bot],renovate[bot],COMMENT_ON_ISSUE_OR_PR
edison1105,renovate[bot],PR_MERGE
coderabbitai[bot],edison1105,COMMENT_ON_ISSUE_OR_PR
pkg-pr-new[bot],edison1105,COMMENT_ON_ISSUE_OR_PR
github-actions[bot],edison1105,COMMENT_ON_ISSUE_OR_PR
coderabbitai[bot],zhiyuanzmj,COMMENT_ON_ISSUE_OR_PR
pkg-pr-new[bot],zhiyuanzmj,COMMENT_ON_ISSUE_OR_PR
github-actions[bot],zhiyuanzmj,COMMENT_ON_ISSUE_OR_PR
copilot-pull-request-reviewer[bot],zhiyuanzmj,PR_REVIEW_OR_APPROVAL
edison1105,zhiyuanzmj,PR_MERGE
coderabbitai[bot],E66Crisp,COMMENT_ON_ISSUE_OR_PR
edison1105,E66Crisp,PR_MERGE
coderabbitai[bot],edison1105,COMMENT_ON_ISSUE_OR_PR
github-actions[bot],edison1105,COMMENT_ON_ISSUE_OR_PR
pkg-pr-new[bot],edison1105,COMMENT_ON_ISSUE_OR_PR
vue-bot,edison1105,COMMENT_ON_ISSUE_OR_PR
coderabbitai[bot],zhiyuanzmj,COMMENT_ON_ISSUE_OR_PR
pkg-pr-new[bot],zhiyuanzmj,COMMENT_ON_ISSUE_OR_PR
github-actions[bot],zhiyuanzmj,COMMENT_ON_ISSUE_OR_PR
copilot-pull-request-reviewer[bot],zhiyuanzmj,PR_REVIEW_OR_APPROVAL
coderabbitai[bot],edison1105,COMMENT_ON_ISSUE_OR_PR
github-actions[bot],edison1105,COMMENT_ON_ISSUE_OR_PR
pkg-pr-new[bot],edison1105,COMMENT_ON_ISSUE_OR_PR
vue-bot,edison1105,COMMENT_ON_ISSUE_OR_PR
coderabbitai[bot],edison1105,PR_REVIEW_OR_APPROVAL
coderabbitai[bot],edison1105,PR_REVIEW_OR_APPROVAL
coderabbitai[bot],Tomxuetao,COMMENT_ON_ISSUE_OR_PR
coderabbitai[bot],zhiyuanzmj,COMMENT_ON_ISSUE_OR_PR
pkg-pr-new[bot],zhiyuanzmj,COMMENT_ON_ISSUE_OR_PR
github-actions[bot],zhiyuanzmj,COMMENT_ON_ISSUE_OR_PR
copilot-pull-request-reviewer[bot],zhiyuanzmj,PR_REVIEW_OR_APPROVAL
coderabbitai[bot],zhiyuanzmj,PR_REVIEW_OR_APPROVAL
edison1105,zhiyuanzmj,PR_REVIEW_OR_APPROVAL
coderabbitai[bot],zhiyuanzmj,PR_REVIEW_OR_APPROVAL
edison1105,zhiyuanzmj,PR_MERGE
coderabbitai[bot],edison1105,COMMENT_ON_ISSUE_OR_PR
github-actions[bot],edison1105,COMMENT_ON_ISSUE_OR_PR
pkg-pr-new[bot],edison1105,COMMENT_ON_ISSUE_OR_PR
coderabbitai[bot],edison1105,COMMENT_ON_ISSUE_OR_PR
pkg-pr-new[bot],edison1105,COMMENT_ON_ISSUE_OR_PR
github-actions[bot],edison1105,COMMENT_ON_ISSUE_OR_PR
coderabbitai[bot],edison1105,PR_REVIEW_OR_APPROVAL
coderabbitai[bot],edison1105,COMMENT_ON_ISSUE_OR_PR
pkg-pr-new[bot],edison1105,COMMENT_ON_ISSUE_OR_PR
github-actions[bot],edison1105,COMMENT_ON_ISSUE_OR_PR
coderabbitai[bot],edison1105,COMMENT_ON_ISSUE_OR_PR
pkg-pr-new[bot],edison1105,COMMENT_ON_ISSUE_OR_PR
coderabbitai[bot],edison1105,COMMENT_ON_ISSUE_OR_PR
pkg-pr-new[bot],edison1105,COMMENT_ON_ISSUE_OR_PR
github-actions[bot],edison1105,COMMENT_ON_ISSUE_OR_PR
coderabbitai[bot],edison1105,PR_REVIEW_OR_APPROVAL
coderabbitai[bot],edison1105,COMMENT_ON_ISSUE_OR_PR
pkg-pr-new[bot],edison1105,COMMENT_ON_ISSUE_OR_PR
github-actions[bot],edison1105,COMMENT_ON_ISSUE_OR_PR
coderabbitai[bot],zhiyuanzmj,COMMENT_ON_ISSUE_OR_PR
pkg-pr-new[bot],zhiyuanzmj,COMMENT_ON_ISSUE_OR_PR
github-actions[bot],zhiyuanzmj,COMMENT_ON_ISSUE_OR_PR
copilot-pull-request-reviewer[bot],zhiyuanzmj,PR_REVIEW_OR_APPROVAL
edison1105,zhiyuanzmj,PR_MERGE
coderabbitai[bot],Gehbt,COMMENT_ON_ISSUE_OR_PR
edison1105,Gehbt,COMMENT_ON_ISSUE_OR_PR
github-actions[bot],Gehbt,COMMENT_ON_ISSUE_OR_PR
edison1105,Gehbt,COMMENT_ON_ISSUE_OR_PR
pkg-pr-new[bot],Gehbt,COMMENT_ON_ISSUE_OR_PR
edison1105,Gehbt,COMMENT_ON_ISSUE_OR_PR
vue-bot,Gehbt,COMMENT_ON_ISSUE_OR_PR
coderabbitai[bot],Gehbt,PR_REVIEW_OR_APPROVAL
edison1105,Gehbt,PR_MERGE
coderabbitai[bot],zhiyuanzmj,COMMENT_ON_ISSUE_OR_PR
pkg-pr-new[bot],zhiyuanzmj,COMMENT_ON_ISSUE_OR_PR
github-actions[bot],zhiyuanzmj,COMMENT_ON_ISSUE_OR_PR
copilot-pull-request-reviewer[bot],zhiyuanzmj,PR_REVIEW_OR_APPROVAL
edison1105,zhiyuanzmj,PR_MERGE
coderabbitai[bot],zhiyuanzmj,COMMENT_ON_ISSUE_OR_PR
pkg-pr-new[bot],zhiyuanzmj,COMMENT_ON_ISSUE_OR_PR
github-actions[bot],zhiyuanzmj,COMMENT_ON_ISSUE_OR_PR
copilot-pull-request-reviewer[bot],zhiyuanzmj,PR_REVIEW_OR_APPROVAL
edison1105,zhiyuanzmj,PR_MERGE
coderabbitai[bot],jackma9604,COMMENT_ON_ISSUE_OR_PR
pkg-pr-new[bot],jackma9604,COMMENT_ON_ISSUE_OR_PR
github-actions[bot],jackma9604,COMMENT_ON_ISSUE_OR_PR
edison1105,jackma9604,COMMENT_ON_ISSUE_OR_PR
edison1105,jackma9604,PR_MERGE
coderabbitai[bot],KazariEX,COMMENT_ON_ISSUE_OR_PR
github-actions[bot],KazariEX,COMMENT_ON_ISSUE_OR_PR
pkg-pr-new[bot],KazariEX,COMMENT_ON_ISSUE_OR_PR
edison1105,KazariEX,COMMENT_ON_ISSUE_OR_PR
vue-bot,KazariEX,COMMENT_ON_ISSUE_OR_PR
edison1105,KazariEX,PR_MERGE
coderabbitai[bot],edison1105,COMMENT_ON_ISSUE_OR_PR
github-actions[bot],edison1105,COMMENT_ON_ISSUE_OR_PR
pkg-pr-new[bot],edison1105,COMMENT_ON_ISSUE_OR_PR
coderabbitai[bot],renovate[bot],COMMENT_ON_ISSUE_OR_PR
github-actions[bot],renovate[bot],COMMENT_ON_ISSUE_OR_PR
pkg-pr-new[bot],renovate[bot],COMMENT_ON_ISSUE_OR_PR
edison1105,renovate[bot],PR_MERGE
coderabbitai[bot],renovate[bot],COMMENT_ON_ISSUE_OR_PR
github-actions[bot],renovate[bot],COMMENT_ON_ISSUE_OR_PR
pkg-pr-new[bot],renovate[bot],COMMENT_ON_ISSUE_OR_PR
edison1105,renovate[bot],PR_MERGE
coderabbitai[bot],edison1105,COMMENT_ON_ISSUE_OR_PR
pkg-pr-new[bot],edison1105,COMMENT_ON_ISSUE_OR_PR
github-actions[bot],edison1105,COMMENT_ON_ISSUE_OR_PR
coderabbitai[bot],renovate[bot],COMMENT_ON_ISSUE_OR_PR
github-actions[bot],renovate[bot],COMMENT_ON_ISSUE_OR_PR
pkg-pr-new[bot],renovate[bot],COMMENT_ON_ISSUE_OR_PR
edison1105,renovate[bot],PR_MERGE
coderabbitai[bot],renovate[bot],COMMENT_ON_ISSUE_OR_PR
github-actions[bot],renovate[bot],COMMENT_ON_ISSUE_OR_PR
pkg-pr-new[bot],renovate[bot],COMMENT_ON_ISSUE_OR_PR
edison1105,renovate[bot],PR_MERGE
coderabbitai[bot],edison1105,COMMENT_ON_ISSUE_OR_PR
pkg-pr-new[bot],edison1105,COMMENT_ON_ISSUE_OR_PR
github-actions[bot],edison1105,COMMENT_ON_ISSUE_OR_PR
coderabbitai[bot],edison1105,COMMENT_ON_ISSUE_OR_PR
pkg-pr-new[bot],edison1105,COMMENT_ON_ISSUE_OR_PR
github-actions[bot],edison1105,COMMENT_ON_ISSUE_OR_PR
coderabbitai[bot],edison1105,COMMENT_ON_ISSUE_OR_PR
coderabbitai[bot],edison1105,PR_REVIEW_OR_APPROVAL
coderabbitai[bot],edison1105,COMMENT_ON_ISSUE_OR_PR
github-actions[bot],edison1105,COMMENT_ON_ISSUE_OR_PR
pkg-pr-new[bot],edison1105,COMMENT_ON_ISSUE_OR_PR
coderabbitai[bot],edison1105,COMMENT_ON_ISSUE_OR_PR
pkg-pr-new[bot],edison1105,COMMENT_ON_ISSUE_OR_PR
github-actions[bot],edison1105,COMMENT_ON_ISSUE_OR_PR
coderabbitai[bot],edison1105,COMMENT_ON_ISSUE_OR_PR
pkg-pr-new[bot],edison1105,COMMENT_ON_ISSUE_OR_PR
github-actions[bot],edison1105,COMMENT_ON_ISSUE_OR_PR
coderabbitai[bot],edison1105,COMMENT_ON_ISSUE_OR_PR
coderabbitai[bot],serkodev,COMMENT_ON_ISSUE_OR_PR
github-actions[bot],serkodev,COMMENT_ON_ISSUE_OR_PR
pkg-pr-new[bot],serkodev,COMMENT_ON_ISSUE_OR_PR
edison1105,serkodev,COMMENT_ON_ISSUE_OR_PR
coderabbitai[bot],edison1105,COMMENT_ON_ISSUE_OR_PR
pkg-pr-new[bot],edison1105,COMMENT_ON_ISSUE_OR_PR
github-actions[bot],edison1105,COMMENT_ON_ISSUE_OR_PR
coderabbitai[bot],jackma9604,COMMENT_ON_ISSUE_OR_PR
github-actions[bot],jackma9604,COMMENT_ON_ISSUE_OR_PR
edison1105,jackma9604,COMMENT_ON_ISSUE_OR_PR
coderabbitai[bot],edison1105,COMMENT_ON_ISSUE_OR_PR
pkg-pr-new[bot],edison1105,COMMENT_ON_ISSUE_OR_PR
github-actions[bot],edison1105,COMMENT_ON_ISSUE_OR_PR
vue-bot,edison1105,COMMENT_ON_ISSUE_OR_PR
coderabbitai[bot],jackma9604,COMMENT_ON_ISSUE_OR_PR
github-actions[bot],jackma9604,COMMENT_ON_ISSUE_OR_PR
pkg-pr-new[bot],jackma9604,COMMENT_ON_ISSUE_OR_PR
edison1105,jackma9604,PR_MERGE
coderabbitai[bot],edison1105,COMMENT_ON_ISSUE_OR_PR
github-actions[bot],edison1105,COMMENT_ON_ISSUE_OR_PR
pkg-pr-new[bot],edison1105,COMMENT_ON_ISSUE_OR_PR
coderabbitai[bot],edison1105,COMMENT_ON_ISSUE_OR_PR
pkg-pr-new[bot],edison1105,COMMENT_ON_ISSUE_OR_PR
github-actions[bot],edison1105,COMMENT_ON_ISSUE_OR_PR
vue-bot,edison1105,COMMENT_ON_ISSUE_OR_PR
coderabbitai[bot],edison1105,PR_REVIEW_OR_APPROVAL
coderabbitai[bot],edison1105,COMMENT_ON_ISSUE_OR_PR
github-actions[bot],edison1105,COMMENT_ON_ISSUE_OR_PR
pkg-pr-new[bot],edison1105,COMMENT_ON_ISSUE_OR_PR
vue-bot,edison1105,COMMENT_ON_ISSUE_OR_PR
coderabbitai[bot],edison1105,PR_REVIEW_OR_APPROVAL
coderabbitai[bot],edison1105,COMMENT_ON_ISSUE_OR_PR
github-actions[bot],edison1105,COMMENT_ON_ISSUE_OR_PR
pkg-pr-new[bot],edison1105,COMMENT_ON_ISSUE_OR_PR
coderabbitai[bot],edison1105,COMMENT_ON_ISSUE_OR_PR
github-actions[bot],edison1105,COMMENT_ON_ISSUE_OR_PR
pkg-pr-new[bot],edison1105,COMMENT_ON_ISSUE_OR_PR
coderabbitai[bot],Gehbt,COMMENT_ON_ISSUE_OR_PR
coderabbitai[bot],jackma9604,COMMENT_ON_ISSUE_OR_PR
github-actions[bot],jackma9604,COMMENT_ON_ISSUE_OR_PR
pkg-pr-new[bot],jackma9604,COMMENT_ON_ISSUE_OR_PR
edison1105,jackma9604,COMMENT_ON_ISSUE_OR_PR
vue-bot,jackma9604,COMMENT_ON_ISSUE_OR_PR
edison1105,jackma9604,COMMENT_ON_ISSUE_OR_PR
edison1105,jackma9604,PR_MERGE
coderabbitai[bot],edison1105,COMMENT_ON_ISSUE_OR_PR
github-actions[bot],edison1105,COMMENT_ON_ISSUE_OR_PR
pkg-pr-new[bot],edison1105,COMMENT_ON_ISSUE_OR_PR
vue-bot,edison1105,COMMENT_ON_ISSUE_OR_PR
coderabbitai[bot],edison1105,PR_REVIEW_OR_APPROVAL
coderabbitai[bot],renovate[bot],COMMENT_ON_ISSUE_OR_PR
github-actions[bot],renovate[bot],COMMENT_ON_ISSUE_OR_PR
pkg-pr-new[bot],renovate[bot],COMMENT_ON_ISSUE_OR_PR
edison1105,renovate[bot],PR_MERGE
coderabbitai[bot],edison1105,COMMENT_ON_ISSUE_OR_PR
github-actions[bot],edison1105,COMMENT_ON_ISSUE_OR_PR
pkg-pr-new[bot],edison1105,COMMENT_ON_ISSUE_OR_PR
netlify[bot],edison1105,COMMENT_ON_ISSUE_OR_PR
netlify[bot],edison1105,COMMENT_ON_ISSUE_OR_PR
coderabbitai[bot],edison1105,COMMENT_ON_ISSUE_OR_PR
vue-bot,edison1105,COMMENT_ON_ISSUE_OR_PR
houfeng0923,edison1105,COMMENT_ON_ISSUE_OR_PR
coderabbitai[bot],edison1105,PR_REVIEW_OR_APPROVAL
coderabbitai[bot],edison1105,PR_REVIEW_OR_APPROVAL
coderabbitai[bot],edison1105,PR_REVIEW_OR_APPROVAL
coderabbitai[bot],edison1105,PR_REVIEW_OR_APPROVAL
coderabbitai[bot],edison1105,COMMENT_ON_ISSUE_OR_PR
github-actions[bot],edison1105,COMMENT_ON_ISSUE_OR_PR
pkg-pr-new[bot],edison1105,COMMENT_ON_ISSUE_OR_PR
coderabbitai[bot],Zakir176,COMMENT_ON_ISSUE_OR_PR
edison1105,Zakir176,PR_MERGE
coderabbitai[bot],edison1105,COMMENT_ON_ISSUE_OR_PR
github-actions[bot],edison1105,COMMENT_ON_ISSUE_OR_PR
pkg-pr-new[bot],edison1105,COMMENT_ON_ISSUE_OR_PR
coderabbitai[bot],edison1105,COMMENT_ON_ISSUE_OR_PR
coderabbitai[bot],edison1105,COMMENT_ON_ISSUE_OR_PR
coderabbitai[bot],edison1105,COMMENT_ON_ISSUE_OR_PR
github-actions[bot],edison1105,COMMENT_ON_ISSUE_OR_PR
pkg-pr-new[bot],edison1105,COMMENT_ON_ISSUE_OR_PR
coderabbitai[bot],edison1105,COMMENT_ON_ISSUE_OR_PR
pkg-pr-new[bot],edison1105,COMMENT_ON_ISSUE_OR_PR
github-actions[bot],edison1105,COMMENT_ON_ISSUE_OR_PR
coderabbitai[bot],edison1105,COMMENT_ON_ISSUE_OR_PR
github-actions[bot],edison1105,COMMENT_ON_ISSUE_OR_PR
pkg-pr-new[bot],edison1105,COMMENT_ON_ISSUE_OR_PR
vue-bot,edison1105,COMMENT_ON_ISSUE_OR_PR
skirtles-code,edison1105,COMMENT_ON_ISSUE_OR_PR
coderabbitai[bot],edison1105,COMMENT_ON_ISSUE_OR_PR
github-actions[bot],edison1105,COMMENT_ON_ISSUE_OR_PR
coderabbitai[bot],steel97,COMMENT_ON_ISSUE_OR_PR
github-actions[bot],steel97,COMMENT_ON_ISSUE_OR_PR
pkg-pr-new[bot],steel97,COMMENT_ON_ISSUE_OR_PR
edison1105,steel97,PR_MERGE
coderabbitai[bot],edison1105,COMMENT_ON_ISSUE_OR_PR
github-actions[bot],edison1105,COMMENT_ON_ISSUE_OR_PR
pkg-pr-new[bot],edison1105,COMMENT_ON_ISSUE_OR_PR
coderabbitai[bot],steel97,COMMENT_ON_ISSUE_OR_PR
github-actions[bot],steel97,COMMENT_ON_ISSUE_OR_PR
pkg-pr-new[bot],steel97,COMMENT_ON_ISSUE_OR_PR
edison1105,steel97,PR_REVIEW_OR_APPROVAL
edison1105,steel97,PR_REVIEW_OR_APPROVAL
edison1105,steel97,PR_REVIEW_OR_APPROVAL
edison1105,steel97,PR_MERGE
coderabbitai[bot],edison1105,COMMENT_ON_ISSUE_OR_PR
pkg-pr-new[bot],edison1105,COMMENT_ON_ISSUE_OR_PR
github-actions[bot],edison1105,COMMENT_ON_ISSUE_OR_PR
coderabbitai[bot],zhiyuanzmj,COMMENT_ON_ISSUE_OR_PR
github-actions[bot],zhiyuanzmj,COMMENT_ON_ISSUE_OR_PR
pkg-pr-new[bot],zhiyuanzmj,COMMENT_ON_ISSUE_OR_PR
copilot-pull-request-reviewer[bot],zhiyuanzmj,PR_REVIEW_OR_APPROVAL
edison1105,zhiyuanzmj,PR_MERGE
coderabbitai[bot],edison1105,COMMENT_ON_ISSUE_OR_PR
github-actions[bot],edison1105,COMMENT_ON_ISSUE_OR_PR
pkg-pr-new[bot],edison1105,COMMENT_ON_ISSUE_OR_PR
coderabbitai[bot],edison1105,COMMENT_ON_ISSUE_OR_PR
github-actions[bot],edison1105,COMMENT_ON_ISSUE_OR_PR
pkg-pr-new[bot],edison1105,COMMENT_ON_ISSUE_OR_PR
coderabbitai[bot],edison1105,COMMENT_ON_ISSUE_OR_PR
github-actions[bot],edison1105,COMMENT_ON_ISSUE_OR_PR
coderabbitai[bot],edison1105,COMMENT_ON_ISSUE_OR_PR
github-actions[bot],edison1105,COMMENT_ON_ISSUE_OR_PR
pkg-pr-new[bot],edison1105,COMMENT_ON_ISSUE_OR_PR
coderabbitai[bot],edison1105,COMMENT_ON_ISSUE_OR_PR
github-actions[bot],edison1105,COMMENT_ON_ISSUE_OR_PR
pkg-pr-new[bot],edison1105,COMMENT_ON_ISSUE_OR_PR
coderabbitai[bot],cexbrayat,COMMENT_ON_ISSUE_OR_PR
github-actions[bot],cexbrayat,COMMENT_ON_ISSUE_OR_PR
pkg-pr-new[bot],cexbrayat,COMMENT_ON_ISSUE_OR_PR
edison1105,cexbrayat,PR_MERGE
coderabbitai[bot],edison1105,COMMENT_ON_ISSUE_OR_PR
github-actions[bot],edison1105,COMMENT_ON_ISSUE_OR_PR
pkg-pr-new[bot],edison1105,COMMENT_ON_ISSUE_OR_PR
coderabbitai[bot],edison1105,COMMENT_ON_ISSUE_OR_PR
github-actions[bot],edison1105,COMMENT_ON_ISSUE_OR_PR
pkg-pr-new[bot],edison1105,COMMENT_ON_ISSUE_OR_PR
coderabbitai[bot],seekskyworld,COMMENT_ON_ISSUE_OR_PR
coderabbitai[bot],edison1105,COMMENT_ON_ISSUE_OR_PR
github-actions[bot],edison1105,COMMENT_ON_ISSUE_OR_PR
pkg-pr-new[bot],edison1105,COMMENT_ON_ISSUE_OR_PR
github-actions[bot],edison1105,COMMENT_ON_ISSUE_OR_PR
pkg-pr-new[bot],edison1105,COMMENT_ON_ISSUE_OR_PR
coderabbitai[bot],edison1105,COMMENT_ON_ISSUE_OR_PR
coderabbitai[bot],skirtles-code,COMMENT_ON_ISSUE_OR_PR
github-actions[bot],skirtles-code,COMMENT_ON_ISSUE_OR_PR
pkg-pr-new[bot],skirtles-code,COMMENT_ON_ISSUE_OR_PR
absidue,skirtles-code,COMMENT_ON_ISSUE_OR_PR
coderabbitai[bot],skirtles-code,PR_REVIEW_OR_APPROVAL
edison1105,skirtles-code,PR_MERGE
coderabbitai[bot],edison1105,COMMENT_ON_ISSUE_OR_PR
github-actions[bot],edison1105,COMMENT_ON_ISSUE_OR_PR
pkg-pr-new[bot],edison1105,COMMENT_ON_ISSUE_OR_PR
coderabbitai[bot],edison1105,COMMENT_ON_ISSUE_OR_PR
github-actions[bot],edison1105,COMMENT_ON_ISSUE_OR_PR
pkg-pr-new[bot],edison1105,COMMENT_ON_ISSUE_OR_PR
coderabbitai[bot],edison1105,COMMENT_ON_ISSUE_OR_PR
github-actions[bot],edison1105,COMMENT_ON_ISSUE_OR_PR
pkg-pr-new[bot],edison1105,COMMENT_ON_ISSUE_OR_PR
coderabbitai[bot],edison1105,COMMENT_ON_ISSUE_OR_PR
github-actions[bot],edison1105,COMMENT_ON_ISSUE_OR_PR
pkg-pr-new[bot],edison1105,COMMENT_ON_ISSUE_OR_PR
KazariEX,edison1105,COMMENT_ON_ISSUE_OR_PR
coderabbitai[bot],edison1105,PR_REVIEW_OR_APPROVAL
coderabbitai[bot],edison1105,PR_REVIEW_OR_APPROVAL
coderabbitai[bot],edison1105,PR_REVIEW_OR_APPROVAL
skirtles-code,edison1105,PR_REVIEW_OR_APPROVAL
KazariEX,edison1105,PR_REVIEW_OR_APPROVAL
coderabbitai[bot],SAURABHHAM44,COMMENT_ON_ISSUE_OR_PR
edison1105,SAURABHHAM44,COMMENT_ON_ISSUE_OR_PR
coderabbitai[bot],SAURABHHAM44,PR_REVIEW_OR_APPROVAL
coderabbitai[bot],edison1105,COMMENT_ON_ISSUE_OR_PR
github-actions[bot],edison1105,COMMENT_ON_ISSUE_OR_PR
pkg-pr-new[bot],edison1105,COMMENT_ON_ISSUE_OR_PR
coderabbitai[bot],edison1105,COMMENT_ON_ISSUE_OR_PR
github-actions[bot],edison1105,COMMENT_ON_ISSUE_OR_PR
pkg-pr-new[bot],edison1105,COMMENT_ON_ISSUE_OR_PR
coderabbitai[bot],edison1105,COMMENT_ON_ISSUE_OR_PR
github-actions[bot],edison1105,COMMENT_ON_ISSUE_OR_PR
pkg-pr-new[bot],edison1105,COMMENT_ON_ISSUE_OR_PR
coderabbitai[bot],edison1105,PR_REVIEW_OR_APPROVAL
coderabbitai[bot],edison1105,PR_REVIEW_OR_APPROVAL
coderabbitai[bot],edison1105,PR_REVIEW_OR_APPROVAL
github-actions[bot],edison1105,COMMENT_ON_ISSUE_OR_PR
pkg-pr-new[bot],edison1105,COMMENT_ON_ISSUE_OR_PR
coderabbitai[bot],edison1105,COMMENT_ON_ISSUE_OR_PR
coderabbitai[bot],ywenhao,COMMENT_ON_ISSUE_OR_PR
github-actions[bot],ywenhao,COMMENT_ON_ISSUE_OR_PR
pkg-pr-new[bot],ywenhao,COMMENT_ON_ISSUE_OR_PR
edison1105,ywenhao,PR_MERGE
coderabbitai[bot],baozjj,COMMENT_ON_ISSUE_OR_PR
github-actions[bot],baozjj,COMMENT_ON_ISSUE_OR_PR
pkg-pr-new[bot],baozjj,COMMENT_ON_ISSUE_OR_PR
edison1105,baozjj,PR_MERGE
coderabbitai[bot],edison1105,COMMENT_ON_ISSUE_OR_PR
github-actions[bot],edison1105,COMMENT_ON_ISSUE_OR_PR
pkg-pr-new[bot],edison1105,COMMENT_ON_ISSUE_OR_PR
coderabbitai[bot],rzzf,COMMENT_ON_ISSUE_OR_PR
github-actions[bot],rzzf,COMMENT_ON_ISSUE_OR_PR
pkg-pr-new[bot],rzzf,COMMENT_ON_ISSUE_OR_PR
coderabbitai[bot],edison1105,COMMENT_ON_ISSUE_OR_PR
github-actions[bot],edison1105,COMMENT_ON_ISSUE_OR_PR
pkg-pr-new[bot],edison1105,COMMENT_ON_ISSUE_OR_PR
coderabbitai[bot],jackma9604,COMMENT_ON_ISSUE_OR_PR
github-actions[bot],jackma9604,COMMENT_ON_ISSUE_OR_PR
pkg-pr-new[bot],jackma9604,COMMENT_ON_ISSUE_OR_PR
edison1105,jackma9604,COMMENT_ON_ISSUE_OR_PR
edison1105,jackma9604,COMMENT_ON_ISSUE_OR_PR
edison1105,jackma9604,PR_REVIEW_OR_APPROVAL
edison1105,jackma9604,PR_MERGE
coderabbitai[bot],edison1105,COMMENT_ON_ISSUE_OR_PR
github-actions[bot],edison1105,COMMENT_ON_ISSUE_OR_PR
pkg-pr-new[bot],edison1105,COMMENT_ON_ISSUE_OR_PR
coderabbitai[bot],renovate[bot],COMMENT_ON_ISSUE_OR_PR
github-actions[bot],renovate[bot],COMMENT_ON_ISSUE_OR_PR
pkg-pr-new[bot],renovate[bot],COMMENT_ON_ISSUE_OR_PR
edison1105,renovate[bot],PR_MERGE
coderabbitai[bot],edison1105,COMMENT_ON_ISSUE_OR_PR
pkg-pr-new[bot],edison1105,COMMENT_ON_ISSUE_OR_PR
github-actions[bot],edison1105,COMMENT_ON_ISSUE_OR_PR
coderabbitai[bot],renovate[bot],COMMENT_ON_ISSUE_OR_PR
pkg-pr-new[bot],renovate[bot],COMMENT_ON_ISSUE_OR_PR
github-actions[bot],renovate[bot],COMMENT_ON_ISSUE_OR_PR
edison1105,renovate[bot],PR_MERGE
coderabbitai[bot],renovate[bot],COMMENT_ON_ISSUE_OR_PR
pkg-pr-new[bot],renovate[bot],COMMENT_ON_ISSUE_OR_PR
github-actions[bot],renovate[bot],COMMENT_ON_ISSUE_OR_PR
edison1105,renovate[bot],PR_MERGE
coderabbitai[bot],danielroe,COMMENT_ON_ISSUE_OR_PR
github-actions[bot],danielroe,COMMENT_ON_ISSUE_OR_PR
pkg-pr-new[bot],danielroe,COMMENT_ON_ISSUE_OR_PR
edison1105,danielroe,COMMENT_ON_ISSUE_OR_PR
vue-bot,danielroe,COMMENT_ON_ISSUE_OR_PR
Allmgreater,danielroe,COMMENT_ON_ISSUE_OR_PR
coderabbitai[bot],danielroe,PR_REVIEW_OR_APPROVAL
edison1105,danielroe,PR_MERGE
coderabbitai[bot],edison1105,COMMENT_ON_ISSUE_OR_PR
github-actions[bot],edison1105,COMMENT_ON_ISSUE_OR_PR
pkg-pr-new[bot],edison1105,COMMENT_ON_ISSUE_OR_PR
coderabbitai[bot],kazupon,COMMENT_ON_ISSUE_OR_PR
github-actions[bot],kazupon,COMMENT_ON_ISSUE_OR_PR
pkg-pr-new[bot],kazupon,COMMENT_ON_ISSUE_OR_PR
edison1105,kazupon,PR_MERGE
coderabbitai[bot],edison1105,COMMENT_ON_ISSUE_OR_PR
github-actions[bot],edison1105,COMMENT_ON_ISSUE_OR_PR
pkg-pr-new[bot],edison1105,COMMENT_ON_ISSUE_OR_PR
coderabbitai[bot],edison1105,COMMENT_ON_ISSUE_OR_PR
github-actions[bot],edison1105,COMMENT_ON_ISSUE_OR_PR
pkg-pr-new[bot],edison1105,COMMENT_ON_ISSUE_OR_PR
coderabbitai[bot],Gianthard-cyh,COMMENT_ON_ISSUE_OR_PR
github-actions[bot],Gianthard-cyh,COMMENT_ON_ISSUE_OR_PR
pkg-pr-new[bot],Gianthard-cyh,COMMENT_ON_ISSUE_OR_PR
edison1105,Gianthard-cyh,COMMENT_ON_ISSUE_OR_PR
copilot-pull-request-reviewer[bot],Gianthard-cyh,PR_REVIEW_OR_APPROVAL
coderabbitai[bot],Gianthard-cyh,PR_REVIEW_OR_APPROVAL
copilot-pull-request-reviewer[bot],Gianthard-cyh,PR_REVIEW_OR_APPROVAL
KazariEX,Gianthard-cyh,PR_REVIEW_OR_APPROVAL
coderabbitai[bot],Gianthard-cyh,PR_REVIEW_OR_APPROVAL
edison1105,Gianthard-cyh,PR_MERGE
coderabbitai[bot],edison1105,COMMENT_ON_ISSUE_OR_PR
github-actions[bot],edison1105,COMMENT_ON_ISSUE_OR_PR
pkg-pr-new[bot],edison1105,COMMENT_ON_ISSUE_OR_PR
coderabbitai[bot],edison1105,PR_REVIEW_OR_APPROVAL
coderabbitai[bot],edison1105,COMMENT_ON_ISSUE_OR_PR
github-actions[bot],edison1105,COMMENT_ON_ISSUE_OR_PR
pkg-pr-new[bot],edison1105,COMMENT_ON_ISSUE_OR_PR
coderabbitai[bot],renovate[bot],COMMENT_ON_ISSUE_OR_PR
pkg-pr-new[bot],renovate[bot],COMMENT_ON_ISSUE_OR_PR
github-actions[bot],renovate[bot],COMMENT_ON_ISSUE_OR_PR
edison1105,renovate[bot],PR_MERGE
coderabbitai[bot],renovate[bot],COMMENT_ON_ISSUE_OR_PR
github-actions[bot],renovate[bot],COMMENT_ON_ISSUE_OR_PR
pkg-pr-new[bot],renovate[bot],COMMENT_ON_ISSUE_OR_PR
pkg-pr-new[bot],renovate[bot],COMMENT_ON_ISSUE_OR_PR
edison1105,renovate[bot],PR_MERGE
coderabbitai[bot],pauloappbr,COMMENT_ON_ISSUE_OR_PR
coderabbitai[bot],pauloappbr,PR_REVIEW_OR_APPROVAL
coderabbitai[bot],pauloappbr,PR_REVIEW_OR_APPROVAL
coderabbitai[bot],pauloappbr,PR_REVIEW_OR_APPROVAL
coderabbitai[bot],bcostaaa01,COMMENT_ON_ISSUE_OR_PR
edison1105,bcostaaa01,PR_MERGE
coderabbitai[bot],Sdju,COMMENT_ON_ISSUE_OR_PR
github-actions[bot],Sdju,COMMENT_ON_ISSUE_OR_PR
pkg-pr-new[bot],Sdju,COMMENT_ON_ISSUE_OR_PR
edison1105,Sdju,PR_MERGE
coderabbitai[bot],zhanghaifeng213,COMMENT_ON_ISSUE_OR_PR
coderabbitai[bot],zhanghaifeng213,PR_REVIEW_OR_APPROVAL
coderabbitai[bot],zhanghaifeng213,PR_REVIEW_OR_APPROVAL
coderabbitai[bot],edison1105,COMMENT_ON_ISSUE_OR_PR
pkg-pr-new[bot],edison1105,COMMENT_ON_ISSUE_OR_PR
github-actions[bot],edison1105,COMMENT_ON_ISSUE_OR_PR
coderabbitai[bot],bcostaaa01,COMMENT_ON_ISSUE_OR_PR
absidue,bcostaaa01,COMMENT_ON_ISSUE_OR_PR
coderabbitai[bot],bcostaaa01,PR_REVIEW_OR_APPROVAL
coderabbitai[bot],snowbitx,COMMENT_ON_ISSUE_OR_PR
edison1105,snowbitx,COMMENT_ON_ISSUE_OR_PR
coderabbitai[bot],edison1105,COMMENT_ON_ISSUE_OR_PR
github-actions[bot],edison1105,COMMENT_ON_ISSUE_OR_PR
pkg-pr-new[bot],edison1105,COMMENT_ON_ISSUE_OR_PR
coderabbitai[bot],KazariEX,COMMENT_ON_ISSUE_OR_PR
github-actions[bot],KazariEX,COMMENT_ON_ISSUE_OR_PR
pkg-pr-new[bot],KazariEX,COMMENT_ON_ISSUE_OR_PR
edison1105,KazariEX,PR_MERGE
coderabbitai[bot],edison1105,COMMENT_ON_ISSUE_OR_PR
github-actions[bot],edison1105,COMMENT_ON_ISSUE_OR_PR
pkg-pr-new[bot],edison1105,COMMENT_ON_ISSUE_OR_PR
copilot-pull-request-reviewer[bot],edison1105,PR_REVIEW_OR_APPROVAL
coderabbitai[bot],edison1105,COMMENT_ON_ISSUE_OR_PR
pkg-pr-new[bot],edison1105,COMMENT_ON_ISSUE_OR_PR
github-actions[bot],edison1105,COMMENT_ON_ISSUE_OR_PR
vue-bot,edison1105,COMMENT_ON_ISSUE_OR_PR
copilot-pull-request-reviewer[bot],edison1105,PR_REVIEW_OR_APPROVAL
coderabbitai[bot],edison1105,COMMENT_ON_ISSUE_OR_PR
github-actions[bot],edison1105,COMMENT_ON_ISSUE_OR_PR
pkg-pr-new[bot],edison1105,COMMENT_ON_ISSUE_OR_PR
copilot-pull-request-reviewer[bot],edison1105,PR_REVIEW_OR_APPROVAL
coderabbitai[bot],edison1105,COMMENT_ON_ISSUE_OR_PR
github-actions[bot],edison1105,COMMENT_ON_ISSUE_OR_PR
pkg-pr-new[bot],edison1105,COMMENT_ON_ISSUE_OR_PR
copilot-pull-request-reviewer[bot],edison1105,PR_REVIEW_OR_APPROVAL
Dunqing,edison1105,PR_REVIEW_OR_APPROVAL
Boshen,edison1105,PR_REVIEW_OR_APPROVAL
Dunqing,edison1105,PR_REVIEW_OR_APPROVAL
leaysgur,edison1105,PR_REVIEW_OR_APPROVAL
Dunqing,edison1105,PR_REVIEW_OR_APPROVAL
Dunqing,edison1105,PR_REVIEW_OR_APPROVAL
Dunqing,edison1105,PR_REVIEW_OR_APPROVAL
coderabbitai[bot],rzzf,COMMENT_ON_ISSUE_OR_PR
github-actions[bot],rzzf,COMMENT_ON_ISSUE_OR_PR
pkg-pr-new[bot],rzzf,COMMENT_ON_ISSUE_OR_PR
edison1105,rzzf,COMMENT_ON_ISSUE_OR_PR
vue-bot,rzzf,COMMENT_ON_ISSUE_OR_PR
mtorromeo,rzzf,COMMENT_ON_ISSUE_OR_PR
KazariEX,rzzf,PR_REVIEW_OR_APPROVAL
KazariEX,rzzf,PR_REVIEW_OR_APPROVAL
coderabbitai[bot],rzzf,PR_REVIEW_OR_APPROVAL
KazariEX,rzzf,PR_REVIEW_OR_APPROVAL
edison1105,rzzf,PR_MERGE
coderabbitai[bot],renovate[bot],COMMENT_ON_ISSUE_OR_PR
github-actions[bot],renovate[bot],COMMENT_ON_ISSUE_OR_PR
pkg-pr-new[bot],renovate[bot],COMMENT_ON_ISSUE_OR_PR
netlify[bot],renovate[bot],COMMENT_ON_ISSUE_OR_PR
netlify[bot],renovate[bot],COMMENT_ON_ISSUE_OR_PR
edison1105,renovate[bot],PR_MERGE
coderabbitai[bot],renovate[bot],COMMENT_ON_ISSUE_OR_PR
github-actions[bot],renovate[bot],COMMENT_ON_ISSUE_OR_PR
pkg-pr-new[bot],renovate[bot],COMMENT_ON_ISSUE_OR_PR
edison1105,renovate[bot],PR_MERGE
coderabbitai[bot],edison1105,COMMENT_ON_ISSUE_OR_PR
github-actions[bot],edison1105,COMMENT_ON_ISSUE_OR_PR
pkg-pr-new[bot],edison1105,COMMENT_ON_ISSUE_OR_PR
copilot-pull-request-reviewer[bot],edison1105,PR_REVIEW_OR_APPROVAL
coderabbitai[bot],renovate[bot],COMMENT_ON_ISSUE_OR_PR
pkg-pr-new[bot],renovate[bot],COMMENT_ON_ISSUE_OR_PR
github-actions[bot],renovate[bot],COMMENT_ON_ISSUE_OR_PR
edison1105,renovate[bot],PR_MERGE
coderabbitai[bot],renovate[bot],COMMENT_ON_ISSUE_OR_PR
pkg-pr-new[bot],renovate[bot],COMMENT_ON_ISSUE_OR_PR
github-actions[bot],renovate[bot],COMMENT_ON_ISSUE_OR_PR
edison1105,renovate[bot],PR_MERGE
coderabbitai[bot],OlTrenin,COMMENT_ON_ISSUE_OR_PR
edison1105,OlTrenin,COMMENT_ON_ISSUE_OR_PR
coderabbitai[bot],edison1105,COMMENT_ON_ISSUE_OR_PR
github-actions[bot],edison1105,COMMENT_ON_ISSUE_OR_PR
pkg-pr-new[bot],edison1105,COMMENT_ON_ISSUE_OR_PR
copilot-pull-request-reviewer[bot],edison1105,PR_REVIEW_OR_APPROVAL
coderabbitai[bot],edison1105,COMMENT_ON_ISSUE_OR_PR
github-actions[bot],edison1105,COMMENT_ON_ISSUE_OR_PR
pkg-pr-new[bot],edison1105,COMMENT_ON_ISSUE_OR_PR
copilot-pull-request-reviewer[bot],edison1105,PR_REVIEW_OR_APPROVAL
coderabbitai[bot],zhiyuanzmj,COMMENT_ON_ISSUE_OR_PR
github-actions[bot],zhiyuanzmj,COMMENT_ON_ISSUE_OR_PR
pkg-pr-new[bot],zhiyuanzmj,COMMENT_ON_ISSUE_OR_PR
edison1105,zhiyuanzmj,COMMENT_ON_ISSUE_OR_PR
vue-bot,zhiyuanzmj,COMMENT_ON_ISSUE_OR_PR
copilot-pull-request-reviewer[bot],zhiyuanzmj,PR_REVIEW_OR_APPROVAL
edison1105,zhiyuanzmj,PR_MERGE
coderabbitai[bot],skyfeiz,COMMENT_ON_ISSUE_OR_PR
github-actions[bot],skyfeiz,COMMENT_ON_ISSUE_OR_PR
pkg-pr-new[bot],skyfeiz,COMMENT_ON_ISSUE_OR_PR
edison1105,skyfeiz,COMMENT_ON_ISSUE_OR_PR
vue-bot,skyfeiz,COMMENT_ON_ISSUE_OR_PR
edison1105,skyfeiz,PR_MERGE
coderabbitai[bot],linzhe141,COMMENT_ON_ISSUE_OR_PR
github-actions[bot],linzhe141,COMMENT_ON_ISSUE_OR_PR
pkg-pr-new[bot],linzhe141,COMMENT_ON_ISSUE_OR_PR
edison1105,linzhe141,COMMENT_ON_ISSUE_OR_PR
vue-bot,linzhe141,COMMENT_ON_ISSUE_OR_PR
coderabbitai[bot],linzhe141,PR_REVIEW_OR_APPROVAL
coderabbitai[bot],linzhe141,PR_REVIEW_OR_APPROVAL
edison1105,linzhe141,PR_MERGE
coderabbitai[bot],edison1105,COMMENT_ON_ISSUE_OR_PR
github-actions[bot],edison1105,COMMENT_ON_ISSUE_OR_PR
pkg-pr-new[bot],edison1105,COMMENT_ON_ISSUE_OR_PR
copilot-pull-request-reviewer[bot],edison1105,PR_REVIEW_OR_APPROVAL
coderabbitai[bot],edison1105,COMMENT_ON_ISSUE_OR_PR
github-actions[bot],edison1105,COMMENT_ON_ISSUE_OR_PR
pkg-pr-new[bot],edison1105,COMMENT_ON_ISSUE_OR_PR
copilot-pull-request-reviewer[bot],edison1105,PR_REVIEW_OR_APPROVAL
coderabbitai[bot],edison1105,COMMENT_ON_ISSUE_OR_PR
github-actions[bot],edison1105,COMMENT_ON_ISSUE_OR_PR
pkg-pr-new[bot],edison1105,COMMENT_ON_ISSUE_OR_PR
vue-bot,edison1105,COMMENT_ON_ISSUE_OR_PR
coderabbitai[bot],edison1105,PR_REVIEW_OR_APPROVAL
copilot-pull-request-reviewer[bot],edison1105,PR_REVIEW_OR_APPROVAL
coderabbitai[bot],edison1105,PR_REVIEW_OR_APPROVAL
coderabbitai[bot],edison1105,COMMENT_ON_ISSUE_OR_PR
github-actions[bot],edison1105,COMMENT_ON_ISSUE_OR_PR
pkg-pr-new[bot],edison1105,COMMENT_ON_ISSUE_OR_PR
copilot-pull-request-reviewer[bot],edison1105,PR_REVIEW_OR_APPROVAL
coderabbitai[bot],huangxiuqi,COMMENT_ON_ISSUE_OR_PR
github-actions[bot],huangxiuqi,COMMENT_ON_ISSUE_OR_PR
pkg-pr-new[bot],huangxiuqi,COMMENT_ON_ISSUE_OR_PR
coderabbitai[bot],huangxiuqi,PR_REVIEW_OR_APPROVAL
edison1105,huangxiuqi,PR_MERGE
coderabbitai[bot],edison1105,COMMENT_ON_ISSUE_OR_PR
github-actions[bot],edison1105,COMMENT_ON_ISSUE_OR_PR
pkg-pr-new[bot],edison1105,COMMENT_ON_ISSUE_OR_PR
copilot-pull-request-reviewer[bot],edison1105,PR_REVIEW_OR_APPROVAL
coderabbitai[bot],edison1105,COMMENT_ON_ISSUE_OR_PR
github-actions[bot],edison1105,COMMENT_ON_ISSUE_OR_PR
pkg-pr-new[bot],edison1105,COMMENT_ON_ISSUE_OR_PR
copilot-pull-request-reviewer[bot],edison1105,PR_REVIEW_OR_APPROVAL
coderabbitai[bot],edison1105,COMMENT_ON_ISSUE_OR_PR
github-actions[bot],edison1105,COMMENT_ON_ISSUE_OR_PR
pkg-pr-new[bot],edison1105,COMMENT_ON_ISSUE_OR_PR
copilot-pull-request-reviewer[bot],edison1105,PR_REVIEW_OR_APPROVAL
coderabbitai[bot],edison1105,COMMENT_ON_ISSUE_OR_PR
github-actions[bot],edison1105,COMMENT_ON_ISSUE_OR_PR
pkg-pr-new[bot],edison1105,COMMENT_ON_ISSUE_OR_PR
copilot-pull-request-reviewer[bot],edison1105,PR_REVIEW_OR_APPROVAL
coderabbitai[bot],edison1105,COMMENT_ON_ISSUE_OR_PR
github-actions[bot],edison1105,COMMENT_ON_ISSUE_OR_PR
pkg-pr-new[bot],edison1105,COMMENT_ON_ISSUE_OR_PR
copilot-pull-request-reviewer[bot],edison1105,PR_REVIEW_OR_APPROVAL
coderabbitai[bot],edison1105,PR_REVIEW_OR_APPROVAL
coderabbitai[bot],edison1105,COMMENT_ON_ISSUE_OR_PR
pkg-pr-new[bot],edison1105,COMMENT_ON_ISSUE_OR_PR
github-actions[bot],edison1105,COMMENT_ON_ISSUE_OR_PR
copilot-pull-request-reviewer[bot],edison1105,PR_REVIEW_OR_APPROVAL
coderabbitai[bot],michaelcozzolino,COMMENT_ON_ISSUE_OR_PR
github-actions[bot],michaelcozzolino,COMMENT_ON_ISSUE_OR_PR
pkg-pr-new[bot],michaelcozzolino,COMMENT_ON_ISSUE_OR_PR
edison1105,michaelcozzolino,PR_MERGE
coderabbitai[bot],LordSalmon,COMMENT_ON_ISSUE_OR_PR
coderabbitai[bot],LordSalmon,COMMENT_ON_ISSUE_OR_PR
github-actions[bot],LordSalmon,COMMENT_ON_ISSUE_OR_PR
pkg-pr-new[bot],LordSalmon,COMMENT_ON_ISSUE_OR_PR
edison1105,LordSalmon,COMMENT_ON_ISSUE_OR_PR
edison1105,LordSalmon,COMMENT_ON_ISSUE_OR_PR
vue-bot,LordSalmon,COMMENT_ON_ISSUE_OR_PR
coderabbitai[bot],LordSalmon,PR_REVIEW_OR_APPROVAL
edison1105,LordSalmon,PR_MERGE
coderabbitai[bot],edison1105,COMMENT_ON_ISSUE_OR_PR
github-actions[bot],edison1105,COMMENT_ON_ISSUE_OR_PR
pkg-pr-new[bot],edison1105,COMMENT_ON_ISSUE_OR_PR
copilot-pull-request-reviewer[bot],edison1105,PR_REVIEW_OR_APPROVAL
coderabbitai[bot],edison1105,COMMENT_ON_ISSUE_OR_PR
github-actions[bot],edison1105,COMMENT_ON_ISSUE_OR_PR
copilot-pull-request-reviewer[bot],edison1105,PR_REVIEW_OR_APPROVAL
coderabbitai[bot],edison1105,COMMENT_ON_ISSUE_OR_PR
github-actions[bot],edison1105,COMMENT_ON_ISSUE_OR_PR
pkg-pr-new[bot],edison1105,COMMENT_ON_ISSUE_OR_PR
copilot-pull-request-reviewer[bot],edison1105,PR_REVIEW_OR_APPROVAL
coderabbitai[bot],micaiguai,COMMENT_ON_ISSUE_OR_PR
edison1105,micaiguai,COMMENT_ON_ISSUE_OR_PR
coderabbitai[bot],edison1105,COMMENT_ON_ISSUE_OR_PR
github-actions[bot],edison1105,COMMENT_ON_ISSUE_OR_PR
pkg-pr-new[bot],edison1105,COMMENT_ON_ISSUE_OR_PR
copilot-pull-request-reviewer[bot],edison1105,PR_REVIEW_OR_APPROVAL
coderabbitai[bot],linzhe141,COMMENT_ON_ISSUE_OR_PR
github-actions[bot],linzhe141,COMMENT_ON_ISSUE_OR_PR
pkg-pr-new[bot],linzhe141,COMMENT_ON_ISSUE_OR_PR
edison1105,linzhe141,PR_MERGE
coderabbitai[bot],edison1105,COMMENT_ON_ISSUE_OR_PR
github-actions[bot],edison1105,COMMENT_ON_ISSUE_OR_PR
pkg-pr-new[bot],edison1105,COMMENT_ON_ISSUE_OR_PR
vue-bot,edison1105,COMMENT_ON_ISSUE_OR_PR
coderabbitai[bot],edison1105,COMMENT_ON_ISSUE_OR_PR
github-actions[bot],edison1105,COMMENT_ON_ISSUE_OR_PR
pkg-pr-new[bot],edison1105,COMMENT_ON_ISSUE_OR_PR
copilot-pull-request-reviewer[bot],edison1105,PR_REVIEW_OR_APPROVAL
coderabbitai[bot],linzhe141,COMMENT_ON_ISSUE_OR_PR
github-actions[bot],linzhe141,COMMENT_ON_ISSUE_OR_PR
pkg-pr-new[bot],linzhe141,COMMENT_ON_ISSUE_OR_PR
edison1105,linzhe141,COMMENT_ON_ISSUE_OR_PR
vue-bot,linzhe141,COMMENT_ON_ISSUE_OR_PR
coderabbitai[bot],linzhe141,PR_REVIEW_OR_APPROVAL
Tofandel,linzhe141,PR_REVIEW_OR_APPROVAL
edison1105,linzhe141,PR_MERGE
coderabbitai[bot],zhiyuanzmj,COMMENT_ON_ISSUE_OR_PR
github-actions[bot],zhiyuanzmj,COMMENT_ON_ISSUE_OR_PR
pkg-pr-new[bot],zhiyuanzmj,COMMENT_ON_ISSUE_OR_PR
netlify[bot],zhiyuanzmj,COMMENT_ON_ISSUE_OR_PR
copilot-pull-request-reviewer[bot],zhiyuanzmj,PR_REVIEW_OR_APPROVAL
coderabbitai[bot],edison1105,COMMENT_ON_ISSUE_OR_PR
github-actions[bot],edison1105,COMMENT_ON_ISSUE_OR_PR
pkg-pr-new[bot],edison1105,COMMENT_ON_ISSUE_OR_PR
copilot-pull-request-reviewer[bot],edison1105,PR_REVIEW_OR_APPROVAL
coderabbitai[bot],rzzf,COMMENT_ON_ISSUE_OR_PR
github-actions[bot],rzzf,COMMENT_ON_ISSUE_OR_PR
pkg-pr-new[bot],rzzf,COMMENT_ON_ISSUE_OR_PR
edison1105,rzzf,PR_REVIEW_OR_APPROVAL
edison1105,rzzf,PR_REVIEW_OR_APPROVAL
coderabbitai[bot],rzzf,PR_REVIEW_OR_APPROVAL
edison1105,rzzf,PR_REVIEW_OR_APPROVAL
edison1105,rzzf,PR_REVIEW_OR_APPROVAL
coderabbitai[bot],edison1105,COMMENT_ON_ISSUE_OR_PR
github-actions[bot],edison1105,COMMENT_ON_ISSUE_OR_PR
pkg-pr-new[bot],edison1105,COMMENT_ON_ISSUE_OR_PR
copilot-pull-request-reviewer[bot],edison1105,PR_REVIEW_OR_APPROVAL
coderabbitai[bot],btea,COMMENT_ON_ISSUE_OR_PR
github-actions[bot],btea,COMMENT_ON_ISSUE_OR_PR
pkg-pr-new[bot],btea,COMMENT_ON_ISSUE_OR_PR
coderabbitai[bot],btea,PR_REVIEW_OR_APPROVAL
coderabbitai[bot],btea,PR_REVIEW_OR_APPROVAL
edison1105,btea,PR_MERGE
coderabbitai[bot],edison1105,COMMENT_ON_ISSUE_OR_PR
github-actions[bot],edison1105,COMMENT_ON_ISSUE_OR_PR
pkg-pr-new[bot],edison1105,COMMENT_ON_ISSUE_OR_PR
copilot-pull-request-reviewer[bot],edison1105,PR_REVIEW_OR_APPROVAL
coderabbitai[bot],edison1105,COMMENT_ON_ISSUE_OR_PR
github-actions[bot],edison1105,COMMENT_ON_ISSUE_OR_PR
pkg-pr-new[bot],edison1105,COMMENT_ON_ISSUE_OR_PR
copilot-pull-request-reviewer[bot],edison1105,PR_REVIEW_OR_APPROVAL
coderabbitai[bot],edison1105,COMMENT_ON_ISSUE_OR_PR
github-actions[bot],edison1105,COMMENT_ON_ISSUE_OR_PR
pkg-pr-new[bot],edison1105,COMMENT_ON_ISSUE_OR_PR
copilot-pull-request-reviewer[bot],edison1105,PR_REVIEW_OR_APPROVAL
coderabbitai[bot],edison1105,COMMENT_ON_ISSUE_OR_PR
github-actions[bot],edison1105,COMMENT_ON_ISSUE_OR_PR
pkg-pr-new[bot],edison1105,COMMENT_ON_ISSUE_OR_PR
copilot-pull-request-reviewer[bot],edison1105,PR_REVIEW_OR_APPROVAL
coderabbitai[bot],edison1105,COMMENT_ON_ISSUE_OR_PR
pkg-pr-new[bot],edison1105,COMMENT_ON_ISSUE_OR_PR
github-actions[bot],edison1105,COMMENT_ON_ISSUE_OR_PR
copilot-pull-request-reviewer[bot],edison1105,PR_REVIEW_OR_APPROVAL
coderabbitai[bot],edison1105,COMMENT_ON_ISSUE_OR_PR
github-actions[bot],edison1105,COMMENT_ON_ISSUE_OR_PR
pkg-pr-new[bot],edison1105,COMMENT_ON_ISSUE_OR_PR
copilot-pull-request-reviewer[bot],edison1105,PR_REVIEW_OR_APPROVAL
coderabbitai[bot],edison1105,COMMENT_ON_ISSUE_OR_PR
github-actions[bot],edison1105,COMMENT_ON_ISSUE_OR_PR
pkg-pr-new[bot],edison1105,COMMENT_ON_ISSUE_OR_PR
copilot-pull-request-reviewer[bot],edison1105,PR_REVIEW_OR_APPROVAL
copilot-pull-request-reviewer[bot],edison1105,PR_REVIEW_OR_APPROVAL
coderabbitai[bot],kTelyakov,COMMENT_ON_ISSUE_OR_PR
netlify[bot],kTelyakov,COMMENT_ON_ISSUE_OR_PR
netlify[bot],kTelyakov,COMMENT_ON_ISSUE_OR_PR
edison1105,kTelyakov,COMMENT_ON_ISSUE_OR_PR
github-actions[bot],kTelyakov,COMMENT_ON_ISSUE_OR_PR
pkg-pr-new[bot],kTelyakov,COMMENT_ON_ISSUE_OR_PR
edison1105,kTelyakov,COMMENT_ON_ISSUE_OR_PR
edison1105,kTelyakov,COMMENT_ON_ISSUE_OR_PR
vue-bot,kTelyakov,COMMENT_ON_ISSUE_OR_PR
coderabbitai[bot],kTelyakov,PR_REVIEW_OR_APPROVAL
edison1105,kTelyakov,PR_MERGE
coderabbitai[bot],edison1105,COMMENT_ON_ISSUE_OR_PR
github-actions[bot],edison1105,COMMENT_ON_ISSUE_OR_PR
pkg-pr-new[bot],edison1105,COMMENT_ON_ISSUE_OR_PR
coderabbitai[bot],edison1105,COMMENT_ON_ISSUE_OR_PR
github-actions[bot],edison1105,COMMENT_ON_ISSUE_OR_PR
pkg-pr-new[bot],edison1105,COMMENT_ON_ISSUE_OR_PR
vue-bot,edison1105,COMMENT_ON_ISSUE_OR_PR
c-harding,edison1105,COMMENT_ON_ISSUE_OR_PR
MuratovBektur,edison1105,COMMENT_ON_ISSUE_OR_PR
copilot-pull-request-reviewer[bot],edison1105,PR_REVIEW_OR_APPROVAL
coderabbitai[bot],edison1105,COMMENT_ON_ISSUE_OR_PR
github-actions[bot],edison1105,COMMENT_ON_ISSUE_OR_PR
pkg-pr-new[bot],edison1105,COMMENT_ON_ISSUE_OR_PR
coderabbitai[bot],edison1105,COMMENT_ON_ISSUE_OR_PR
github-actions[bot],edison1105,COMMENT_ON_ISSUE_OR_PR
pkg-pr-new[bot],edison1105,COMMENT_ON_ISSUE_OR_PR
coderabbitai[bot],edison1105,COMMENT_ON_ISSUE_OR_PR
github-actions[bot],edison1105,COMMENT_ON_ISSUE_OR_PR
pkg-pr-new[bot],edison1105,COMMENT_ON_ISSUE_OR_PR
coderabbitai[bot],tuzixiangs,COMMENT_ON_ISSUE_OR_PR
spaansba,tuzixiangs,COMMENT_ON_ISSUE_OR_PR
github-actions[bot],tuzixiangs,COMMENT_ON_ISSUE_OR_PR
edison1105,tuzixiangs,PR_REVIEW_OR_APPROVAL
coderabbitai[bot],Hamed-Ajaj,COMMENT_ON_ISSUE_OR_PR
netlify[bot],Hamed-Ajaj,COMMENT_ON_ISSUE_OR_PR
coderabbitai[bot],Hamed-Ajaj,PR_REVIEW_OR_APPROVAL
coderabbitai[bot],edison1105,COMMENT_ON_ISSUE_OR_PR
github-actions[bot],edison1105,COMMENT_ON_ISSUE_OR_PR
pkg-pr-new[bot],edison1105,COMMENT_ON_ISSUE_OR_PR
coderabbitai[bot],edison1105,COMMENT_ON_ISSUE_OR_PR
github-actions[bot],edison1105,COMMENT_ON_ISSUE_OR_PR
pkg-pr-new[bot],edison1105,COMMENT_ON_ISSUE_OR_PR
coderabbitai[bot],edison1105,COMMENT_ON_ISSUE_OR_PR
github-actions[bot],edison1105,COMMENT_ON_ISSUE_OR_PR
pkg-pr-new[bot],edison1105,COMMENT_ON_ISSUE_OR_PR
coderabbitai[bot],edison1105,COMMENT_ON_ISSUE_OR_PR
github-actions[bot],edison1105,COMMENT_ON_ISSUE_OR_PR
pkg-pr-new[bot],edison1105,COMMENT_ON_ISSUE_OR_PR
coderabbitai[bot],edison1105,COMMENT_ON_ISSUE_OR_PR
github-actions[bot],edison1105,COMMENT_ON_ISSUE_OR_PR
pkg-pr-new[bot],edison1105,COMMENT_ON_ISSUE_OR_PR
coderabbitai[bot],edison1105,COMMENT_ON_ISSUE_OR_PR
github-actions[bot],edison1105,COMMENT_ON_ISSUE_OR_PR
pkg-pr-new[bot],edison1105,COMMENT_ON_ISSUE_OR_PR
coderabbitai[bot],edison1105,COMMENT_ON_ISSUE_OR_PR
github-actions[bot],edison1105,COMMENT_ON_ISSUE_OR_PR
coderabbitai[bot],edison1105,COMMENT_ON_ISSUE_OR_PR
github-actions[bot],edison1105,COMMENT_ON_ISSUE_OR_PR
pkg-pr-new[bot],edison1105,COMMENT_ON_ISSUE_OR_PR
coderabbitai[bot],edison1105,COMMENT_ON_ISSUE_OR_PR
github-actions[bot],edison1105,COMMENT_ON_ISSUE_OR_PR
pkg-pr-new[bot],edison1105,COMMENT_ON_ISSUE_OR_PR
coderabbitai[bot],Cguedia,COMMENT_ON_ISSUE_OR_PR
coderabbitai[bot],edison1105,COMMENT_ON_ISSUE_OR_PR
github-actions[bot],edison1105,COMMENT_ON_ISSUE_OR_PR
pkg-pr-new[bot],edison1105,COMMENT_ON_ISSUE_OR_PR
coderabbitai[bot],edison1105,PR_REVIEW_OR_APPROVAL
coderabbitai[bot],edison1105,PR_REVIEW_OR_APPROVAL
coderabbitai[bot],edison1105,PR_REVIEW_OR_APPROVAL
copilot-pull-request-reviewer[bot],edison1105,PR_REVIEW_OR_APPROVAL
coderabbitai[bot],edison1105,COMMENT_ON_ISSUE_OR_PR
github-actions[bot],edison1105,COMMENT_ON_ISSUE_OR_PR
pkg-pr-new[bot],edison1105,COMMENT_ON_ISSUE_OR_PR
vue-bot,edison1105,COMMENT_ON_ISSUE_OR_PR
coderabbitai[bot],edison1105,COMMENT_ON_ISSUE_OR_PR
github-actions[bot],edison1105,COMMENT_ON_ISSUE_OR_PR
pkg-pr-new[bot],edison1105,COMMENT_ON_ISSUE_OR_PR
coderabbitai[bot],renovate[bot],COMMENT_ON_ISSUE_OR_PR
pkg-pr-new[bot],renovate[bot],COMMENT_ON_ISSUE_OR_PR
github-actions[bot],renovate[bot],COMMENT_ON_ISSUE_OR_PR
edison1105,renovate[bot],PR_MERGE
coderabbitai[bot],renovate[bot],COMMENT_ON_ISSUE_OR_PR
pkg-pr-new[bot],renovate[bot],COMMENT_ON_ISSUE_OR_PR
github-actions[bot],renovate[bot],COMMENT_ON_ISSUE_OR_PR
edison1105,renovate[bot],PR_MERGE
coderabbitai[bot],edison1105,COMMENT_ON_ISSUE_OR_PR
github-actions[bot],edison1105,COMMENT_ON_ISSUE_OR_PR
pkg-pr-new[bot],edison1105,COMMENT_ON_ISSUE_OR_PR
coderabbitai[bot],edison1105,COMMENT_ON_ISSUE_OR_PR
github-actions[bot],edison1105,COMMENT_ON_ISSUE_OR_PR
pkg-pr-new[bot],edison1105,COMMENT_ON_ISSUE_OR_PR
coderabbitai[bot],edison1105,COMMENT_ON_ISSUE_OR_PR
github-actions[bot],edison1105,COMMENT_ON_ISSUE_OR_PR
pkg-pr-new[bot],edison1105,COMMENT_ON_ISSUE_OR_PR
coderabbitai[bot],edison1105,COMMENT_ON_ISSUE_OR_PR
github-actions[bot],edison1105,COMMENT_ON_ISSUE_OR_PR
pkg-pr-new[bot],edison1105,COMMENT_ON_ISSUE_OR_PR
vue-bot,edison1105,COMMENT_ON_ISSUE_OR_PR
DanielRuf,edison1105,COMMENT_ON_ISSUE_OR_PR
coderabbitai[bot],serkodev,COMMENT_ON_ISSUE_OR_PR
github-actions[bot],serkodev,COMMENT_ON_ISSUE_OR_PR
pkg-pr-new[bot],serkodev,COMMENT_ON_ISSUE_OR_PR
edison1105,serkodev,COMMENT_ON_ISSUE_OR_PR
vue-bot,serkodev,COMMENT_ON_ISSUE_OR_PR
coderabbitai[bot],serkodev,PR_REVIEW_OR_APPROVAL
johnsoncodehk,serkodev,PR_REVIEW_OR_APPROVAL
KazariEX,serkodev,PR_REVIEW_OR_APPROVAL
edison1105,serkodev,PR_MERGE
coderabbitai[bot],9romise,COMMENT_ON_ISSUE_OR_PR
github-actions[bot],9romise,COMMENT_ON_ISSUE_OR_PR
edison1105,9romise,PR_MERGE
coderabbitai[bot],9romise,COMMENT_ON_ISSUE_OR_PR
github-actions[bot],9romise,COMMENT_ON_ISSUE_OR_PR
pkg-pr-new[bot],9romise,COMMENT_ON_ISSUE_OR_PR
skirtles-code,9romise,COMMENT_ON_ISSUE_OR_PR
edison1105,9romise,COMMENT_ON_ISSUE_OR_PR
coderabbitai[bot],AchoDev,COMMENT_ON_ISSUE_OR_PR
github-actions[bot],AchoDev,COMMENT_ON_ISSUE_OR_PR
pkg-pr-new[bot],AchoDev,COMMENT_ON_ISSUE_OR_PR
edison1105,AchoDev,COMMENT_ON_ISSUE_OR_PR
vue-bot,AchoDev,COMMENT_ON_ISSUE_OR_PR
coderabbitai[bot],AchoDev,PR_REVIEW_OR_APPROVAL
coderabbitai[bot],KazariEX,COMMENT_ON_ISSUE_OR_PR
github-actions[bot],KazariEX,COMMENT_ON_ISSUE_OR_PR
pkg-pr-new[bot],KazariEX,COMMENT_ON_ISSUE_OR_PR
coderabbitai[bot],KazariEX,PR_REVIEW_OR_APPROVAL
landen-ccm,KazariEX,PR_REVIEW_OR_APPROVAL
coderabbitai[bot],KazariEX,PR_REVIEW_OR_APPROVAL
coderabbitai[bot],edison1105,COMMENT_ON_ISSUE_OR_PR
github-actions[bot],edison1105,COMMENT_ON_ISSUE_OR_PR
pkg-pr-new[bot],edison1105,COMMENT_ON_ISSUE_OR_PR
coderabbitai[bot],edison1105,COMMENT_ON_ISSUE_OR_PR
github-actions[bot],edison1105,COMMENT_ON_ISSUE_OR_PR
pkg-pr-new[bot],edison1105,COMMENT_ON_ISSUE_OR_PR
coderabbitai[bot],edison1105,COMMENT_ON_ISSUE_OR_PR
github-actions[bot],edison1105,COMMENT_ON_ISSUE_OR_PR
pkg-pr-new[bot],edison1105,COMMENT_ON_ISSUE_OR_PR
coderabbitai[bot],edison1105,COMMENT_ON_ISSUE_OR_PR
github-actions[bot],edison1105,COMMENT_ON_ISSUE_OR_PR
pkg-pr-new[bot],edison1105,COMMENT_ON_ISSUE_OR_PR
coderabbitai[bot],edison1105,COMMENT_ON_ISSUE_OR_PR
github-actions[bot],edison1105,COMMENT_ON_ISSUE_OR_PR
pkg-pr-new[bot],edison1105,COMMENT_ON_ISSUE_OR_PR
coderabbitai[bot],edison1105,COMMENT_ON_ISSUE_OR_PR
github-actions[bot],edison1105,COMMENT_ON_ISSUE_OR_PR
pkg-pr-new[bot],edison1105,COMMENT_ON_ISSUE_OR_PR
coderabbitai[bot],Copilot,COMMENT_ON_ISSUE_OR_PR
coderabbitai[bot],edison1105,COMMENT_ON_ISSUE_OR_PR
github-actions[bot],edison1105,COMMENT_ON_ISSUE_OR_PR
pkg-pr-new[bot],edison1105,COMMENT_ON_ISSUE_OR_PR
Copilot,edison1105,COMMENT_ON_ISSUE_OR_PR
vue-bot,edison1105,COMMENT_ON_ISSUE_OR_PR
coderabbitai[bot],eamd-wq,COMMENT_ON_ISSUE_OR_PR
pkg-pr-new[bot],eamd-wq,COMMENT_ON_ISSUE_OR_PR
github-actions[bot],eamd-wq,COMMENT_ON_ISSUE_OR_PR
coderabbitai[bot],eamd-wq,PR_REVIEW_OR_APPROVAL
edison1105,eamd-wq,PR_MERGE
coderabbitai[bot],eamd-wq,COMMENT_ON_ISSUE_OR_PR
Justineo,eamd-wq,COMMENT_ON_ISSUE_OR_PR
coderabbitai[bot],linzhe141,COMMENT_ON_ISSUE_OR_PR
github-actions[bot],linzhe141,COMMENT_ON_ISSUE_OR_PR
pkg-pr-new[bot],linzhe141,COMMENT_ON_ISSUE_OR_PR
edison1105,linzhe141,COMMENT_ON_ISSUE_OR_PR
vue-bot,linzhe141,COMMENT_ON_ISSUE_OR_PR
coderabbitai[bot],linzhe141,PR_REVIEW_OR_APPROVAL
edison1105,linzhe141,PR_MERGE
coderabbitai[bot],edison1105,COMMENT_ON_ISSUE_OR_PR
github-actions[bot],edison1105,COMMENT_ON_ISSUE_OR_PR
pkg-pr-new[bot],edison1105,COMMENT_ON_ISSUE_OR_PR
coderabbitai[bot],camc314,COMMENT_ON_ISSUE_OR_PR
netlify[bot],camc314,COMMENT_ON_ISSUE_OR_PR
github-actions[bot],camc314,COMMENT_ON_ISSUE_OR_PR
pkg-pr-new[bot],camc314,COMMENT_ON_ISSUE_OR_PR
edison1105,camc314,PR_MERGE
coderabbitai[bot],edison1105,COMMENT_ON_ISSUE_OR_PR
github-actions[bot],edison1105,COMMENT_ON_ISSUE_OR_PR
pkg-pr-new[bot],edison1105,COMMENT_ON_ISSUE_OR_PR
coderabbitai[bot],renovate[bot],COMMENT_ON_ISSUE_OR_PR
github-actions[bot],renovate[bot],COMMENT_ON_ISSUE_OR_PR
pkg-pr-new[bot],renovate[bot],COMMENT_ON_ISSUE_OR_PR
edison1105,renovate[bot],PR_MERGE
coderabbitai[bot],renovate[bot],COMMENT_ON_ISSUE_OR_PR
pkg-pr-new[bot],renovate[bot],COMMENT_ON_ISSUE_OR_PR
github-actions[bot],renovate[bot],COMMENT_ON_ISSUE_OR_PR
edison1105,renovate[bot],PR_MERGE
coderabbitai[bot],renovate[bot],COMMENT_ON_ISSUE_OR_PR
github-actions[bot],renovate[bot],COMMENT_ON_ISSUE_OR_PR
pkg-pr-new[bot],renovate[bot],COMMENT_ON_ISSUE_OR_PR
edison1105,renovate[bot],PR_MERGE
coderabbitai[bot],renovate[bot],COMMENT_ON_ISSUE_OR_PR
pkg-pr-new[bot],renovate[bot],COMMENT_ON_ISSUE_OR_PR
github-actions[bot],renovate[bot],COMMENT_ON_ISSUE_OR_PR
edison1105,renovate[bot],PR_MERGE
coderabbitai[bot],renovate[bot],COMMENT_ON_ISSUE_OR_PR
github-actions[bot],renovate[bot],COMMENT_ON_ISSUE_OR_PR
pkg-pr-new[bot],renovate[bot],COMMENT_ON_ISSUE_OR_PR
edison1105,renovate[bot],PR_MERGE
coderabbitai[bot],renovate[bot],COMMENT_ON_ISSUE_OR_PR
pkg-pr-new[bot],renovate[bot],COMMENT_ON_ISSUE_OR_PR
github-actions[bot],renovate[bot],COMMENT_ON_ISSUE_OR_PR
edison1105,renovate[bot],PR_MERGE
coderabbitai[bot],edison1105,COMMENT_ON_ISSUE_OR_PR
github-actions[bot],edison1105,COMMENT_ON_ISSUE_OR_PR
pkg-pr-new[bot],edison1105,COMMENT_ON_ISSUE_OR_PR
coderabbitai[bot],yinyihui,COMMENT_ON_ISSUE_OR_PR
github-actions[bot],yinyihui,COMMENT_ON_ISSUE_OR_PR
pkg-pr-new[bot],yinyihui,COMMENT_ON_ISSUE_OR_PR
edison1105,yinyihui,PR_MERGE
coderabbitai[bot],edison1105,COMMENT_ON_ISSUE_OR_PR
github-actions[bot],edison1105,COMMENT_ON_ISSUE_OR_PR
pkg-pr-new[bot],edison1105,COMMENT_ON_ISSUE_OR_PR
volarname,edison1105,COMMENT_ON_ISSUE_OR_PR
coderabbitai[bot],zhiyuanzmj,COMMENT_ON_ISSUE_OR_PR
github-actions[bot],zhiyuanzmj,COMMENT_ON_ISSUE_OR_PR
pkg-pr-new[bot],zhiyuanzmj,COMMENT_ON_ISSUE_OR_PR
AaronDewes,zhiyuanzmj,COMMENT_ON_ISSUE_OR_PR
edison1105,zhiyuanzmj,PR_MERGE
coderabbitai[bot],edison1105,COMMENT_ON_ISSUE_OR_PR
github-actions[bot],edison1105,COMMENT_ON_ISSUE_OR_PR
pkg-pr-new[bot],edison1105,COMMENT_ON_ISSUE_OR_PR
vue-bot,edison1105,COMMENT_ON_ISSUE_OR_PR
KazariEX,edison1105,PR_REVIEW_OR_APPROVAL
coderabbitai[bot],naramdash,COMMENT_ON_ISSUE_OR_PR
edison1105,naramdash,COMMENT_ON_ISSUE_OR_PR
coderabbitai[bot],naramdash,PR_REVIEW_OR_APPROVAL
coderabbitai[bot],naramdash,PR_REVIEW_OR_APPROVAL
coderabbitai[bot],naramdash,PR_REVIEW_OR_APPROVAL
coderabbitai[bot],johnsoncodehk,COMMENT_ON_ISSUE_OR_PR
github-actions[bot],johnsoncodehk,COMMENT_ON_ISSUE_OR_PR
pkg-pr-new[bot],johnsoncodehk,COMMENT_ON_ISSUE_OR_PR
edison1105,johnsoncodehk,PR_MERGE
coderabbitai[bot],edison1105,COMMENT_ON_ISSUE_OR_PR
github-actions[bot],edison1105,COMMENT_ON_ISSUE_OR_PR
pkg-pr-new[bot],edison1105,COMMENT_ON_ISSUE_OR_PR
coderabbitai[bot],edison1105,COMMENT_ON_ISSUE_OR_PR
github-actions[bot],edison1105,COMMENT_ON_ISSUE_OR_PR
pkg-pr-new[bot],edison1105,COMMENT_ON_ISSUE_OR_PR
coderabbitai[bot],edison1105,COMMENT_ON_ISSUE_OR_PR
github-actions[bot],edison1105,COMMENT_ON_ISSUE_OR_PR
pkg-pr-new[bot],edison1105,COMMENT_ON_ISSUE_OR_PR
coderabbitai[bot],edison1105,COMMENT_ON_ISSUE_OR_PR
github-actions[bot],edison1105,COMMENT_ON_ISSUE_OR_PR
pkg-pr-new[bot],edison1105,COMMENT_ON_ISSUE_OR_PR
coderabbitai[bot],ZKunZhang,COMMENT_ON_ISSUE_OR_PR
edison1105,ZKunZhang,PR_REVIEW_OR_APPROVAL
coderabbitai[bot],edison1105,COMMENT_ON_ISSUE_OR_PR
github-actions[bot],edison1105,COMMENT_ON_ISSUE_OR_PR
pkg-pr-new[bot],edison1105,COMMENT_ON_ISSUE_OR_PR
coderabbitai[bot],edison1105,COMMENT_ON_ISSUE_OR_PR
github-actions[bot],edison1105,COMMENT_ON_ISSUE_OR_PR
pkg-pr-new[bot],edison1105,COMMENT_ON_ISSUE_OR_PR
coderabbitai[bot],edison1105,COMMENT_ON_ISSUE_OR_PR
github-actions[bot],edison1105,COMMENT_ON_ISSUE_OR_PR
pkg-pr-new[bot],edison1105,COMMENT_ON_ISSUE_OR_PR
coderabbitai[bot],edison1105,COMMENT_ON_ISSUE_OR_PR
github-actions[bot],edison1105,COMMENT_ON_ISSUE_OR_PR
pkg-pr-new[bot],edison1105,COMMENT_ON_ISSUE_OR_PR
coderabbitai[bot],LittleSound,COMMENT_ON_ISSUE_OR_PR
pkg-pr-new[bot],LittleSound,COMMENT_ON_ISSUE_OR_PR
github-actions[bot],LittleSound,COMMENT_ON_ISSUE_OR_PR
edison1105,LittleSound,PR_REVIEW_OR_APPROVAL
coderabbitai[bot],iiio2,COMMENT_ON_ISSUE_OR_PR
github-actions[bot],iiio2,COMMENT_ON_ISSUE_OR_PR
pkg-pr-new[bot],iiio2,COMMENT_ON_ISSUE_OR_PR
coderabbitai[bot],iiio2,PR_REVIEW_OR_APPROVAL
edison1105,iiio2,PR_MERGE
coderabbitai[bot],edison1105,COMMENT_ON_ISSUE_OR_PR
github-actions[bot],edison1105,COMMENT_ON_ISSUE_OR_PR
coderabbitai[bot],renovate[bot],COMMENT_ON_ISSUE_OR_PR
github-actions[bot],renovate[bot],COMMENT_ON_ISSUE_OR_PR
pkg-pr-new[bot],renovate[bot],COMMENT_ON_ISSUE_OR_PR
edison1105,renovate[bot],PR_MERGE
coderabbitai[bot],renovate[bot],COMMENT_ON_ISSUE_OR_PR
github-actions[bot],renovate[bot],COMMENT_ON_ISSUE_OR_PR
pkg-pr-new[bot],renovate[bot],COMMENT_ON_ISSUE_OR_PR
edison1105,renovate[bot],PR_MERGE
coderabbitai[bot],edison1105,COMMENT_ON_ISSUE_OR_PR
github-actions[bot],edison1105,COMMENT_ON_ISSUE_OR_PR
pkg-pr-new[bot],edison1105,COMMENT_ON_ISSUE_OR_PR
netlify[bot],edison1105,COMMENT_ON_ISSUE_OR_PR
hamedniroomand,edison1105,COMMENT_ON_ISSUE_OR_PR
pixeloution,edison1105,COMMENT_ON_ISSUE_OR_PR
coderabbitai[bot],edison1105,COMMENT_ON_ISSUE_OR_PR
github-actions[bot],edison1105,COMMENT_ON_ISSUE_OR_PR
pkg-pr-new[bot],edison1105,COMMENT_ON_ISSUE_OR_PR
vue-bot,edison1105,COMMENT_ON_ISSUE_OR_PR
coderabbitai[bot],edison1105,COMMENT_ON_ISSUE_OR_PR
github-actions[bot],edison1105,COMMENT_ON_ISSUE_OR_PR
pkg-pr-new[bot],edison1105,COMMENT_ON_ISSUE_OR_PR
coderabbitai[bot],edison1105,COMMENT_ON_ISSUE_OR_PR
github-actions[bot],edison1105,COMMENT_ON_ISSUE_OR_PR
pkg-pr-new[bot],edison1105,COMMENT_ON_ISSUE_OR_PR
vue-bot,edison1105,COMMENT_ON_ISSUE_OR_PR
coderabbitai[bot],edison1105,COMMENT_ON_ISSUE_OR_PR
github-actions[bot],edison1105,COMMENT_ON_ISSUE_OR_PR
pkg-pr-new[bot],edison1105,COMMENT_ON_ISSUE_OR_PR
coderabbitai[bot],edison1105,COMMENT_ON_ISSUE_OR_PR
github-actions[bot],edison1105,COMMENT_ON_ISSUE_OR_PR
pkg-pr-new[bot],edison1105,COMMENT_ON_ISSUE_OR_PR
vue-bot,edison1105,COMMENT_ON_ISSUE_OR_PR
coderabbitai[bot],edison1105,COMMENT_ON_ISSUE_OR_PR
github-actions[bot],edison1105,COMMENT_ON_ISSUE_OR_PR
pkg-pr-new[bot],edison1105,COMMENT_ON_ISSUE_OR_PR
coderabbitai[bot],edison1105,COMMENT_ON_ISSUE_OR_PR
github-actions[bot],edison1105,COMMENT_ON_ISSUE_OR_PR
coderabbitai[bot],edison1105,COMMENT_ON_ISSUE_OR_PR
github-actions[bot],edison1105,COMMENT_ON_ISSUE_OR_PR
pkg-pr-new[bot],edison1105,COMMENT_ON_ISSUE_OR_PR
vue-bot,edison1105,COMMENT_ON_ISSUE_OR_PR
coderabbitai[bot],edison1105,COMMENT_ON_ISSUE_OR_PR
github-actions[bot],edison1105,COMMENT_ON_ISSUE_OR_PR
pkg-pr-new[bot],edison1105,COMMENT_ON_ISSUE_OR_PR
coderabbitai[bot],edison1105,COMMENT_ON_ISSUE_OR_PR
github-actions[bot],edison1105,COMMENT_ON_ISSUE_OR_PR
pkg-pr-new[bot],edison1105,COMMENT_ON_ISSUE_OR_PR
coderabbitai[bot],edison1105,COMMENT_ON_ISSUE_OR_PR
github-actions[bot],edison1105,COMMENT_ON_ISSUE_OR_PR
pkg-pr-new[bot],edison1105,COMMENT_ON_ISSUE_OR_PR
coderabbitai[bot],edison1105,COMMENT_ON_ISSUE_OR_PR
github-actions[bot],edison1105,COMMENT_ON_ISSUE_OR_PR
coderabbitai[bot],renovate[bot],COMMENT_ON_ISSUE_OR_PR
pkg-pr-new[bot],renovate[bot],COMMENT_ON_ISSUE_OR_PR
github-actions[bot],renovate[bot],COMMENT_ON_ISSUE_OR_PR
edison1105,renovate[bot],PR_MERGE
coderabbitai[bot],KazariEX,COMMENT_ON_ISSUE_OR_PR
github-actions[bot],KazariEX,COMMENT_ON_ISSUE_OR_PR
pkg-pr-new[bot],KazariEX,COMMENT_ON_ISSUE_OR_PR
edison1105,KazariEX,PR_MERGE
coderabbitai[bot],indykoning,COMMENT_ON_ISSUE_OR_PR
github-actions[bot],indykoning,COMMENT_ON_ISSUE_OR_PR
pkg-pr-new[bot],indykoning,COMMENT_ON_ISSUE_OR_PR
edison1105,indykoning,COMMENT_ON_ISSUE_OR_PR
edison1105,indykoning,PR_REVIEW_OR_APPROVAL
edison1105,indykoning,PR_MERGE
coderabbitai[bot],zhiyuanzmj,COMMENT_ON_ISSUE_OR_PR
pkg-pr-new[bot],zhiyuanzmj,COMMENT_ON_ISSUE_OR_PR
github-actions[bot],zhiyuanzmj,COMMENT_ON_ISSUE_OR_PR
edison1105,zhiyuanzmj,PR_REVIEW_OR_APPROVAL
edison1105,zhiyuanzmj,PR_MERGE
coderabbitai[bot],zhiyuanzmj,COMMENT_ON_ISSUE_OR_PR
github-actions[bot],zhiyuanzmj,COMMENT_ON_ISSUE_OR_PR
pkg-pr-new[bot],zhiyuanzmj,COMMENT_ON_ISSUE_OR_PR
edison1105,zhiyuanzmj,PR_MERGE
coderabbitai[bot],boobam22,COMMENT_ON_ISSUE_OR_PR
pkg-pr-new[bot],boobam22,COMMENT_ON_ISSUE_OR_PR
github-actions[bot],boobam22,COMMENT_ON_ISSUE_OR_PR
edison1105,boobam22,COMMENT_ON_ISSUE_OR_PR
coderabbitai[bot],boobam22,PR_REVIEW_OR_APPROVAL
coderabbitai[bot],edison1105,COMMENT_ON_ISSUE_OR_PR
github-actions[bot],edison1105,COMMENT_ON_ISSUE_OR_PR
pkg-pr-new[bot],edison1105,COMMENT_ON_ISSUE_OR_PR
coderabbitai[bot],renovate[bot],COMMENT_ON_ISSUE_OR_PR
github-actions[bot],renovate[bot],COMMENT_ON_ISSUE_OR_PR
pkg-pr-new[bot],renovate[bot],COMMENT_ON_ISSUE_OR_PR
edison1105,renovate[bot],PR_MERGE
coderabbitai[bot],ShenQingchuan,COMMENT_ON_ISSUE_OR_PR
github-actions[bot],ShenQingchuan,COMMENT_ON_ISSUE_OR_PR
pkg-pr-new[bot],ShenQingchuan,COMMENT_ON_ISSUE_OR_PR
KazariEX,ShenQingchuan,PR_REVIEW_OR_APPROVAL
coderabbitai[bot],ShenQingchuan,PR_REVIEW_OR_APPROVAL
edison1105,ShenQingchuan,PR_MERGE
coderabbitai[bot],edison1105,COMMENT_ON_ISSUE_OR_PR
pkg-pr-new[bot],edison1105,COMMENT_ON_ISSUE_OR_PR
coderabbitai[bot],alex-snezhko,COMMENT_ON_ISSUE_OR_PR
github-actions[bot],alex-snezhko,COMMENT_ON_ISSUE_OR_PR
pkg-pr-new[bot],alex-snezhko,COMMENT_ON_ISSUE_OR_PR
edison1105,alex-snezhko,COMMENT_ON_ISSUE_OR_PR
vue-bot,alex-snezhko,COMMENT_ON_ISSUE_OR_PR
coderabbitai[bot],alex-snezhko,PR_REVIEW_OR_APPROVAL
edison1105,alex-snezhko,PR_MERGE
coderabbitai[bot],skirtles-code,COMMENT_ON_ISSUE_OR_PR
github-actions[bot],skirtles-code,COMMENT_ON_ISSUE_OR_PR
pkg-pr-new[bot],skirtles-code,COMMENT_ON_ISSUE_OR_PR
edison1105,skirtles-code,PR_MERGE
coderabbitai[bot],iiio2,COMMENT_ON_ISSUE_OR_PR
github-actions[bot],iiio2,COMMENT_ON_ISSUE_OR_PR
pkg-pr-new[bot],iiio2,COMMENT_ON_ISSUE_OR_PR
edison1105,iiio2,PR_MERGE
coderabbitai[bot],alex-snezhko,COMMENT_ON_ISSUE_OR_PR
github-actions[bot],alex-snezhko,COMMENT_ON_ISSUE_OR_PR
pkg-pr-new[bot],alex-snezhko,COMMENT_ON_ISSUE_OR_PR
edison1105,alex-snezhko,COMMENT_ON_ISSUE_OR_PR
edison1105,alex-snezhko,COMMENT_ON_ISSUE_OR_PR
edison1105,alex-snezhko,PR_MERGE
coderabbitai[bot],renovate[bot],COMMENT_ON_ISSUE_OR_PR
pkg-pr-new[bot],renovate[bot],COMMENT_ON_ISSUE_OR_PR
github-actions[bot],renovate[bot],COMMENT_ON_ISSUE_OR_PR
edison1105,renovate[bot],PR_MERGE
coderabbitai[bot],renovate[bot],COMMENT_ON_ISSUE_OR_PR
pkg-pr-new[bot],renovate[bot],COMMENT_ON_ISSUE_OR_PR
github-actions[bot],renovate[bot],COMMENT_ON_ISSUE_OR_PR
edison1105,renovate[bot],PR_MERGE
coderabbitai[bot],skirtles-code,COMMENT_ON_ISSUE_OR_PR
github-actions[bot],skirtles-code,COMMENT_ON_ISSUE_OR_PR
pkg-pr-new[bot],skirtles-code,COMMENT_ON_ISSUE_OR_PR
edison1105,skirtles-code,PR_MERGE
coderabbitai[bot],alex-snezhko,COMMENT_ON_ISSUE_OR_PR
github-actions[bot],alex-snezhko,COMMENT_ON_ISSUE_OR_PR
pkg-pr-new[bot],alex-snezhko,COMMENT_ON_ISSUE_OR_PR
edison1105,alex-snezhko,COMMENT_ON_ISSUE_OR_PR
coderabbitai[bot],alex-snezhko,PR_REVIEW_OR_APPROVAL
coderabbitai[bot],alex-snezhko,PR_REVIEW_OR_APPROVAL
coderabbitai[bot],edison1105,COMMENT_ON_ISSUE_OR_PR
github-actions[bot],edison1105,COMMENT_ON_ISSUE_OR_PR
pkg-pr-new[bot],edison1105,COMMENT_ON_ISSUE_OR_PR
coderabbitai[bot],rzzf,COMMENT_ON_ISSUE_OR_PR
github-actions[bot],rzzf,COMMENT_ON_ISSUE_OR_PR
pkg-pr-new[bot],rzzf,COMMENT_ON_ISSUE_OR_PR
edison1105,rzzf,COMMENT_ON_ISSUE_OR_PR
vue-bot,rzzf,COMMENT_ON_ISSUE_OR_PR
KazariEX,rzzf,PR_REVIEW_OR_APPROVAL
baiwusanyu-c,rzzf,PR_REVIEW_OR_APPROVAL
coderabbitai[bot],rzzf,PR_REVIEW_OR_APPROVAL
edison1105,rzzf,PR_MERGE
coderabbitai[bot],zhiyuanzmj,COMMENT_ON_ISSUE_OR_PR
github-actions[bot],zhiyuanzmj,COMMENT_ON_ISSUE_OR_PR
pkg-pr-new[bot],zhiyuanzmj,COMMENT_ON_ISSUE_OR_PR
edison1105,zhiyuanzmj,PR_REVIEW_OR_APPROVAL
edison1105,zhiyuanzmj,PR_MERGE
coderabbitai[bot],skirtles-code,COMMENT_ON_ISSUE_OR_PR
github-actions[bot],skirtles-code,COMMENT_ON_ISSUE_OR_PR
pkg-pr-new[bot],skirtles-code,COMMENT_ON_ISSUE_OR_PR
edison1105,skirtles-code,COMMENT_ON_ISSUE_OR_PR
vue-bot,skirtles-code,COMMENT_ON_ISSUE_OR_PR
edison1105,skirtles-code,PR_MERGE
coderabbitai[bot],edison1105,COMMENT_ON_ISSUE_OR_PR
github-actions[bot],edison1105,COMMENT_ON_ISSUE_OR_PR
pkg-pr-new[bot],edison1105,COMMENT_ON_ISSUE_OR_PR
coderabbitai[bot],linzhe141,COMMENT_ON_ISSUE_OR_PR
github-actions[bot],linzhe141,COMMENT_ON_ISSUE_OR_PR
pkg-pr-new[bot],linzhe141,COMMENT_ON_ISSUE_OR_PR
coderabbitai[bot],linzhe141,COMMENT_ON_ISSUE_OR_PR
coderabbitai[bot],linzhe141,COMMENT_ON_ISSUE_OR_PR
skirtles-code,linzhe141,PR_REVIEW_OR_APPROVAL
edison1105,linzhe141,PR_REVIEW_OR_APPROVAL
coderabbitai[bot],dejour,COMMENT_ON_ISSUE_OR_PR
github-actions[bot],dejour,COMMENT_ON_ISSUE_OR_PR
pkg-pr-new[bot],dejour,COMMENT_ON_ISSUE_OR_PR
coderabbitai[bot],dejour,PR_REVIEW_OR_APPROVAL
skirtles-code,dejour,PR_REVIEW_OR_APPROVAL
edison1105,dejour,PR_MERGE
coderabbitai[bot],twodogwang,COMMENT_ON_ISSUE_OR_PR
github-actions[bot],twodogwang,COMMENT_ON_ISSUE_OR_PR
pkg-pr-new[bot],twodogwang,COMMENT_ON_ISSUE_OR_PR
danyadev,twodogwang,COMMENT_ON_ISSUE_OR_PR
edison1105,twodogwang,PR_MERGE
coderabbitai[bot],twodogwang,COMMENT_ON_ISSUE_OR_PR
github-actions[bot],twodogwang,COMMENT_ON_ISSUE_OR_PR
coderabbitai[bot],zhiyuanzmj,COMMENT_ON_ISSUE_OR_PR
github-actions[bot],zhiyuanzmj,COMMENT_ON_ISSUE_OR_PR
pkg-pr-new[bot],zhiyuanzmj,COMMENT_ON_ISSUE_OR_PR
edison1105,zhiyuanzmj,PR_MERGE
coderabbitai[bot],9romise,COMMENT_ON_ISSUE_OR_PR
coderabbitai[bot],9romise,PR_REVIEW_OR_APPROVAL
edison1105,9romise,PR_MERGE
coderabbitai[bot],renovate[bot],COMMENT_ON_ISSUE_OR_PR
pkg-pr-new[bot],renovate[bot],COMMENT_ON_ISSUE_OR_PR
github-actions[bot],renovate[bot],COMMENT_ON_ISSUE_OR_PR
edison1105,renovate[bot],PR_MERGE
coderabbitai[bot],renovate[bot],COMMENT_ON_ISSUE_OR_PR
github-actions[bot],renovate[bot],COMMENT_ON_ISSUE_OR_PR
pkg-pr-new[bot],renovate[bot],COMMENT_ON_ISSUE_OR_PR
edison1105,renovate[bot],PR_MERGE
coderabbitai[bot],9romise,COMMENT_ON_ISSUE_OR_PR
github-actions[bot],9romise,COMMENT_ON_ISSUE_OR_PR
pkg-pr-new[bot],9romise,COMMENT_ON_ISSUE_OR_PR
coderabbitai[bot],liuxingbaoyu,COMMENT_ON_ISSUE_OR_PR
coderabbitai[bot],liuxingbaoyu,PR_REVIEW_OR_APPROVAL
nicolo-ribaudo,liuxingbaoyu,PR_REVIEW_OR_APPROVAL
coderabbitai[bot],liuxingbaoyu,PR_REVIEW_OR_APPROVAL
coderabbitai[bot],alex-snezhko,COMMENT_ON_ISSUE_OR_PR
github-actions[bot],alex-snezhko,COMMENT_ON_ISSUE_OR_PR
pkg-pr-new[bot],alex-snezhko,COMMENT_ON_ISSUE_OR_PR
coderabbitai[bot],alex-snezhko,PR_REVIEW_OR_APPROVAL
coderabbitai[bot],sheremet-va,COMMENT_ON_ISSUE_OR_PR
github-actions[bot],sheremet-va,COMMENT_ON_ISSUE_OR_PR
pkg-pr-new[bot],sheremet-va,COMMENT_ON_ISSUE_OR_PR
edison1105,sheremet-va,COMMENT_ON_ISSUE_OR_PR
edison1105,sheremet-va,COMMENT_ON_ISSUE_OR_PR
edison1105,sheremet-va,COMMENT_ON_ISSUE_OR_PR
edison1105,sheremet-va,COMMENT_ON_ISSUE_OR_PR
edison1105,sheremet-va,COMMENT_ON_ISSUE_OR_PR
edison1105,sheremet-va,PR_REVIEW_OR_APPROVAL
edison1105,sheremet-va,PR_REVIEW_OR_APPROVAL
Smrtnyk,sheremet-va,PR_REVIEW_OR_APPROVAL
edison1105,sheremet-va,PR_REVIEW_OR_APPROVAL
edison1105,sheremet-va,PR_REVIEW_OR_APPROVAL
edison1105,sheremet-va,PR_REVIEW_OR_APPROVAL
edison1105,sheremet-va,PR_REVIEW_OR_APPROVAL
edison1105,sheremet-va,PR_REVIEW_OR_APPROVAL
Smrtnyk,sheremet-va,PR_REVIEW_OR_APPROVAL
edison1105,sheremet-va,PR_REVIEW_OR_APPROVAL
edison1105,sheremet-va,PR_MERGE
coderabbitai[bot],edison1105,COMMENT_ON_ISSUE_OR_PR
github-actions[bot],edison1105,COMMENT_ON_ISSUE_OR_PR
pkg-pr-new[bot],edison1105,COMMENT_ON_ISSUE_OR_PR
coderabbitai[bot],edison1105,PR_REVIEW_OR_APPROVAL
coderabbitai[bot],edison1105,PR_REVIEW_OR_APPROVAL
coderabbitai[bot],edison1105,PR_REVIEW_OR_APPROVAL
coderabbitai[bot],edison1105,COMMENT_ON_ISSUE_OR_PR
pkg-pr-new[bot],edison1105,COMMENT_ON_ISSUE_OR_PR
coderabbitai[bot],LeeSamFong,COMMENT_ON_ISSUE_OR_PR
github-actions[bot],LeeSamFong,COMMENT_ON_ISSUE_OR_PR
pkg-pr-new[bot],LeeSamFong,COMMENT_ON_ISSUE_OR_PR
edison1105,LeeSamFong,COMMENT_ON_ISSUE_OR_PR
coderabbitai[bot],zhiyuanzmj,COMMENT_ON_ISSUE_OR_PR
github-actions[bot],zhiyuanzmj,COMMENT_ON_ISSUE_OR_PR
pkg-pr-new[bot],zhiyuanzmj,COMMENT_ON_ISSUE_OR_PR
coderabbitai[bot],edison1105,COMMENT_ON_ISSUE_OR_PR
github-actions[bot],edison1105,COMMENT_ON_ISSUE_OR_PR
pkg-pr-new[bot],edison1105,COMMENT_ON_ISSUE_OR_PR
vue-bot,edison1105,COMMENT_ON_ISSUE_OR_PR
coderabbitai[bot],unrevised6419,COMMENT_ON_ISSUE_OR_PR
github-actions[bot],unrevised6419,COMMENT_ON_ISSUE_OR_PR
pkg-pr-new[bot],unrevised6419,COMMENT_ON_ISSUE_OR_PR
skirtles-code,unrevised6419,COMMENT_ON_ISSUE_OR_PR
coderabbitai[bot],edison1105,COMMENT_ON_ISSUE_OR_PR
github-actions[bot],edison1105,COMMENT_ON_ISSUE_OR_PR
pkg-pr-new[bot],edison1105,COMMENT_ON_ISSUE_OR_PR
coderabbitai[bot],edison1105,COMMENT_ON_ISSUE_OR_PR
github-actions[bot],edison1105,COMMENT_ON_ISSUE_OR_PR
coderabbitai[bot],benjamin-larsen,COMMENT_ON_ISSUE_OR_PR
github-actions[bot],benjamin-larsen,COMMENT_ON_ISSUE_OR_PR
edison1105,benjamin-larsen,COMMENT_ON_ISSUE_OR_PR
pkg-pr-new[bot],benjamin-larsen,COMMENT_ON_ISSUE_OR_PR
edison1105,benjamin-larsen,COMMENT_ON_ISSUE_OR_PR
coderabbitai[bot],benjamin-larsen,PR_REVIEW_OR_APPROVAL
coderabbitai[bot],benjamin-larsen,PR_REVIEW_OR_APPROVAL
edison1105,benjamin-larsen,PR_REVIEW_OR_APPROVAL
edison1105,benjamin-larsen,PR_REVIEW_OR_APPROVAL
coderabbitai[bot],benjamin-larsen,PR_REVIEW_OR_APPROVAL
coderabbitai[bot],wngtk,COMMENT_ON_ISSUE_OR_PR
github-actions[bot],wngtk,COMMENT_ON_ISSUE_OR_PR
pkg-pr-new[bot],wngtk,COMMENT_ON_ISSUE_OR_PR
coderabbitai[bot],wngtk,PR_REVIEW_OR_APPROVAL
edison1105,wngtk,PR_REVIEW_OR_APPROVAL
coderabbitai[bot],wngtk,PR_REVIEW_OR_APPROVAL
coderabbitai[bot],wngtk,PR_REVIEW_OR_APPROVAL
edison1105,wngtk,PR_MERGE
coderabbitai[bot],edison1105,COMMENT_ON_ISSUE_OR_PR
github-actions[bot],edison1105,COMMENT_ON_ISSUE_OR_PR
pkg-pr-new[bot],edison1105,COMMENT_ON_ISSUE_OR_PR
patroza,edison1105,COMMENT_ON_ISSUE_OR_PR
coderabbitai[bot],edison1105,PR_REVIEW_OR_APPROVAL
coderabbitai[bot],edison1105,COMMENT_ON_ISSUE_OR_PR
github-actions[bot],edison1105,COMMENT_ON_ISSUE_OR_PR
pkg-pr-new[bot],edison1105,COMMENT_ON_ISSUE_OR_PR
coderabbitai[bot],ArthurDarkstone,COMMENT_ON_ISSUE_OR_PR
github-actions[bot],ArthurDarkstone,COMMENT_ON_ISSUE_OR_PR
pkg-pr-new[bot],ArthurDarkstone,COMMENT_ON_ISSUE_OR_PR
edison1105,ArthurDarkstone,COMMENT_ON_ISSUE_OR_PR
edison1105,ArthurDarkstone,COMMENT_ON_ISSUE_OR_PR
vue-bot,ArthurDarkstone,COMMENT_ON_ISSUE_OR_PR
coderabbitai[bot],ArthurDarkstone,PR_REVIEW_OR_APPROVAL
absidue,ArthurDarkstone,PR_REVIEW_OR_APPROVAL
coderabbitai[bot],ArthurDarkstone,PR_REVIEW_OR_APPROVAL
edison1105,ArthurDarkstone,PR_MERGE
github-actions[bot],KazariEX,COMMENT_ON_ISSUE_OR_PR
pkg-pr-new[bot],KazariEX,COMMENT_ON_ISSUE_OR_PR
edison1105,KazariEX,PR_MERGE
coderabbitai[bot],edison1105,COMMENT_ON_ISSUE_OR_PR
github-actions[bot],edison1105,COMMENT_ON_ISSUE_OR_PR
pkg-pr-new[bot],edison1105,COMMENT_ON_ISSUE_OR_PR
alex-snezhko,edison1105,PR_REVIEW_OR_APPROVAL
pkg-pr-new[bot],renovate[bot],COMMENT_ON_ISSUE_OR_PR
github-actions[bot],renovate[bot],COMMENT_ON_ISSUE_OR_PR
coderabbitai[bot],renovate[bot],COMMENT_ON_ISSUE_OR_PR
edison1105,renovate[bot],PR_MERGE
pkg-pr-new[bot],renovate[bot],COMMENT_ON_ISSUE_OR_PR
github-actions[bot],renovate[bot],COMMENT_ON_ISSUE_OR_PR
edison1105,renovate[bot],PR_MERGE
github-actions[bot],alex-snezhko,COMMENT_ON_ISSUE_OR_PR
pkg-pr-new[bot],alex-snezhko,COMMENT_ON_ISSUE_OR_PR
skirtles-code,alex-snezhko,COMMENT_ON_ISSUE_OR_PR
OrbisK,9romise,COMMENT_ON_ISSUE_OR_PR
github-actions[bot],9romise,COMMENT_ON_ISSUE_OR_PR
edison1105,9romise,COMMENT_ON_ISSUE_OR_PR
coderabbitai[bot],9romise,COMMENT_ON_ISSUE_OR_PR
netlify[bot],9romise,COMMENT_ON_ISSUE_OR_PR
pkg-pr-new[bot],9romise,COMMENT_ON_ISSUE_OR_PR
OrbisK,9romise,COMMENT_ON_ISSUE_OR_PR
OrbisK,9romise,COMMENT_ON_ISSUE_OR_PR
coderabbitai[bot],edison1105,COMMENT_ON_ISSUE_OR_PR
github-actions[bot],edison1105,COMMENT_ON_ISSUE_OR_PR
pkg-pr-new[bot],edison1105,COMMENT_ON_ISSUE_OR_PR
coderabbitai[bot],edison1105,PR_REVIEW_OR_APPROVAL
coderabbitai[bot],edison1105,COMMENT_ON_ISSUE_OR_PR
github-actions[bot],edison1105,COMMENT_ON_ISSUE_OR_PR
pkg-pr-new[bot],edison1105,COMMENT_ON_ISSUE_OR_PR
coderabbitai[bot],edison1105,COMMENT_ON_ISSUE_OR_PR
github-actions[bot],edison1105,COMMENT_ON_ISSUE_OR_PR
pkg-pr-new[bot],edison1105,COMMENT_ON_ISSUE_OR_PR
vue-bot,edison1105,COMMENT_ON_ISSUE_OR_PR
coderabbitai[bot],edison1105,PR_REVIEW_OR_APPROVAL
coderabbitai[bot],linzhe141,COMMENT_ON_ISSUE_OR_PR
github-actions[bot],linzhe141,COMMENT_ON_ISSUE_OR_PR
pkg-pr-new[bot],linzhe141,COMMENT_ON_ISSUE_OR_PR
edison1105,linzhe141,COMMENT_ON_ISSUE_OR_PR
vue-bot,linzhe141,COMMENT_ON_ISSUE_OR_PR
coderabbitai[bot],linzhe141,PR_REVIEW_OR_APPROVAL
coderabbitai[bot],linzhe141,PR_REVIEW_OR_APPROVAL
edison1105,linzhe141,PR_REVIEW_OR_APPROVAL
edison1105,linzhe141,PR_REVIEW_OR_APPROVAL
coderabbitai[bot],linzhe141,PR_REVIEW_OR_APPROVAL
edison1105,linzhe141,PR_MERGE
coderabbitai[bot],alex-snezhko,COMMENT_ON_ISSUE_OR_PR
github-actions[bot],alex-snezhko,COMMENT_ON_ISSUE_OR_PR
pkg-pr-new[bot],alex-snezhko,COMMENT_ON_ISSUE_OR_PR
edison1105,alex-snezhko,COMMENT_ON_ISSUE_OR_PR
vue-bot,alex-snezhko,COMMENT_ON_ISSUE_OR_PR
edison1105,alex-snezhko,PR_MERGE
coderabbitai[bot],ZKunZhang,COMMENT_ON_ISSUE_OR_PR
skirtles-code,ZKunZhang,COMMENT_ON_ISSUE_OR_PR
edison1105,ZKunZhang,COMMENT_ON_ISSUE_OR_PR
coderabbitai[bot],ZKunZhang,PR_REVIEW_OR_APPROVAL
skirtles-code,ZKunZhang,PR_REVIEW_OR_APPROVAL
coderabbitai[bot],ZKunZhang,PR_REVIEW_OR_APPROVAL
edison1105,ZKunZhang,PR_REVIEW_OR_APPROVAL
skirtles-code,ZKunZhang,PR_REVIEW_OR_APPROVAL
skirtles-code,ZKunZhang,PR_REVIEW_OR_APPROVAL
edison1105,ZKunZhang,PR_REVIEW_OR_APPROVAL
coderabbitai[bot],ZKunZhang,PR_REVIEW_OR_APPROVAL
edison1105,ZKunZhang,PR_REVIEW_OR_APPROVAL
edison1105,ZKunZhang,PR_REVIEW_OR_APPROVAL
coderabbitai[bot],ZKunZhang,PR_REVIEW_OR_APPROVAL
coderabbitai[bot],ZKunZhang,PR_REVIEW_OR_APPROVAL
coderabbitai[bot],ZKunZhang,PR_REVIEW_OR_APPROVAL
coderabbitai[bot],renovate[bot],COMMENT_ON_ISSUE_OR_PR
github-actions[bot],renovate[bot],COMMENT_ON_ISSUE_OR_PR
pkg-pr-new[bot],renovate[bot],COMMENT_ON_ISSUE_OR_PR
edison1105,renovate[bot],PR_MERGE
coderabbitai[bot],renovate[bot],COMMENT_ON_ISSUE_OR_PR
github-actions[bot],renovate[bot],COMMENT_ON_ISSUE_OR_PR
pkg-pr-new[bot],renovate[bot],COMMENT_ON_ISSUE_OR_PR
edison1105,renovate[bot],PR_MERGE
coderabbitai[bot],renovate[bot],COMMENT_ON_ISSUE_OR_PR
github-actions[bot],renovate[bot],COMMENT_ON_ISSUE_OR_PR
pkg-pr-new[bot],renovate[bot],COMMENT_ON_ISSUE_OR_PR
edison1105,renovate[bot],PR_MERGE
coderabbitai[bot],renovate[bot],COMMENT_ON_ISSUE_OR_PR
github-actions[bot],renovate[bot],COMMENT_ON_ISSUE_OR_PR
pkg-pr-new[bot],renovate[bot],COMMENT_ON_ISSUE_OR_PR
edison1105,renovate[bot],PR_MERGE
coderabbitai[bot],ZKunZhang,COMMENT_ON_ISSUE_OR_PR
skirtles-code,ZKunZhang,COMMENT_ON_ISSUE_OR_PR
pkg-pr-new[bot],ZKunZhang,COMMENT_ON_ISSUE_OR_PR
edison1105,ZKunZhang,COMMENT_ON_ISSUE_OR_PR
github-actions[bot],ZKunZhang,COMMENT_ON_ISSUE_OR_PR
coderabbitai[bot],ZKunZhang,PR_REVIEW_OR_APPROVAL
coderabbitai[bot],ZKunZhang,PR_REVIEW_OR_APPROVAL
coderabbitai[bot],ZKunZhang,PR_REVIEW_OR_APPROVAL
coderabbitai[bot],Arman19941113,COMMENT_ON_ISSUE_OR_PR
github-actions[bot],Arman19941113,COMMENT_ON_ISSUE_OR_PR
pkg-pr-new[bot],Arman19941113,COMMENT_ON_ISSUE_OR_PR
edison1105,Arman19941113,COMMENT_ON_ISSUE_OR_PR
vue-bot,Arman19941113,COMMENT_ON_ISSUE_OR_PR
coderabbitai[bot],Arman19941113,PR_REVIEW_OR_APPROVAL
edison1105,Arman19941113,PR_MERGE
coderabbitai[bot],yangdan8,COMMENT_ON_ISSUE_OR_PR
github-actions[bot],yangdan8,COMMENT_ON_ISSUE_OR_PR
coderabbitai[bot],G1xiang,COMMENT_ON_ISSUE_OR_PR
github-actions[bot],G1xiang,COMMENT_ON_ISSUE_OR_PR
coderabbitai[bot],codelo-99,COMMENT_ON_ISSUE_OR_PR
Alfred-Skyblue,codelo-99,PR_REVIEW_OR_APPROVAL
edison1105,codelo-99,PR_MERGE
coderabbitai[bot],danielroe,COMMENT_ON_ISSUE_OR_PR
github-actions[bot],danielroe,COMMENT_ON_ISSUE_OR_PR
pkg-pr-new[bot],danielroe,COMMENT_ON_ISSUE_OR_PR
11Alone11,danielroe,COMMENT_ON_ISSUE_OR_PR
adamdehaven,danielroe,COMMENT_ON_ISSUE_OR_PR
coderabbitai[bot],danielroe,PR_REVIEW_OR_APPROVAL
edison1105,danielroe,PR_MERGE
coderabbitai[bot],edison1105,COMMENT_ON_ISSUE_OR_PR
github-actions[bot],edison1105,COMMENT_ON_ISSUE_OR_PR
pkg-pr-new[bot],edison1105,COMMENT_ON_ISSUE_OR_PR
coderabbitai[bot],edison1105,COMMENT_ON_ISSUE_OR_PR
pkg-pr-new[bot],edison1105,COMMENT_ON_ISSUE_OR_PR
coderabbitai[bot],edison1105,COMMENT_ON_ISSUE_OR_PR
pkg-pr-new[bot],edison1105,COMMENT_ON_ISSUE_OR_PR
coderabbitai[bot],9romise,COMMENT_ON_ISSUE_OR_PR
github-actions[bot],9romise,COMMENT_ON_ISSUE_OR_PR
pkg-pr-new[bot],9romise,COMMENT_ON_ISSUE_OR_PR
ferferga,9romise,COMMENT_ON_ISSUE_OR_PR
OrbisK,9romise,COMMENT_ON_ISSUE_OR_PR
netlify[bot],9romise,COMMENT_ON_ISSUE_OR_PR
edison1105,9romise,COMMENT_ON_ISSUE_OR_PR
coderabbitai[bot],9romise,PR_REVIEW_OR_APPROVAL
coderabbitai[bot],9romise,PR_REVIEW_OR_APPROVAL
antfu,9romise,PR_REVIEW_OR_APPROVAL
coderabbitai[bot],alex-snezhko,COMMENT_ON_ISSUE_OR_PR
github-actions[bot],alex-snezhko,COMMENT_ON_ISSUE_OR_PR
pkg-pr-new[bot],alex-snezhko,COMMENT_ON_ISSUE_OR_PR
coderabbitai[bot],alex-snezhko,PR_REVIEW_OR_APPROVAL
coderabbitai[bot],renovate[bot],COMMENT_ON_ISSUE_OR_PR
github-actions[bot],renovate[bot],COMMENT_ON_ISSUE_OR_PR
pkg-pr-new[bot],renovate[bot],COMMENT_ON_ISSUE_OR_PR
pkg-pr-new[bot],renovate[bot],COMMENT_ON_ISSUE_OR_PR
edison1105,renovate[bot],PR_MERGE
coderabbitai[bot],renovate[bot],COMMENT_ON_ISSUE_OR_PR
github-actions[bot],renovate[bot],COMMENT_ON_ISSUE_OR_PR
pkg-pr-new[bot],renovate[bot],COMMENT_ON_ISSUE_OR_PR
edison1105,renovate[bot],PR_MERGE
coderabbitai[bot],zusorio,COMMENT_ON_ISSUE_OR_PR
github-actions[bot],zusorio,COMMENT_ON_ISSUE_OR_PR
pkg-pr-new[bot],zusorio,COMMENT_ON_ISSUE_OR_PR
coderabbitai[bot],zusorio,PR_REVIEW_OR_APPROVAL
edison1105,zusorio,PR_REVIEW_OR_APPROVAL
coderabbitai[bot],zusorio,PR_REVIEW_OR_APPROVAL
edison1105,zusorio,PR_MERGE
coderabbitai[bot],edison1105,COMMENT_ON_ISSUE_OR_PR
pkg-pr-new[bot],edison1105,COMMENT_ON_ISSUE_OR_PR
coderabbitai[bot],edison1105,COMMENT_ON_ISSUE_OR_PR
github-actions[bot],edison1105,COMMENT_ON_ISSUE_OR_PR
pkg-pr-new[bot],edison1105,COMMENT_ON_ISSUE_OR_PR
vue-bot,edison1105,COMMENT_ON_ISSUE_OR_PR
coderabbitai[bot],edison1105,PR_REVIEW_OR_APPROVAL
coderabbitai[bot],jackma9604,COMMENT_ON_ISSUE_OR_PR
github-actions[bot],jackma9604,COMMENT_ON_ISSUE_OR_PR
netlify[bot],jackma9604,COMMENT_ON_ISSUE_OR_PR
edison1105,jackma9604,COMMENT_ON_ISSUE_OR_PR
coderabbitai[bot],jackma9604,COMMENT_ON_ISSUE_OR_PR
github-actions[bot],jackma9604,COMMENT_ON_ISSUE_OR_PR
netlify[bot],jackma9604,COMMENT_ON_ISSUE_OR_PR
edison1105,jackma9604,COMMENT_ON_ISSUE_OR_PR
coderabbitai[bot],edison1105,COMMENT_ON_ISSUE_OR_PR
github-actions[bot],edison1105,COMMENT_ON_ISSUE_OR_PR
pkg-pr-new[bot],edison1105,COMMENT_ON_ISSUE_OR_PR
netlify[bot],edison1105,COMMENT_ON_ISSUE_OR_PR
coderabbitai[bot],edison1105,COMMENT_ON_ISSUE_OR_PR
github-actions[bot],edison1105,COMMENT_ON_ISSUE_OR_PR
pkg-pr-new[bot],edison1105,COMMENT_ON_ISSUE_OR_PR
coderabbitai[bot],edison1105,PR_REVIEW_OR_APPROVAL
coderabbitai[bot],alex-snezhko,COMMENT_ON_ISSUE_OR_PR
github-actions[bot],alex-snezhko,COMMENT_ON_ISSUE_OR_PR
pkg-pr-new[bot],alex-snezhko,COMMENT_ON_ISSUE_OR_PR
coderabbitai[bot],alex-snezhko,PR_REVIEW_OR_APPROVAL
coderabbitai[bot],edison1105,COMMENT_ON_ISSUE_OR_PR
github-actions[bot],edison1105,COMMENT_ON_ISSUE_OR_PR
pkg-pr-new[bot],edison1105,COMMENT_ON_ISSUE_OR_PR
coderabbitai[bot],edison1105,PR_REVIEW_OR_APPROVAL
coderabbitai[bot],AriPerkkio,COMMENT_ON_ISSUE_OR_PR
github-actions[bot],AriPerkkio,COMMENT_ON_ISSUE_OR_PR
pkg-pr-new[bot],AriPerkkio,COMMENT_ON_ISSUE_OR_PR
coderabbitai[bot],AriPerkkio,PR_REVIEW_OR_APPROVAL
edison1105,AriPerkkio,PR_MERGE
coderabbitai[bot],rzzf,COMMENT_ON_ISSUE_OR_PR
github-actions[bot],rzzf,COMMENT_ON_ISSUE_OR_PR
pkg-pr-new[bot],rzzf,COMMENT_ON_ISSUE_OR_PR
edison1105,rzzf,COMMENT_ON_ISSUE_OR_PR
coderabbitai[bot],twodogwang,COMMENT_ON_ISSUE_OR_PR
coderabbitai[bot],twodogwang,PR_REVIEW_OR_APPROVAL
edison1105,twodogwang,PR_MERGE
coderabbitai[bot],zhiyuanzmj,COMMENT_ON_ISSUE_OR_PR
github-actions[bot],zhiyuanzmj,COMMENT_ON_ISSUE_OR_PR
pkg-pr-new[bot],zhiyuanzmj,COMMENT_ON_ISSUE_OR_PR
netlify[bot],zhiyuanzmj,COMMENT_ON_ISSUE_OR_PR
vue-bot,zhiyuanzmj,COMMENT_ON_ISSUE_OR_PR
copilot-pull-request-reviewer[bot],zhiyuanzmj,PR_REVIEW_OR_APPROVAL
edison1105,zhiyuanzmj,PR_MERGE
coderabbitai[bot],sheremet-va,COMMENT_ON_ISSUE_OR_PR
AriPerkkio,sheremet-va,COMMENT_ON_ISSUE_OR_PR
edison1105,sheremet-va,COMMENT_ON_ISSUE_OR_PR
coderabbitai[bot],sheremet-va,PR_REVIEW_OR_APPROVAL
coderabbitai[bot],edison1105,COMMENT_ON_ISSUE_OR_PR
github-actions[bot],edison1105,COMMENT_ON_ISSUE_OR_PR
pkg-pr-new[bot],edison1105,COMMENT_ON_ISSUE_OR_PR
netlify[bot],edison1105,COMMENT_ON_ISSUE_OR_PR
coderabbitai[bot],jackma9604,COMMENT_ON_ISSUE_OR_PR
netlify[bot],jackma9604,COMMENT_ON_ISSUE_OR_PR
edison1105,jackma9604,PR_REVIEW_OR_APPROVAL
edison1105,jackma9604,PR_MERGE
coderabbitai[bot],edison1105,COMMENT_ON_ISSUE_OR_PR
github-actions[bot],edison1105,COMMENT_ON_ISSUE_OR_PR
pkg-pr-new[bot],edison1105,COMMENT_ON_ISSUE_OR_PR
netlify[bot],edison1105,COMMENT_ON_ISSUE_OR_PR
alex-snezhko,edison1105,PR_REVIEW_OR_APPROVAL
alex-snezhko,edison1105,PR_REVIEW_OR_APPROVAL
coderabbitai[bot],edison1105,COMMENT_ON_ISSUE_OR_PR
github-actions[bot],edison1105,COMMENT_ON_ISSUE_OR_PR
pkg-pr-new[bot],edison1105,COMMENT_ON_ISSUE_OR_PR
netlify[bot],edison1105,COMMENT_ON_ISSUE_OR_PR
coderabbitai[bot],edison1105,COMMENT_ON_ISSUE_OR_PR
github-actions[bot],edison1105,COMMENT_ON_ISSUE_OR_PR
pkg-pr-new[bot],edison1105,COMMENT_ON_ISSUE_OR_PR
vue-bot,edison1105,COMMENT_ON_ISSUE_OR_PR
zyycn,edison1105,COMMENT_ON_ISSUE_OR_PR
winixt,edison1105,COMMENT_ON_ISSUE_OR_PR
coderabbitai[bot],edison1105,PR_REVIEW_OR_APPROVAL
coderabbitai[bot],edison1105,COMMENT_ON_ISSUE_OR_PR
github-actions[bot],edison1105,COMMENT_ON_ISSUE_OR_PR
pkg-pr-new[bot],edison1105,COMMENT_ON_ISSUE_OR_PR
coderabbitai[bot],edison1105,PR_REVIEW_OR_APPROVAL
coderabbitai[bot],edison1105,PR_REVIEW_OR_APPROVAL
coderabbitai[bot],alex-snezhko,COMMENT_ON_ISSUE_OR_PR
github-actions[bot],alex-snezhko,COMMENT_ON_ISSUE_OR_PR
pkg-pr-new[bot],alex-snezhko,COMMENT_ON_ISSUE_OR_PR
coderabbitai[bot],alex-snezhko,PR_REVIEW_OR_APPROVAL
coderabbitai[bot],alex-snezhko,PR_REVIEW_OR_APPROVAL
edison1105,alex-snezhko,PR_REVIEW_OR_APPROVAL
edison1105,alex-snezhko,PR_REVIEW_OR_APPROVAL
coderabbitai[bot],edison1105,COMMENT_ON_ISSUE_OR_PR
github-actions[bot],edison1105,COMMENT_ON_ISSUE_OR_PR
pkg-pr-new[bot],edison1105,COMMENT_ON_ISSUE_OR_PR
coderabbitai[bot],edison1105,PR_REVIEW_OR_APPROVAL
coderabbitai[bot],rzzf,COMMENT_ON_ISSUE_OR_PR
pkg-pr-new[bot],rzzf,COMMENT_ON_ISSUE_OR_PR
github-actions[bot],rzzf,COMMENT_ON_ISSUE_OR_PR
edison1105,rzzf,COMMENT_ON_ISSUE_OR_PR
edison1105,rzzf,COMMENT_ON_ISSUE_OR_PR
vue-bot,rzzf,COMMENT_ON_ISSUE_OR_PR
jimmylab,rzzf,COMMENT_ON_ISSUE_OR_PR
coderabbitai[bot],rzzf,PR_REVIEW_OR_APPROVAL
coderabbitai[bot],rzzf,PR_REVIEW_OR_APPROVAL
coderabbitai[bot],rzzf,PR_REVIEW_OR_APPROVAL
edison1105,rzzf,PR_REVIEW_OR_APPROVAL
edison1105,rzzf,PR_MERGE
coderabbitai[bot],renovate[bot],COMMENT_ON_ISSUE_OR_PR
pkg-pr-new[bot],renovate[bot],COMMENT_ON_ISSUE_OR_PR
github-actions[bot],renovate[bot],COMMENT_ON_ISSUE_OR_PR
edison1105,renovate[bot],PR_MERGE
coderabbitai[bot],renovate[bot],COMMENT_ON_ISSUE_OR_PR
pkg-pr-new[bot],renovate[bot],COMMENT_ON_ISSUE_OR_PR
github-actions[bot],renovate[bot],COMMENT_ON_ISSUE_OR_PR
edison1105,renovate[bot],PR_MERGE
coderabbitai[bot],renovate[bot],COMMENT_ON_ISSUE_OR_PR
github-actions[bot],renovate[bot],COMMENT_ON_ISSUE_OR_PR
pkg-pr-new[bot],renovate[bot],COMMENT_ON_ISSUE_OR_PR
edison1105,renovate[bot],PR_MERGE
coderabbitai[bot],renovate[bot],COMMENT_ON_ISSUE_OR_PR
github-actions[bot],renovate[bot],COMMENT_ON_ISSUE_OR_PR
pkg-pr-new[bot],renovate[bot],COMMENT_ON_ISSUE_OR_PR
edison1105,renovate[bot],PR_MERGE
coderabbitai[bot],LittleSound,COMMENT_ON_ISSUE_OR_PR
github-actions[bot],LittleSound,COMMENT_ON_ISSUE_OR_PR
netlify[bot],LittleSound,COMMENT_ON_ISSUE_OR_PR
pkg-pr-new[bot],LittleSound,COMMENT_ON_ISSUE_OR_PR
coderabbitai[bot],edison1105,COMMENT_ON_ISSUE_OR_PR
github-actions[bot],edison1105,COMMENT_ON_ISSUE_OR_PR
pkg-pr-new[bot],edison1105,COMMENT_ON_ISSUE_OR_PR
coderabbitai[bot],edison1105,PR_REVIEW_OR_APPROVAL
coderabbitai[bot],CodeKing237,COMMENT_ON_ISSUE_OR_PR
coderabbitai[bot],CodeKing237,PR_REVIEW_OR_APPROVAL
coderabbitai[bot],LeeSamFong,COMMENT_ON_ISSUE_OR_PR
edison1105,LeeSamFong,COMMENT_ON_ISSUE_OR_PR
coderabbitai[bot],LeeSamFong,PR_REVIEW_OR_APPROVAL
coderabbitai[bot],LeeSamFong,PR_REVIEW_OR_APPROVAL
coderabbitai[bot],LeeSamFong,COMMENT_ON_ISSUE_OR_PR
github-actions[bot],LeeSamFong,COMMENT_ON_ISSUE_OR_PR
pkg-pr-new[bot],LeeSamFong,COMMENT_ON_ISSUE_OR_PR
edison1105,LeeSamFong,COMMENT_ON_ISSUE_OR_PR
vue-bot,LeeSamFong,COMMENT_ON_ISSUE_OR_PR
coderabbitai[bot],LeeSamFong,PR_REVIEW_OR_APPROVAL
edison1105,LeeSamFong,PR_MERGE
coderabbitai[bot],LeeSamFong,COMMENT_ON_ISSUE_OR_PR
coderabbitai[bot],danielroe,COMMENT_ON_ISSUE_OR_PR
github-actions[bot],danielroe,COMMENT_ON_ISSUE_OR_PR
pkg-pr-new[bot],danielroe,COMMENT_ON_ISSUE_OR_PR
coderabbitai[bot],danielroe,PR_REVIEW_OR_APPROVAL
edison1105,danielroe,PR_REVIEW_OR_APPROVAL
edison1105,danielroe,PR_MERGE
coderabbitai[bot],alentide,COMMENT_ON_ISSUE_OR_PR
edison1105,alentide,PR_MERGE
coderabbitai[bot],Calvin-LL,COMMENT_ON_ISSUE_OR_PR
github-actions[bot],Calvin-LL,COMMENT_ON_ISSUE_OR_PR
pkg-pr-new[bot],Calvin-LL,COMMENT_ON_ISSUE_OR_PR
kelseysunhaha,Calvin-LL,PR_REVIEW_OR_APPROVAL
coderabbitai[bot],edison1105,COMMENT_ON_ISSUE_OR_PR
pkg-pr-new[bot],edison1105,COMMENT_ON_ISSUE_OR_PR
github-actions[bot],edison1105,COMMENT_ON_ISSUE_OR_PR
coderabbitai[bot],edison1105,PR_REVIEW_OR_APPROVAL
coderabbitai[bot],edison1105,COMMENT_ON_ISSUE_OR_PR
pkg-pr-new[bot],edison1105,COMMENT_ON_ISSUE_OR_PR
github-actions[bot],edison1105,COMMENT_ON_ISSUE_OR_PR
vue-bot,edison1105,COMMENT_ON_ISSUE_OR_PR
coderabbitai[bot],edison1105,PR_REVIEW_OR_APPROVAL
coderabbitai[bot],renovate[bot],COMMENT_ON_ISSUE_OR_PR
pkg-pr-new[bot],renovate[bot],COMMENT_ON_ISSUE_OR_PR
github-actions[bot],renovate[bot],COMMENT_ON_ISSUE_OR_PR
edison1105,renovate[bot],PR_MERGE
coderabbitai[bot],renovate[bot],COMMENT_ON_ISSUE_OR_PR
pkg-pr-new[bot],renovate[bot],COMMENT_ON_ISSUE_OR_PR
github-actions[bot],renovate[bot],COMMENT_ON_ISSUE_OR_PR
edison1105,renovate[bot],PR_MERGE
coderabbitai[bot],OlTrenin,COMMENT_ON_ISSUE_OR_PR
edison1105,OlTrenin,COMMENT_ON_ISSUE_OR_PR
niksy,OlTrenin,COMMENT_ON_ISSUE_OR_PR
edison1105,OlTrenin,COMMENT_ON_ISSUE_OR_PR
niksy,OlTrenin,COMMENT_ON_ISSUE_OR_PR
coderabbitai[bot],OlTrenin,PR_REVIEW_OR_APPROVAL
coderabbitai[bot],OlTrenin,COMMENT_ON_ISSUE_OR_PR
github-actions[bot],OlTrenin,COMMENT_ON_ISSUE_OR_PR
eric-gitta-moore,OlTrenin,COMMENT_ON_ISSUE_OR_PR
auvred,OlTrenin,COMMENT_ON_ISSUE_OR_PR
auvred,OlTrenin,COMMENT_ON_ISSUE_OR_PR
coderabbitai[bot],OlTrenin,PR_REVIEW_OR_APPROVAL
edison1105,OlTrenin,PR_REVIEW_OR_APPROVAL
auvred,OlTrenin,PR_REVIEW_OR_APPROVAL
coderabbitai[bot],edison1105,COMMENT_ON_ISSUE_OR_PR
github-actions[bot],edison1105,COMMENT_ON_ISSUE_OR_PR
pkg-pr-new[bot],edison1105,COMMENT_ON_ISSUE_OR_PR
coderabbitai[bot],edison1105,COMMENT_ON_ISSUE_OR_PR
github-actions[bot],edison1105,COMMENT_ON_ISSUE_OR_PR
pkg-pr-new[bot],edison1105,COMMENT_ON_ISSUE_OR_PR
coderabbitai[bot],edison1105,PR_REVIEW_OR_APPROVAL
coderabbitai[bot],edison1105,COMMENT_ON_ISSUE_OR_PR
pkg-pr-new[bot],edison1105,COMMENT_ON_ISSUE_OR_PR
github-actions[bot],edison1105,COMMENT_ON_ISSUE_OR_PR
LittleSound,edison1105,PR_REVIEW_OR_APPROVAL
coderabbitai[bot],Calvin-LL,COMMENT_ON_ISSUE_OR_PR
github-actions[bot],Calvin-LL,COMMENT_ON_ISSUE_OR_PR
pkg-pr-new[bot],Calvin-LL,COMMENT_ON_ISSUE_OR_PR
edison1105,Calvin-LL,COMMENT_ON_ISSUE_OR_PR
coderabbitai[bot],yangdan8,COMMENT_ON_ISSUE_OR_PR
edison1105,yangdan8,COMMENT_ON_ISSUE_OR_PR
github-actions[bot],yangdan8,COMMENT_ON_ISSUE_OR_PR
pkg-pr-new[bot],yangdan8,COMMENT_ON_ISSUE_OR_PR
edison1105,yangdan8,PR_MERGE
coderabbitai[bot],yangdan8,COMMENT_ON_ISSUE_OR_PR
github-actions[bot],yangdan8,COMMENT_ON_ISSUE_OR_PR
pkg-pr-new[bot],yangdan8,COMMENT_ON_ISSUE_OR_PR
edison1105,yangdan8,COMMENT_ON_ISSUE_OR_PR
vue-bot,yangdan8,COMMENT_ON_ISSUE_OR_PR
edison1105,yangdan8,PR_MERGE
coderabbitai[bot],czhlin,COMMENT_ON_ISSUE_OR_PR
github-actions[bot],czhlin,COMMENT_ON_ISSUE_OR_PR
pkg-pr-new[bot],czhlin,COMMENT_ON_ISSUE_OR_PR
edison1105,czhlin,COMMENT_ON_ISSUE_OR_PR
vue-bot,czhlin,COMMENT_ON_ISSUE_OR_PR
coderabbitai[bot],czhlin,PR_REVIEW_OR_APPROVAL
coderabbitai[bot],czhlin,PR_REVIEW_OR_APPROVAL
coderabbitai[bot],czhlin,PR_REVIEW_OR_APPROVAL
coderabbitai[bot],czhlin,PR_REVIEW_OR_APPROVAL
edison1105,czhlin,PR_MERGE
coderabbitai[bot],leno23,COMMENT_ON_ISSUE_OR_PR
github-actions[bot],leno23,COMMENT_ON_ISSUE_OR_PR
pkg-pr-new[bot],leno23,COMMENT_ON_ISSUE_OR_PR
edison1105,leno23,PR_MERGE
coderabbitai[bot],stefanonepanedap,COMMENT_ON_ISSUE_OR_PR
coderabbitai[bot],stefanonepanedap,COMMENT_ON_ISSUE_OR_PR
coderabbitai[bot],stefanonepanedap,PR_REVIEW_OR_APPROVAL
edison1105,stefanonepanedap,PR_MERGE
coderabbitai[bot],renovate[bot],COMMENT_ON_ISSUE_OR_PR
github-actions[bot],renovate[bot],COMMENT_ON_ISSUE_OR_PR
pkg-pr-new[bot],renovate[bot],COMMENT_ON_ISSUE_OR_PR
edison1105,renovate[bot],PR_MERGE
coderabbitai[bot],renovate[bot],COMMENT_ON_ISSUE_OR_PR
github-actions[bot],renovate[bot],COMMENT_ON_ISSUE_OR_PR
pkg-pr-new[bot],renovate[bot],COMMENT_ON_ISSUE_OR_PR
edison1105,renovate[bot],PR_MERGE
coderabbitai[bot],alex-snezhko,COMMENT_ON_ISSUE_OR_PR
github-actions[bot],alex-snezhko,COMMENT_ON_ISSUE_OR_PR
pkg-pr-new[bot],alex-snezhko,COMMENT_ON_ISSUE_OR_PR
coderabbitai[bot],DrJume,COMMENT_ON_ISSUE_OR_PR
github-actions[bot],DrJume,COMMENT_ON_ISSUE_OR_PR
pkg-pr-new[bot],DrJume,COMMENT_ON_ISSUE_OR_PR
edison1105,DrJume,COMMENT_ON_ISSUE_OR_PR
vue-bot,DrJume,COMMENT_ON_ISSUE_OR_PR
coderabbitai[bot],Litor,COMMENT_ON_ISSUE_OR_PR
edison1105,Litor,COMMENT_ON_ISSUE_OR_PR
edison1105,Litor,COMMENT_ON_ISSUE_OR_PR
coderabbitai[bot],renovate[bot],COMMENT_ON_ISSUE_OR_PR
github-actions[bot],renovate[bot],COMMENT_ON_ISSUE_OR_PR
pkg-pr-new[bot],renovate[bot],COMMENT_ON_ISSUE_OR_PR
edison1105,renovate[bot],PR_MERGE
coderabbitai[bot],renovate[bot],COMMENT_ON_ISSUE_OR_PR
github-actions[bot],renovate[bot],COMMENT_ON_ISSUE_OR_PR
pkg-pr-new[bot],renovate[bot],COMMENT_ON_ISSUE_OR_PR
edison1105,renovate[bot],PR_MERGE
coderabbitai[bot],alex-snezhko,COMMENT_ON_ISSUE_OR_PR
github-actions[bot],alex-snezhko,COMMENT_ON_ISSUE_OR_PR
pkg-pr-new[bot],alex-snezhko,COMMENT_ON_ISSUE_OR_PR
coderabbitai[bot],edison1105,COMMENT_ON_ISSUE_OR_PR
github-actions[bot],edison1105,COMMENT_ON_ISSUE_OR_PR
pkg-pr-new[bot],edison1105,COMMENT_ON_ISSUE_OR_PR
coderabbitai[bot],chirokas,COMMENT_ON_ISSUE_OR_PR
github-actions[bot],chirokas,COMMENT_ON_ISSUE_OR_PR
pkg-pr-new[bot],chirokas,COMMENT_ON_ISSUE_OR_PR
Justineo,chirokas,COMMENT_ON_ISSUE_OR_PR
coderabbitai[bot],chirokas,PR_REVIEW_OR_APPROVAL
coderabbitai[bot],equt,COMMENT_ON_ISSUE_OR_PR
github-actions[bot],equt,COMMENT_ON_ISSUE_OR_PR
pkg-pr-new[bot],equt,COMMENT_ON_ISSUE_OR_PR
edison1105,equt,COMMENT_ON_ISSUE_OR_PR
vue-bot,equt,COMMENT_ON_ISSUE_OR_PR
edison1105,equt,PR_MERGE
coderabbitai[bot],johnsoncodehk,COMMENT_ON_ISSUE_OR_PR
github-actions[bot],johnsoncodehk,COMMENT_ON_ISSUE_OR_PR
pkg-pr-new[bot],johnsoncodehk,COMMENT_ON_ISSUE_OR_PR
edison1105,johnsoncodehk,PR_MERGE
coderabbitai[bot],amachang,COMMENT_ON_ISSUE_OR_PR
Aymkdn,amachang,COMMENT_ON_ISSUE_OR_PR
Aymkdn,amachang,COMMENT_ON_ISSUE_OR_PR
coderabbitai[bot],amachang,PR_REVIEW_OR_APPROVAL
Justineo,amachang,PR_REVIEW_OR_APPROVAL
coderabbitai[bot],mattheww-skyward,COMMENT_ON_ISSUE_OR_PR
coderabbitai[bot],edison1105,COMMENT_ON_ISSUE_OR_PR
github-actions[bot],edison1105,COMMENT_ON_ISSUE_OR_PR
pkg-pr-new[bot],edison1105,COMMENT_ON_ISSUE_OR_PR
johnsoncodehk,edison1105,PR_REVIEW_OR_APPROVAL
coderabbitai[bot],renovate[bot],COMMENT_ON_ISSUE_OR_PR
github-actions[bot],renovate[bot],COMMENT_ON_ISSUE_OR_PR
pkg-pr-new[bot],renovate[bot],COMMENT_ON_ISSUE_OR_PR
edison1105,renovate[bot],PR_MERGE
coderabbitai[bot],renovate[bot],COMMENT_ON_ISSUE_OR_PR
github-actions[bot],renovate[bot],COMMENT_ON_ISSUE_OR_PR
pkg-pr-new[bot],renovate[bot],COMMENT_ON_ISSUE_OR_PR
edison1105,renovate[bot],PR_MERGE
coderabbitai[bot],alex-snezhko,COMMENT_ON_ISSUE_OR_PR
github-actions[bot],alex-snezhko,COMMENT_ON_ISSUE_OR_PR
pkg-pr-new[bot],alex-snezhko,COMMENT_ON_ISSUE_OR_PR
edison1105,alex-snezhko,COMMENT_ON_ISSUE_OR_PR
edison1105,alex-snezhko,COMMENT_ON_ISSUE_OR_PR
edison1105,alex-snezhko,COMMENT_ON_ISSUE_OR_PR
edison1105,alex-snezhko,PR_MERGE
coderabbitai[bot],OlTrenin,COMMENT_ON_ISSUE_OR_PR
github-actions[bot],OlTrenin,COMMENT_ON_ISSUE_OR_PR
pkg-pr-new[bot],OlTrenin,COMMENT_ON_ISSUE_OR_PR
edison1105,OlTrenin,COMMENT_ON_ISSUE_OR_PR
coderabbitai[bot],edison1105,COMMENT_ON_ISSUE_OR_PR
github-actions[bot],edison1105,COMMENT_ON_ISSUE_OR_PR
pkg-pr-new[bot],edison1105,COMMENT_ON_ISSUE_OR_PR
netlify[bot],edison1105,COMMENT_ON_ISSUE_OR_PR
alex-snezhko,edison1105,PR_REVIEW_OR_APPROVAL
alex-snezhko,edison1105,PR_REVIEW_OR_APPROVAL
coderabbitai[bot],awaken1ng,COMMENT_ON_ISSUE_OR_PR
github-actions[bot],awaken1ng,COMMENT_ON_ISSUE_OR_PR
pkg-pr-new[bot],awaken1ng,COMMENT_ON_ISSUE_OR_PR
edison1105,awaken1ng,PR_MERGE
coderabbitai[bot],linzhe141,COMMENT_ON_ISSUE_OR_PR
github-actions[bot],linzhe141,COMMENT_ON_ISSUE_OR_PR
pkg-pr-new[bot],linzhe141,COMMENT_ON_ISSUE_OR_PR
edison1105,linzhe141,PR_REVIEW_OR_APPROVAL
edison1105,linzhe141,PR_MERGE
coderabbitai[bot],zhangenming,COMMENT_ON_ISSUE_OR_PR
github-actions[bot],zhangenming,COMMENT_ON_ISSUE_OR_PR
pkg-pr-new[bot],zhangenming,COMMENT_ON_ISSUE_OR_PR
edison1105,zhangenming,PR_MERGE
coderabbitai[bot],Ray-D-Song,COMMENT_ON_ISSUE_OR_PR
edison1105,Ray-D-Song,COMMENT_ON_ISSUE_OR_PR
edison1105,Ray-D-Song,COMMENT_ON_ISSUE_OR_PR
coderabbitai[bot],edison1105,COMMENT_ON_ISSUE_OR_PR
github-actions[bot],edison1105,COMMENT_ON_ISSUE_OR_PR
pkg-pr-new[bot],edison1105,COMMENT_ON_ISSUE_OR_PR
netlify[bot],edison1105,COMMENT_ON_ISSUE_OR_PR
netlify[bot],edison1105,COMMENT_ON_ISSUE_OR_PR
vue-bot,edison1105,COMMENT_ON_ISSUE_OR_PR
coderabbitai[bot],edison1105,PR_REVIEW_OR_APPROVAL
coderabbitai[bot],shshouse,COMMENT_ON_ISSUE_OR_PR
edison1105,shshouse,COMMENT_ON_ISSUE_OR_PR
coderabbitai[bot],shshouse,PR_REVIEW_OR_APPROVAL
coderabbitai[bot],shshouse,COMMENT_ON_ISSUE_OR_PR
edison1105,shshouse,COMMENT_ON_ISSUE_OR_PR
coderabbitai[bot],shshouse,COMMENT_ON_ISSUE_OR_PR
coderabbitai[bot],shshouse,COMMENT_ON_ISSUE_OR_PR
coderabbitai[bot],zhiyuanzmj,COMMENT_ON_ISSUE_OR_PR
github-actions[bot],zhiyuanzmj,COMMENT_ON_ISSUE_OR_PR
pkg-pr-new[bot],zhiyuanzmj,COMMENT_ON_ISSUE_OR_PR
coderabbitai[bot],mary-ext,COMMENT_ON_ISSUE_OR_PR
netlify[bot],mary-ext,COMMENT_ON_ISSUE_OR_PR
edison1105,mary-ext,COMMENT_ON_ISSUE_OR_PR
edison1105,mary-ext,COMMENT_ON_ISSUE_OR_PR
edison1105,mary-ext,COMMENT_ON_ISSUE_OR_PR
github-actions[bot],mary-ext,COMMENT_ON_ISSUE_OR_PR
pkg-pr-new[bot],mary-ext,COMMENT_ON_ISSUE_OR_PR
edison1105,mary-ext,COMMENT_ON_ISSUE_OR_PR
absidue,mary-ext,PR_REVIEW_OR_APPROVAL
cyyynthia,mary-ext,PR_REVIEW_OR_APPROVAL
edison1105,mary-ext,PR_REVIEW_OR_APPROVAL
edison1105,mary-ext,PR_MERGE
coderabbitai[bot],edison1105,COMMENT_ON_ISSUE_OR_PR
github-actions[bot],edison1105,COMMENT_ON_ISSUE_OR_PR
pkg-pr-new[bot],edison1105,COMMENT_ON_ISSUE_OR_PR
netlify[bot],edison1105,COMMENT_ON_ISSUE_OR_PR
coderabbitai[bot],renovate[bot],COMMENT_ON_ISSUE_OR_PR
github-actions[bot],renovate[bot],COMMENT_ON_ISSUE_OR_PR
pkg-pr-new[bot],renovate[bot],COMMENT_ON_ISSUE_OR_PR
edison1105,renovate[bot],PR_MERGE
coderabbitai[bot],renovate[bot],COMMENT_ON_ISSUE_OR_PR
github-actions[bot],renovate[bot],COMMENT_ON_ISSUE_OR_PR
pkg-pr-new[bot],renovate[bot],COMMENT_ON_ISSUE_OR_PR
edison1105,renovate[bot],PR_MERGE
coderabbitai[bot],edison1105,COMMENT_ON_ISSUE_OR_PR
github-actions[bot],edison1105,COMMENT_ON_ISSUE_OR_PR
pkg-pr-new[bot],edison1105,COMMENT_ON_ISSUE_OR_PR
netlify[bot],edison1105,COMMENT_ON_ISSUE_OR_PR
alex-snezhko,edison1105,PR_REVIEW_OR_APPROVAL
alex-snezhko,edison1105,PR_REVIEW_OR_APPROVAL
alex-snezhko,edison1105,PR_REVIEW_OR_APPROVAL
alex-snezhko,edison1105,PR_REVIEW_OR_APPROVAL
LittleSound,edison1105,PR_REVIEW_OR_APPROVAL
coderabbitai[bot],cyyynthia,COMMENT_ON_ISSUE_OR_PR
github-actions[bot],cyyynthia,COMMENT_ON_ISSUE_OR_PR
pkg-pr-new[bot],cyyynthia,COMMENT_ON_ISSUE_OR_PR
edison1105,cyyynthia,COMMENT_ON_ISSUE_OR_PR
edison1105,cyyynthia,COMMENT_ON_ISSUE_OR_PR
edison1105,cyyynthia,PR_REVIEW_OR_APPROVAL
edison1105,cyyynthia,PR_MERGE
coderabbitai[bot],LittleSound,COMMENT_ON_ISSUE_OR_PR
github-actions[bot],LittleSound,COMMENT_ON_ISSUE_OR_PR
pkg-pr-new[bot],LittleSound,COMMENT_ON_ISSUE_OR_PR
edison1105,LittleSound,PR_MERGE
coderabbitai[bot],edison1105,COMMENT_ON_ISSUE_OR_PR
github-actions[bot],edison1105,COMMENT_ON_ISSUE_OR_PR
pkg-pr-new[bot],edison1105,COMMENT_ON_ISSUE_OR_PR
vue-bot,edison1105,COMMENT_ON_ISSUE_OR_PR
coderabbitai[bot],zhiyuanzmj,COMMENT_ON_ISSUE_OR_PR
github-actions[bot],zhiyuanzmj,COMMENT_ON_ISSUE_OR_PR
pkg-pr-new[bot],zhiyuanzmj,COMMENT_ON_ISSUE_OR_PR
coderabbitai[bot],zhiyuanzmj,COMMENT_ON_ISSUE_OR_PR
github-actions[bot],zhiyuanzmj,COMMENT_ON_ISSUE_OR_PR
pkg-pr-new[bot],zhiyuanzmj,COMMENT_ON_ISSUE_OR_PR
edison1105,zhiyuanzmj,PR_MERGE
coderabbitai[bot],LittleSound,COMMENT_ON_ISSUE_OR_PR
github-actions[bot],LittleSound,COMMENT_ON_ISSUE_OR_PR
pkg-pr-new[bot],LittleSound,COMMENT_ON_ISSUE_OR_PR
coderabbitai[bot],Doctor-wu,COMMENT_ON_ISSUE_OR_PR
github-actions[bot],Doctor-wu,COMMENT_ON_ISSUE_OR_PR
pkg-pr-new[bot],Doctor-wu,COMMENT_ON_ISSUE_OR_PR
johnsoncodehk,Doctor-wu,PR_REVIEW_OR_APPROVAL
baiwusanyu-c,Doctor-wu,PR_REVIEW_OR_APPROVAL
LittleSound,Doctor-wu,PR_REVIEW_OR_APPROVAL
edison1105,Doctor-wu,PR_MERGE
coderabbitai[bot],LittleSound,COMMENT_ON_ISSUE_OR_PR
pkg-pr-new[bot],LittleSound,COMMENT_ON_ISSUE_OR_PR
github-actions[bot],LittleSound,COMMENT_ON_ISSUE_OR_PR
coderabbitai[bot],zhiyuanzmj,COMMENT_ON_ISSUE_OR_PR
github-actions[bot],zhiyuanzmj,COMMENT_ON_ISSUE_OR_PR
pkg-pr-new[bot],zhiyuanzmj,COMMENT_ON_ISSUE_OR_PR
edison1105,zhiyuanzmj,COMMENT_ON_ISSUE_OR_PR
edison1105,zhiyuanzmj,PR_REVIEW_OR_APPROVAL
edison1105,zhiyuanzmj,PR_MERGE
coderabbitai[bot],edison1105,COMMENT_ON_ISSUE_OR_PR
github-actions[bot],edison1105,COMMENT_ON_ISSUE_OR_PR
pkg-pr-new[bot],edison1105,COMMENT_ON_ISSUE_OR_PR
coderabbitai[bot],wzb0817,COMMENT_ON_ISSUE_OR_PR
Justineo,wzb0817,COMMENT_ON_ISSUE_OR_PR
coderabbitai[bot],alex-snezhko,COMMENT_ON_ISSUE_OR_PR
github-actions[bot],alex-snezhko,COMMENT_ON_ISSUE_OR_PR
pkg-pr-new[bot],alex-snezhko,COMMENT_ON_ISSUE_OR_PR
edison1105,alex-snezhko,PR_MERGE
coderabbitai[bot],edison1105,COMMENT_ON_ISSUE_OR_PR
github-actions[bot],edison1105,COMMENT_ON_ISSUE_OR_PR
pkg-pr-new[bot],edison1105,COMMENT_ON_ISSUE_OR_PR
AbdikarimDev,edison1105,COMMENT_ON_ISSUE_OR_PR
coderabbitai[bot],edison1105,PR_REVIEW_OR_APPROVAL
AbdikarimDev,edison1105,PR_REVIEW_OR_APPROVAL
coderabbitai[bot],edison1105,COMMENT_ON_ISSUE_OR_PR
github-actions[bot],edison1105,COMMENT_ON_ISSUE_OR_PR
pkg-pr-new[bot],edison1105,COMMENT_ON_ISSUE_OR_PR
coderabbitai[bot],johnsoncodehk,COMMENT_ON_ISSUE_OR_PR
github-actions[bot],johnsoncodehk,COMMENT_ON_ISSUE_OR_PR
pkg-pr-new[bot],johnsoncodehk,COMMENT_ON_ISSUE_OR_PR
zhiyuanzmj,johnsoncodehk,PR_REVIEW_OR_APPROVAL
edison1105,johnsoncodehk,PR_MERGE
coderabbitai[bot],edison1105,COMMENT_ON_ISSUE_OR_PR
github-actions[bot],edison1105,COMMENT_ON_ISSUE_OR_PR
pkg-pr-new[bot],edison1105,COMMENT_ON_ISSUE_OR_PR
coderabbitai[bot],edison1105,COMMENT_ON_ISSUE_OR_PR
github-actions[bot],edison1105,COMMENT_ON_ISSUE_OR_PR
pkg-pr-new[bot],edison1105,COMMENT_ON_ISSUE_OR_PR
vue-bot,edison1105,COMMENT_ON_ISSUE_OR_PR
coderabbitai[bot],KazariEX,COMMENT_ON_ISSUE_OR_PR
github-actions[bot],KazariEX,COMMENT_ON_ISSUE_OR_PR
pkg-pr-new[bot],KazariEX,COMMENT_ON_ISSUE_OR_PR
coderabbitai[bot],KazariEX,PR_REVIEW_OR_APPROVAL
skirtles-code,KazariEX,PR_REVIEW_OR_APPROVAL
coderabbitai[bot],linzhe141,COMMENT_ON_ISSUE_OR_PR
github-actions[bot],linzhe141,COMMENT_ON_ISSUE_OR_PR
pkg-pr-new[bot],linzhe141,COMMENT_ON_ISSUE_OR_PR
edison1105,linzhe141,COMMENT_ON_ISSUE_OR_PR
edison1105,linzhe141,COMMENT_ON_ISSUE_OR_PR
vue-bot,linzhe141,COMMENT_ON_ISSUE_OR_PR
coderabbitai[bot],linzhe141,PR_REVIEW_OR_APPROVAL
edison1105,linzhe141,PR_MERGE
coderabbitai[bot],KazariEX,COMMENT_ON_ISSUE_OR_PR
github-actions[bot],KazariEX,COMMENT_ON_ISSUE_OR_PR
pkg-pr-new[bot],KazariEX,COMMENT_ON_ISSUE_OR_PR
edison1105,KazariEX,COMMENT_ON_ISSUE_OR_PR
vue-bot,KazariEX,COMMENT_ON_ISSUE_OR_PR
edison1105,KazariEX,COMMENT_ON_ISSUE_OR_PR
zhiyuanzmj,KazariEX,COMMENT_ON_ISSUE_OR_PR
coderabbitai[bot],Gianthard-cyh,COMMENT_ON_ISSUE_OR_PR
github-actions[bot],Gianthard-cyh,COMMENT_ON_ISSUE_OR_PR
pkg-pr-new[bot],Gianthard-cyh,COMMENT_ON_ISSUE_OR_PR
ShenQingchuan,Gianthard-cyh,COMMENT_ON_ISSUE_OR_PR
netlify[bot],Gianthard-cyh,COMMENT_ON_ISSUE_OR_PR
edison1105,Gianthard-cyh,COMMENT_ON_ISSUE_OR_PR
edison1105,Gianthard-cyh,PR_REVIEW_OR_APPROVAL
edison1105,Gianthard-cyh,PR_REVIEW_OR_APPROVAL
edison1105,Gianthard-cyh,PR_REVIEW_OR_APPROVAL
edison1105,Gianthard-cyh,PR_REVIEW_OR_APPROVAL
edison1105,Gianthard-cyh,PR_REVIEW_OR_APPROVAL
edison1105,Gianthard-cyh,PR_MERGE
coderabbitai[bot],renovate[bot],COMMENT_ON_ISSUE_OR_PR
github-actions[bot],renovate[bot],COMMENT_ON_ISSUE_OR_PR
pkg-pr-new[bot],renovate[bot],COMMENT_ON_ISSUE_OR_PR
edison1105,renovate[bot],PR_MERGE
coderabbitai[bot],renovate[bot],COMMENT_ON_ISSUE_OR_PR
github-actions[bot],renovate[bot],COMMENT_ON_ISSUE_OR_PR
pkg-pr-new[bot],renovate[bot],COMMENT_ON_ISSUE_OR_PR
edison1105,renovate[bot],PR_MERGE
coderabbitai[bot],zhiyuanzmj,COMMENT_ON_ISSUE_OR_PR
github-actions[bot],zhiyuanzmj,COMMENT_ON_ISSUE_OR_PR
pkg-pr-new[bot],zhiyuanzmj,COMMENT_ON_ISSUE_OR_PR
KazariEX,zhiyuanzmj,COMMENT_ON_ISSUE_OR_PR
KazariEX,zhiyuanzmj,COMMENT_ON_ISSUE_OR_PR
edison1105,zhiyuanzmj,PR_REVIEW_OR_APPROVAL
edison1105,zhiyuanzmj,PR_REVIEW_OR_APPROVAL
edison1105,zhiyuanzmj,PR_MERGE
coderabbitai[bot],alex-snezhko,COMMENT_ON_ISSUE_OR_PR
github-actions[bot],alex-snezhko,COMMENT_ON_ISSUE_OR_PR
pkg-pr-new[bot],alex-snezhko,COMMENT_ON_ISSUE_OR_PR
coderabbitai[bot],alex-snezhko,PR_REVIEW_OR_APPROVAL
coderabbitai[bot],CamWass,COMMENT_ON_ISSUE_OR_PR
coderabbitai[bot],CamWass,PR_REVIEW_OR_APPROVAL
coderabbitai[bot],CamWass,PR_REVIEW_OR_APPROVAL
coderabbitai[bot],kovsu,COMMENT_ON_ISSUE_OR_PR
github-actions[bot],kovsu,COMMENT_ON_ISSUE_OR_PR
pkg-pr-new[bot],kovsu,COMMENT_ON_ISSUE_OR_PR
coderabbitai[bot],kovsu,PR_REVIEW_OR_APPROVAL
coderabbitai[bot],edison1105,COMMENT_ON_ISSUE_OR_PR
github-actions[bot],edison1105,COMMENT_ON_ISSUE_OR_PR
pkg-pr-new[bot],edison1105,COMMENT_ON_ISSUE_OR_PR
vue-bot,edison1105,COMMENT_ON_ISSUE_OR_PR
coderabbitai[bot],edison1105,PR_REVIEW_OR_APPROVAL
coderabbitai[bot],zhiyuanzmj,COMMENT_ON_ISSUE_OR_PR
github-actions[bot],zhiyuanzmj,COMMENT_ON_ISSUE_OR_PR
pkg-pr-new[bot],zhiyuanzmj,COMMENT_ON_ISSUE_OR_PR
edison1105,zhiyuanzmj,PR_MERGE
coderabbitai[bot],edison1105,COMMENT_ON_ISSUE_OR_PR
github-actions[bot],edison1105,COMMENT_ON_ISSUE_OR_PR
pkg-pr-new[bot],edison1105,COMMENT_ON_ISSUE_OR_PR
coderabbitai[bot],edison1105,COMMENT_ON_ISSUE_OR_PR
github-actions[bot],edison1105,COMMENT_ON_ISSUE_OR_PR
pkg-pr-new[bot],edison1105,COMMENT_ON_ISSUE_OR_PR
coderabbitai[bot],johnsoncodehk,COMMENT_ON_ISSUE_OR_PR
edison1105,johnsoncodehk,PR_MERGE
coderabbitai[bot],edison1105,COMMENT_ON_ISSUE_OR_PR
github-actions[bot],edison1105,COMMENT_ON_ISSUE_OR_PR
pkg-pr-new[bot],edison1105,COMMENT_ON_ISSUE_OR_PR
vue-bot,edison1105,COMMENT_ON_ISSUE_OR_PR
coderabbitai[bot],edison1105,COMMENT_ON_ISSUE_OR_PR
pkg-pr-new[bot],edison1105,COMMENT_ON_ISSUE_OR_PR
vue-bot,edison1105,COMMENT_ON_ISSUE_OR_PR
copilot-pull-request-reviewer[bot],edison1105,PR_REVIEW_OR_APPROVAL
coderabbitai[bot],Dylancyclone,COMMENT_ON_ISSUE_OR_PR
github-actions[bot],Dylancyclone,COMMENT_ON_ISSUE_OR_PR
pkg-pr-new[bot],Dylancyclone,COMMENT_ON_ISSUE_OR_PR
rijenkii,Dylancyclone,COMMENT_ON_ISSUE_OR_PR
edison1105,Dylancyclone,COMMENT_ON_ISSUE_OR_PR
vue-bot,Dylancyclone,COMMENT_ON_ISSUE_OR_PR
edison1105,Dylancyclone,PR_MERGE
coderabbitai[bot],LittleSound,COMMENT_ON_ISSUE_OR_PR
github-actions[bot],LittleSound,COMMENT_ON_ISSUE_OR_PR
pkg-pr-new[bot],LittleSound,COMMENT_ON_ISSUE_OR_PR
edison1105,LittleSound,PR_REVIEW_OR_APPROVAL
edison1105,LittleSound,PR_MERGE
coderabbitai[bot],edison1105,COMMENT_ON_ISSUE_OR_PR
github-actions[bot],edison1105,COMMENT_ON_ISSUE_OR_PR
pkg-pr-new[bot],edison1105,COMMENT_ON_ISSUE_OR_PR
LittleSound,edison1105,PR_REVIEW_OR_APPROVAL
coderabbitai[bot],edison1105,COMMENT_ON_ISSUE_OR_PR
github-actions[bot],edison1105,COMMENT_ON_ISSUE_OR_PR
pkg-pr-new[bot],edison1105,COMMENT_ON_ISSUE_OR_PR
yyx990803,edison1105,PR_MERGE
coderabbitai[bot],edison1105,COMMENT_ON_ISSUE_OR_PR
github-actions[bot],edison1105,COMMENT_ON_ISSUE_OR_PR
pkg-pr-new[bot],edison1105,COMMENT_ON_ISSUE_OR_PR
vue-bot,edison1105,COMMENT_ON_ISSUE_OR_PR
coderabbitai[bot],edison1105,COMMENT_ON_ISSUE_OR_PR
github-actions[bot],edison1105,COMMENT_ON_ISSUE_OR_PR
pkg-pr-new[bot],edison1105,COMMENT_ON_ISSUE_OR_PR
LittleSound,edison1105,PR_REVIEW_OR_APPROVAL
coderabbitai[bot],simon04,COMMENT_ON_ISSUE_OR_PR
github-actions[bot],simon04,COMMENT_ON_ISSUE_OR_PR
pkg-pr-new[bot],simon04,COMMENT_ON_ISSUE_OR_PR
coderabbitai[bot],simon04,PR_REVIEW_OR_APPROVAL
edison1105,simon04,PR_MERGE
coderabbitai[bot],edison1105,COMMENT_ON_ISSUE_OR_PR
github-actions[bot],edison1105,COMMENT_ON_ISSUE_OR_PR
pkg-pr-new[bot],edison1105,COMMENT_ON_ISSUE_OR_PR
coderabbitai[bot],edison1105,COMMENT_ON_ISSUE_OR_PR
pkg-pr-new[bot],edison1105,COMMENT_ON_ISSUE_OR_PR
github-actions[bot],edison1105,COMMENT_ON_ISSUE_OR_PR
vue-bot,edison1105,COMMENT_ON_ISSUE_OR_PR
netlify[bot],edison1105,COMMENT_ON_ISSUE_OR_PR
coderabbitai[bot],edison1105,COMMENT_ON_ISSUE_OR_PR
github-actions[bot],edison1105,COMMENT_ON_ISSUE_OR_PR
pkg-pr-new[bot],edison1105,COMMENT_ON_ISSUE_OR_PR
coderabbitai[bot],edison1105,COMMENT_ON_ISSUE_OR_PR
github-actions[bot],edison1105,COMMENT_ON_ISSUE_OR_PR
pkg-pr-new[bot],edison1105,COMMENT_ON_ISSUE_OR_PR
coderabbitai[bot],zhiyuanzmj,COMMENT_ON_ISSUE_OR_PR
coderabbitai[bot],zhiyuanzmj,COMMENT_ON_ISSUE_OR_PR
github-actions[bot],zhiyuanzmj,COMMENT_ON_ISSUE_OR_PR
pkg-pr-new[bot],zhiyuanzmj,COMMENT_ON_ISSUE_OR_PR
edison1105,zhiyuanzmj,PR_REVIEW_OR_APPROVAL
yyx990803,zhiyuanzmj,PR_MERGE
coderabbitai[bot],renovate[bot],COMMENT_ON_ISSUE_OR_PR
github-actions[bot],renovate[bot],COMMENT_ON_ISSUE_OR_PR
pkg-pr-new[bot],renovate[bot],COMMENT_ON_ISSUE_OR_PR
edison1105,renovate[bot],PR_MERGE
coderabbitai[bot],renovate[bot],COMMENT_ON_ISSUE_OR_PR
pkg-pr-new[bot],renovate[bot],COMMENT_ON_ISSUE_OR_PR
github-actions[bot],renovate[bot],COMMENT_ON_ISSUE_OR_PR
edison1105,renovate[bot],PR_MERGE
coderabbitai[bot],Fuzzyma,COMMENT_ON_ISSUE_OR_PR
netlify[bot],Fuzzyma,COMMENT_ON_ISSUE_OR_PR
netlify[bot],Fuzzyma,COMMENT_ON_ISSUE_OR_PR
github-actions[bot],Fuzzyma,COMMENT_ON_ISSUE_OR_PR
pkg-pr-new[bot],Fuzzyma,COMMENT_ON_ISSUE_OR_PR
gcaaa31928,Fuzzyma,COMMENT_ON_ISSUE_OR_PR
edison1105,Fuzzyma,COMMENT_ON_ISSUE_OR_PR
edison1105,Fuzzyma,COMMENT_ON_ISSUE_OR_PR
netlify[bot],Fuzzyma,COMMENT_ON_ISSUE_OR_PR
edison1105,Fuzzyma,COMMENT_ON_ISSUE_OR_PR
vue-bot,Fuzzyma,COMMENT_ON_ISSUE_OR_PR
coderabbitai[bot],Fuzzyma,PR_REVIEW_OR_APPROVAL
coderabbitai[bot],Fuzzyma,PR_REVIEW_OR_APPROVAL
edison1105,Fuzzyma,PR_MERGE
coderabbitai[bot],ilyaliao,COMMENT_ON_ISSUE_OR_PR
skirtles-code,ilyaliao,COMMENT_ON_ISSUE_OR_PR
Justineo,ilyaliao,COMMENT_ON_ISSUE_OR_PR
edison1105,ilyaliao,COMMENT_ON_ISSUE_OR_PR
netlify[bot],zhiyuanzmj,COMMENT_ON_ISSUE_OR_PR
coderabbitai[bot],zhiyuanzmj,COMMENT_ON_ISSUE_OR_PR
pkg-pr-new[bot],zhiyuanzmj,COMMENT_ON_ISSUE_OR_PR
coderabbitai[bot],johnsoncodehk,COMMENT_ON_ISSUE_OR_PR
github-actions[bot],johnsoncodehk,COMMENT_ON_ISSUE_OR_PR
pkg-pr-new[bot],johnsoncodehk,COMMENT_ON_ISSUE_OR_PR
vue-bot,johnsoncodehk,COMMENT_ON_ISSUE_OR_PR
edison1105,johnsoncodehk,PR_MERGE
coderabbitai[bot],edison1105,COMMENT_ON_ISSUE_OR_PR
github-actions[bot],edison1105,COMMENT_ON_ISSUE_OR_PR
pkg-pr-new[bot],edison1105,COMMENT_ON_ISSUE_OR_PR
coderabbitai[bot],KazariEX,COMMENT_ON_ISSUE_OR_PR
github-actions[bot],KazariEX,COMMENT_ON_ISSUE_OR_PR
pkg-pr-new[bot],KazariEX,COMMENT_ON_ISSUE_OR_PR
edison1105,KazariEX,COMMENT_ON_ISSUE_OR_PR
vue-bot,KazariEX,COMMENT_ON_ISSUE_OR_PR
skirtles-code,KazariEX,PR_REVIEW_OR_APPROVAL
skirtles-code,KazariEX,PR_REVIEW_OR_APPROVAL
coderabbitai[bot],KazariEX,PR_REVIEW_OR_APPROVAL
edison1105,KazariEX,PR_MERGE
coderabbitai[bot],KazariEX,COMMENT_ON_ISSUE_OR_PR
github-actions[bot],KazariEX,COMMENT_ON_ISSUE_OR_PR
pkg-pr-new[bot],KazariEX,COMMENT_ON_ISSUE_OR_PR
coderabbitai[bot],KazariEX,PR_REVIEW_OR_APPROVAL
edison1105,KazariEX,PR_REVIEW_OR_APPROVAL
edison1105,KazariEX,PR_REVIEW_OR_APPROVAL
edison1105,KazariEX,PR_MERGE
netlify[bot],zhiyuanzmj,COMMENT_ON_ISSUE_OR_PR
coderabbitai[bot],zhiyuanzmj,COMMENT_ON_ISSUE_OR_PR
pkg-pr-new[bot],zhiyuanzmj,COMMENT_ON_ISSUE_OR_PR
coderabbitai[bot],zhiyuanzmj,COMMENT_ON_ISSUE_OR_PR
netlify[bot],zhiyuanzmj,COMMENT_ON_ISSUE_OR_PR
pkg-pr-new[bot],zhiyuanzmj,COMMENT_ON_ISSUE_OR_PR
github-actions[bot],zhiyuanzmj,COMMENT_ON_ISSUE_OR_PR
edison1105,zhiyuanzmj,PR_REVIEW_OR_APPROVAL
edison1105,zhiyuanzmj,PR_MERGE
netlify[bot],edison1105,COMMENT_ON_ISSUE_OR_PR
coderabbitai[bot],edison1105,COMMENT_ON_ISSUE_OR_PR
pkg-pr-new[bot],edison1105,COMMENT_ON_ISSUE_OR_PR
coderabbitai[bot],zhangenming,COMMENT_ON_ISSUE_OR_PR
github-actions[bot],zhangenming,COMMENT_ON_ISSUE_OR_PR
pkg-pr-new[bot],zhangenming,COMMENT_ON_ISSUE_OR_PR
edison1105,zhangenming,COMMENT_ON_ISSUE_OR_PR
netlify[bot],edison1105,COMMENT_ON_ISSUE_OR_PR
coderabbitai[bot],edison1105,COMMENT_ON_ISSUE_OR_PR
pkg-pr-new[bot],edison1105,COMMENT_ON_ISSUE_OR_PR
coderabbitai[bot],linzhe141,COMMENT_ON_ISSUE_OR_PR
github-actions[bot],linzhe141,COMMENT_ON_ISSUE_OR_PR
pkg-pr-new[bot],linzhe141,COMMENT_ON_ISSUE_OR_PR
edison1105,linzhe141,COMMENT_ON_ISSUE_OR_PR
vue-bot,linzhe141,COMMENT_ON_ISSUE_OR_PR
coderabbitai[bot],linzhe141,PR_REVIEW_OR_APPROVAL
edison1105,linzhe141,PR_REVIEW_OR_APPROVAL
edison1105,linzhe141,PR_MERGE
netlify[bot],edison1105,COMMENT_ON_ISSUE_OR_PR
coderabbitai[bot],edison1105,COMMENT_ON_ISSUE_OR_PR
pkg-pr-new[bot],edison1105,COMMENT_ON_ISSUE_OR_PR
coderabbitai[bot],renovate[bot],COMMENT_ON_ISSUE_OR_PR
github-actions[bot],renovate[bot],COMMENT_ON_ISSUE_OR_PR
pkg-pr-new[bot],renovate[bot],COMMENT_ON_ISSUE_OR_PR
edison1105,renovate[bot],PR_MERGE
coderabbitai[bot],mjlxiaoma,COMMENT_ON_ISSUE_OR_PR
edison1105,mjlxiaoma,COMMENT_ON_ISSUE_OR_PR
edison1105,mjlxiaoma,COMMENT_ON_ISSUE_OR_PR
netlify[bot],edison1105,COMMENT_ON_ISSUE_OR_PR
coderabbitai[bot],edison1105,COMMENT_ON_ISSUE_OR_PR
pkg-pr-new[bot],edison1105,COMMENT_ON_ISSUE_OR_PR
github-actions[bot],edison1105,COMMENT_ON_ISSUE_OR_PR
netlify[bot],edison1105,COMMENT_ON_ISSUE_OR_PR
coderabbitai[bot],skirtles-code,COMMENT_ON_ISSUE_OR_PR
github-actions[bot],skirtles-code,COMMENT_ON_ISSUE_OR_PR
pkg-pr-new[bot],skirtles-code,COMMENT_ON_ISSUE_OR_PR
edison1105,skirtles-code,COMMENT_ON_ISSUE_OR_PR
vue-bot,skirtles-code,COMMENT_ON_ISSUE_OR_PR
coderabbitai[bot],skirtles-code,PR_REVIEW_OR_APPROVAL
edison1105,skirtles-code,PR_MERGE
coderabbitai[bot],zhiyuanzmj,COMMENT_ON_ISSUE_OR_PR
pkg-pr-new[bot],zhiyuanzmj,COMMENT_ON_ISSUE_OR_PR
github-actions[bot],zhiyuanzmj,COMMENT_ON_ISSUE_OR_PR
edison1105,zhiyuanzmj,COMMENT_ON_ISSUE_OR_PR
vue-bot,zhiyuanzmj,COMMENT_ON_ISSUE_OR_PR
sxzz,zhiyuanzmj,PR_REVIEW_OR_APPROVAL
sxzz,zhiyuanzmj,PR_REVIEW_OR_APPROVAL
edison1105,zhiyuanzmj,PR_MERGE
coderabbitai[bot],baozjj,COMMENT_ON_ISSUE_OR_PR
edison1105,baozjj,COMMENT_ON_ISSUE_OR_PR
coderabbitai[bot],baozjj,PR_REVIEW_OR_APPROVAL
coderabbitai[bot],renovate[bot],COMMENT_ON_ISSUE_OR_PR
github-actions[bot],renovate[bot],COMMENT_ON_ISSUE_OR_PR
pkg-pr-new[bot],renovate[bot],COMMENT_ON_ISSUE_OR_PR
edison1105,renovate[bot],PR_MERGE
coderabbitai[bot],renovate[bot],COMMENT_ON_ISSUE_OR_PR
github-actions[bot],renovate[bot],COMMENT_ON_ISSUE_OR_PR
pkg-pr-new[bot],renovate[bot],COMMENT_ON_ISSUE_OR_PR
edison1105,renovate[bot],PR_MERGE
coderabbitai[bot],alex-snezhko,COMMENT_ON_ISSUE_OR_PR
github-actions[bot],alex-snezhko,COMMENT_ON_ISSUE_OR_PR
pkg-pr-new[bot],alex-snezhko,COMMENT_ON_ISSUE_OR_PR
coderabbitai[bot],alex-snezhko,COMMENT_ON_ISSUE_OR_PR
github-actions[bot],alex-snezhko,COMMENT_ON_ISSUE_OR_PR
pkg-pr-new[bot],alex-snezhko,COMMENT_ON_ISSUE_OR_PR
edison1105,alex-snezhko,COMMENT_ON_ISSUE_OR_PR
vue-bot,alex-snezhko,COMMENT_ON_ISSUE_OR_PR
coderabbitai[bot],alex-snezhko,PR_REVIEW_OR_APPROVAL
coderabbitai[bot],alex-snezhko,PR_REVIEW_OR_APPROVAL
coderabbitai[bot],AriPerkkio,COMMENT_ON_ISSUE_OR_PR
edison1105,AriPerkkio,COMMENT_ON_ISSUE_OR_PR
edison1105,AriPerkkio,COMMENT_ON_ISSUE_OR_PR
coderabbitai[bot],importwu,COMMENT_ON_ISSUE_OR_PR
edison1105,importwu,COMMENT_ON_ISSUE_OR_PR
github-actions[bot],importwu,COMMENT_ON_ISSUE_OR_PR
pkg-pr-new[bot],importwu,COMMENT_ON_ISSUE_OR_PR
coderabbitai[bot],importwu,PR_REVIEW_OR_APPROVAL
coderabbitai[bot],importwu,COMMENT_ON_ISSUE_OR_PR
coderabbitai[bot],importwu,PR_REVIEW_OR_APPROVAL
coderabbitai[bot],importwu,COMMENT_ON_ISSUE_OR_PR
coderabbitai[bot],importwu,PR_REVIEW_OR_APPROVAL
netlify[bot],edison1105,COMMENT_ON_ISSUE_OR_PR
coderabbitai[bot],edison1105,COMMENT_ON_ISSUE_OR_PR
pkg-pr-new[bot],edison1105,COMMENT_ON_ISSUE_OR_PR
LittleSound,edison1105,PR_REVIEW_OR_APPROVAL
coderabbitai[bot],mashashavelskaya,COMMENT_ON_ISSUE_OR_PR
coderabbitai[bot],mashashavelskaya,PR_REVIEW_OR_APPROVAL
netlify[bot],edison1105,COMMENT_ON_ISSUE_OR_PR
coderabbitai[bot],edison1105,COMMENT_ON_ISSUE_OR_PR
pkg-pr-new[bot],edison1105,COMMENT_ON_ISSUE_OR_PR
zhiyuanzmj,edison1105,PR_REVIEW_OR_APPROVAL
LittleSound,edison1105,PR_REVIEW_OR_APPROVAL
netlify[bot],edison1105,COMMENT_ON_ISSUE_OR_PR
coderabbitai[bot],edison1105,COMMENT_ON_ISSUE_OR_PR
pkg-pr-new[bot],edison1105,COMMENT_ON_ISSUE_OR_PR
LittleSound,edison1105,PR_REVIEW_OR_APPROVAL
zhiyuanzmj,edison1105,PR_REVIEW_OR_APPROVAL
coderabbitai[bot],renovate[bot],COMMENT_ON_ISSUE_OR_PR
github-actions[bot],renovate[bot],COMMENT_ON_ISSUE_OR_PR
pkg-pr-new[bot],renovate[bot],COMMENT_ON_ISSUE_OR_PR
edison1105,renovate[bot],PR_MERGE
coderabbitai[bot],renovate[bot],COMMENT_ON_ISSUE_OR_PR
github-actions[bot],renovate[bot],COMMENT_ON_ISSUE_OR_PR
pkg-pr-new[bot],renovate[bot],COMMENT_ON_ISSUE_OR_PR
edison1105,renovate[bot],PR_MERGE
coderabbitai[bot],renovate[bot],COMMENT_ON_ISSUE_OR_PR
github-actions[bot],renovate[bot],COMMENT_ON_ISSUE_OR_PR
pkg-pr-new[bot],renovate[bot],COMMENT_ON_ISSUE_OR_PR
edison1105,renovate[bot],PR_MERGE
coderabbitai[bot],skirtles-code,COMMENT_ON_ISSUE_OR_PR
pkg-pr-new[bot],skirtles-code,COMMENT_ON_ISSUE_OR_PR
github-actions[bot],skirtles-code,COMMENT_ON_ISSUE_OR_PR
jh-leong,skirtles-code,COMMENT_ON_ISSUE_OR_PR
vue-bot,skirtles-code,COMMENT_ON_ISSUE_OR_PR
edison1105,skirtles-code,PR_MERGE
coderabbitai[bot],alex-snezhko,COMMENT_ON_ISSUE_OR_PR
pkg-pr-new[bot],alex-snezhko,COMMENT_ON_ISSUE_OR_PR
github-actions[bot],alex-snezhko,COMMENT_ON_ISSUE_OR_PR
coderabbitai[bot],edison1105,COMMENT_ON_ISSUE_OR_PR
github-actions[bot],edison1105,COMMENT_ON_ISSUE_OR_PR
pkg-pr-new[bot],edison1105,COMMENT_ON_ISSUE_OR_PR
niksy,edison1105,COMMENT_ON_ISSUE_OR_PR
niksy,edison1105,COMMENT_ON_ISSUE_OR_PR
niksy,edison1105,COMMENT_ON_ISSUE_OR_PR
vue-bot,edison1105,COMMENT_ON_ISSUE_OR_PR
coderabbitai[bot],alex-snezhko,COMMENT_ON_ISSUE_OR_PR
pkg-pr-new[bot],alex-snezhko,COMMENT_ON_ISSUE_OR_PR
github-actions[bot],alex-snezhko,COMMENT_ON_ISSUE_OR_PR
netlify[bot],alex-snezhko,COMMENT_ON_ISSUE_OR_PR
edison1105,alex-snezhko,COMMENT_ON_ISSUE_OR_PR
vue-bot,alex-snezhko,COMMENT_ON_ISSUE_OR_PR
coderabbitai[bot],alex-snezhko,PR_REVIEW_OR_APPROVAL
edison1105,alex-snezhko,PR_MERGE
coderabbitai[bot],skirtles-code,COMMENT_ON_ISSUE_OR_PR
github-actions[bot],skirtles-code,COMMENT_ON_ISSUE_OR_PR
pkg-pr-new[bot],skirtles-code,COMMENT_ON_ISSUE_OR_PR
edison1105,skirtles-code,COMMENT_ON_ISSUE_OR_PR
vue-bot,skirtles-code,COMMENT_ON_ISSUE_OR_PR
edison1105,skirtles-code,PR_MERGE
coderabbitai[bot],edison1105,COMMENT_ON_ISSUE_OR_PR
netlify[bot],edison1105,COMMENT_ON_ISSUE_OR_PR
pkg-pr-new[bot],edison1105,COMMENT_ON_ISSUE_OR_PR
netlify[bot],edison1105,COMMENT_ON_ISSUE_OR_PR
coderabbitai[bot],edison1105,COMMENT_ON_ISSUE_OR_PR
pkg-pr-new[bot],edison1105,COMMENT_ON_ISSUE_OR_PR
zhiyuanzmj,edison1105,PR_REVIEW_OR_APPROVAL
netlify[bot],edison1105,COMMENT_ON_ISSUE_OR_PR
coderabbitai[bot],edison1105,COMMENT_ON_ISSUE_OR_PR
pkg-pr-new[bot],edison1105,COMMENT_ON_ISSUE_OR_PR
github-actions[bot],edison1105,COMMENT_ON_ISSUE_OR_PR
yyx990803,edison1105,PR_REVIEW_OR_APPROVAL
yyx990803,edison1105,PR_REVIEW_OR_APPROVAL
netlify[bot],edison1105,COMMENT_ON_ISSUE_OR_PR
coderabbitai[bot],edison1105,COMMENT_ON_ISSUE_OR_PR
pkg-pr-new[bot],edison1105,COMMENT_ON_ISSUE_OR_PR
github-actions[bot],edison1105,COMMENT_ON_ISSUE_OR_PR
alex-snezhko,edison1105,PR_REVIEW_OR_APPROVAL
alex-snezhko,edison1105,PR_REVIEW_OR_APPROVAL
alex-snezhko,edison1105,PR_REVIEW_OR_APPROVAL
coderabbitai[bot],mayunhai,COMMENT_ON_ISSUE_OR_PR
github-actions[bot],mayunhai,COMMENT_ON_ISSUE_OR_PR
pkg-pr-new[bot],mayunhai,COMMENT_ON_ISSUE_OR_PR
coderabbitai[bot],mayunhai,PR_REVIEW_OR_APPROVAL
netlify[bot],edison1105,COMMENT_ON_ISSUE_OR_PR
coderabbitai[bot],edison1105,COMMENT_ON_ISSUE_OR_PR
pkg-pr-new[bot],edison1105,COMMENT_ON_ISSUE_OR_PR
zhiyuanzmj,edison1105,PR_REVIEW_OR_APPROVAL
coderabbitai[bot],edison1105,COMMENT_ON_ISSUE_OR_PR
github-actions[bot],edison1105,COMMENT_ON_ISSUE_OR_PR
pkg-pr-new[bot],edison1105,COMMENT_ON_ISSUE_OR_PR
vue-bot,edison1105,COMMENT_ON_ISSUE_OR_PR
coderabbitai[bot],edison1105,PR_REVIEW_OR_APPROVAL
coderabbitai[bot],edison1105,PR_REVIEW_OR_APPROVAL
coderabbitai[bot],edison1105,PR_REVIEW_OR_APPROVAL
netlify[bot],jh-leong,COMMENT_ON_ISSUE_OR_PR
coderabbitai[bot],jh-leong,COMMENT_ON_ISSUE_OR_PR
pkg-pr-new[bot],jh-leong,COMMENT_ON_ISSUE_OR_PR
edison1105,jh-leong,PR_MERGE
coderabbitai[bot],edison1105,COMMENT_ON_ISSUE_OR_PR
github-actions[bot],edison1105,COMMENT_ON_ISSUE_OR_PR
pkg-pr-new[bot],edison1105,COMMENT_ON_ISSUE_OR_PR
coderabbitai[bot],edison1105,PR_REVIEW_OR_APPROVAL
skirtles-code,edison1105,PR_REVIEW_OR_APPROVAL
coderabbitai[bot],eveningwater,COMMENT_ON_ISSUE_OR_PR
edison1105,eveningwater,COMMENT_ON_ISSUE_OR_PR
coderabbitai[bot],eveningwater,PR_REVIEW_OR_APPROVAL
coderabbitai[bot],eveningwater,PR_REVIEW_OR_APPROVAL
coderabbitai[bot],renovate[bot],COMMENT_ON_ISSUE_OR_PR
pkg-pr-new[bot],renovate[bot],COMMENT_ON_ISSUE_OR_PR
github-actions[bot],renovate[bot],COMMENT_ON_ISSUE_OR_PR
edison1105,renovate[bot],PR_MERGE
coderabbitai[bot],renovate[bot],COMMENT_ON_ISSUE_OR_PR
github-actions[bot],renovate[bot],COMMENT_ON_ISSUE_OR_PR
pkg-pr-new[bot],renovate[bot],COMMENT_ON_ISSUE_OR_PR
edison1105,renovate[bot],PR_MERGE
github-actions[bot],alex-snezhko,COMMENT_ON_ISSUE_OR_PR
pkg-pr-new[bot],alex-snezhko,COMMENT_ON_ISSUE_OR_PR
coderabbitai[bot],alex-snezhko,COMMENT_ON_ISSUE_OR_PR
edison1105,alex-snezhko,COMMENT_ON_ISSUE_OR_PR
vue-bot,alex-snezhko,COMMENT_ON_ISSUE_OR_PR
coderabbitai[bot],alex-snezhko,PR_REVIEW_OR_APPROVAL
edison1105,alex-snezhko,PR_REVIEW_OR_APPROVAL
coderabbitai[bot],alex-snezhko,PR_REVIEW_OR_APPROVAL
edison1105,alex-snezhko,PR_MERGE
coderabbitai[bot],thegoodduck,COMMENT_ON_ISSUE_OR_PR
edison1105,thegoodduck,COMMENT_ON_ISSUE_OR_PR
edison1105,thegoodduck,COMMENT_ON_ISSUE_OR_PR
skirtles-code,thegoodduck,COMMENT_ON_ISSUE_OR_PR
coderabbitai[bot],renovate[bot],COMMENT_ON_ISSUE_OR_PR
github-actions[bot],renovate[bot],COMMENT_ON_ISSUE_OR_PR
pkg-pr-new[bot],renovate[bot],COMMENT_ON_ISSUE_OR_PR
edison1105,renovate[bot],PR_MERGE
